{"type":"FeatureCollection", "features": [
{"type":"Feature","geometry":{"type":"Polygon","coordinates":[[[89.83525,26.41202],[89.84352,26.41131],[89.84944,26.41269],[89.85355,26.41232],[89.85487,26.41149],[89.85748,26.41198],[89.85715,26.4142],[89.84976,26.42046],[89.84916,26.42279],[89.85182,26.42267],[89.8549,26.42415],[89.85666,26.4261],[89.85772,26.42993],[89.85568,26.4326],[89.85821,26.43478],[89.85902,26.43636],[89.85856,26.43957],[89.86114,26.44236],[89.86266,26.44292],[89.8642,26.44676],[89.86578,26.4471],[89.87138,26.45073],[89.87215,26.45207],[89.87043,26.4567],[89.87296,26.46264],[89.87192,26.4655],[89.86863,26.46861],[89.86591,26.4683],[89.86482,26.46912],[89.86428,26.47407],[89.86261,26.4773],[89.86159,26.48188],[89.86237,26.48355],[89.85633,26.48539],[89.85414,26.48817],[89.85397,26.49183],[89.85436,26.4934],[89.85611,26.4952],[89.85685,26.4971],[89.85873,26.49964],[89.85683,26.50076],[89.85728,26.50258],[89.85676,26.5066],[89.85858,26.51043],[89.85878,26.51261],[89.85604,26.51478],[89.8561,26.51843],[89.85728,26.52173],[89.86028,26.52443],[89.86294,26.53003],[89.86586,26.53228],[89.86586,26.53511],[89.86442,26.53981],[89.86318,26.54164],[89.86398,26.54421],[89.86899,26.55387],[89.86808,26.55701],[89.86736,26.56948],[89.86449,26.57324],[89.86599,26.57677],[89.87116,26.57907],[89.87292,26.5783],[89.8826,26.58339],[89.88188,26.58498],[89.87901,26.5871],[89.87567,26.58869],[89.87397,26.59039],[89.87423,26.59387],[89.87554,26.5981],[89.87822,26.60304],[89.87953,26.6093],[89.87842,26.61553],[89.87672,26.6163],[89.87306,26.61536],[89.86835,26.61495],[89.86415,26.61573],[89.86314,26.61634],[89.85949,26.6212],[89.85825,26.62338],[89.85838,26.62762],[89.85916,26.62956],[89.86073,26.631],[89.86713,26.63495],[89.87164,26.64262],[89.87524,26.64457],[89.87693,26.64851],[89.87537,26.65009],[89.87373,26.65292],[89.87046,26.65533],[89.87013,26.65783],[89.87078,26.66065],[89.87419,26.66672],[89.87346,26.67142],[89.87235,26.67248],[89.87379,26.67648],[89.87477,26.68227],[89.87373,26.68556],[89.86804,26.69327],[89.86243,26.70147],[89.86057,26.70193],[89.84071,26.70582],[89.82559,26.70862],[89.81235,26.71063],[89.80659,26.71059],[89.77445,26.70172],[89.77137,26.701],[89.76667,26.70411],[89.76437,26.71024],[89.7616,26.71414],[89.75898,26.71539],[89.75735,26.71548],[89.75484,26.71749],[89.75471,26.7195],[89.75566,26.72282],[89.75804,26.72457],[89.75868,26.72883],[89.75638,26.73204],[89.7528,26.73531],[89.75053,26.7336],[89.74884,26.73365],[89.7482,26.73181],[89.74526,26.73024],[89.74473,26.72882],[89.74186,26.72967],[89.73918,26.72935],[89.7341,26.72709],[89.73215,26.72472],[89.73119,26.72561],[89.72802,26.72354],[89.72353,26.72258],[89.72187,26.72521],[89.71846,26.72735],[89.71791,26.72976],[89.7147,26.73021],[89.71044,26.73019],[89.7077,26.73118],[89.70415,26.73387],[89.70027,26.73734],[89.69479,26.73585],[89.69126,26.73447],[89.6899,26.73308],[89.68398,26.7359],[89.68258,26.73616],[89.68078,26.73785],[89.67685,26.73968],[89.67514,26.74],[89.67017,26.73941],[89.66952,26.73775],[89.66948,26.732],[89.6678,26.72955],[89.66508,26.72736],[89.66454,26.72546],[89.66272,26.72402],[89.6597,26.71947],[89.65524,26.71782],[89.64995,26.71734],[89.64895,26.7177],[89.64847,26.72012],[89.64479,26.72207],[89.63969,26.72237],[89.63849,26.72365],[89.63513,26.72501],[89.6311,26.71883],[89.62943,26.71952],[89.6274,26.71755],[89.62378,26.71845],[89.62293,26.72111],[89.62311,26.72345],[89.62147,26.7252],[89.61845,26.72658],[89.61705,26.72807],[89.61904,26.732],[89.62116,26.7339],[89.62244,26.73669],[89.62282,26.73915],[89.62533,26.74019],[89.62667,26.74198],[89.63201,26.7437],[89.6334,26.74562],[89.63708,26.74664],[89.64004,26.74654],[89.64352,26.74854],[89.64456,26.75176],[89.64572,26.75276],[89.6452,26.75606],[89.64389,26.76034],[89.64765,26.76167],[89.6477,26.76376],[89.65057,26.76692],[89.65284,26.76736],[89.6527,26.77037],[89.65188,26.77169],[89.65058,26.7763],[89.6467,26.77802],[89.6465,26.77685],[89.64389,26.77728],[89.64216,26.78043],[89.63863,26.78226],[89.635,26.78152],[89.6315,26.78301],[89.62863,26.78131],[89.62743,26.78133],[89.62536,26.77982],[89.6233,26.77982],[89.62105,26.77796],[89.61996,26.78047],[89.61841,26.78237],[89.61396,26.78605],[89.60764,26.78755],[89.60534,26.78774],[89.60003,26.78727],[89.59732,26.79051],[89.59391,26.7921],[89.58985,26.79226],[89.58781,26.79192],[89.584,26.79428],[89.57855,26.79599],[89.57577,26.79585],[89.56875,26.79941],[89.5659,26.79935],[89.56619,26.80103],[89.5653,26.80348],[89.56208,26.80609],[89.56192,26.80821],[89.56067,26.81001],[89.5601,26.81287],[89.55174,26.81179],[89.55096,26.8121],[89.54828,26.80925],[89.5448,26.81073],[89.5433,26.81227],[89.53901,26.81215],[89.53417,26.81468],[89.53262,26.81396],[89.53063,26.81446],[89.52811,26.81279],[89.52571,26.8127],[89.52447,26.81418],[89.52242,26.81426],[89.51914,26.81244],[89.51547,26.81322],[89.51324,26.81424],[89.5115,26.81413],[89.50823,26.81222],[89.50624,26.80949],[89.5034,26.80766],[89.50164,26.80596],[89.49804,26.80411],[89.49463,26.80317],[89.49132,26.80355],[89.48791,26.80285],[89.48509,26.80318],[89.48249,26.80457],[89.48121,26.80174],[89.47601,26.80285],[89.46953,26.80269],[89.46104,26.80608],[89.45425,26.8136],[89.45007,26.81799],[89.44897,26.8264],[89.45038,26.83074],[89.43948,26.84034],[89.43854,26.8404],[89.43217,26.83814],[89.42285,26.83604],[89.41382,26.84034],[89.40647,26.84066],[89.39588,26.84151],[89.38977,26.84185],[89.38364,26.85908],[89.37898,26.86218],[89.3581,26.85456],[89.32681,26.84323],[89.32494,26.84626],[89.32312,26.85111],[89.321,26.85156],[89.3185,26.85132],[89.31751,26.85015],[89.31147,26.84556],[89.3058,26.84442],[89.30284,26.84228],[89.301,26.84228],[89.29832,26.84042],[89.29473,26.83926],[89.29146,26.83645],[89.28886,26.8348],[89.28109,26.83096],[89.27947,26.82715],[89.27855,26.82657],[89.27631,26.82785],[89.27389,26.82765],[89.27114,26.82531],[89.26845,26.82117],[89.26642,26.81999],[89.26577,26.8185],[89.26409,26.81798],[89.2638,26.81584],[89.2624,26.81378],[89.25229,26.816],[89.24744,26.81682],[89.23936,26.81869],[89.22729,26.81816],[89.21117,26.81475],[89.19351,26.81078],[89.17658,26.81909],[89.175,26.8188],[89.16176,26.81495],[89.13448,26.80764],[89.1303,26.8136],[89.12409,26.82199],[89.11537,26.82421],[89.10252,26.842],[89.10075,26.84251],[89.10004,26.84188],[89.0979,26.83344],[89.09354,26.8311],[89.09206,26.8307],[89.09223,26.8283],[89.09169,26.82533],[89.09283,26.82087],[89.09268,26.8194],[89.09871,26.81835],[89.09935,26.81735],[89.09817,26.81362],[89.09864,26.80977],[89.09817,26.80738],[89.09551,26.80487],[89.09422,26.80146],[89.09175,26.79934],[89.09152,26.7979],[89.09225,26.79397],[89.09219,26.79019],[89.09057,26.78601],[89.08957,26.78463],[89.0841,26.77953],[89.0809,26.77581],[89.07783,26.76535],[89.07523,26.76193],[89.07449,26.75959],[89.07816,26.75359],[89.07927,26.75005],[89.08124,26.7488],[89.08133,26.7477],[89.07816,26.74568],[89.0761,26.7433],[89.07735,26.73892],[89.07802,26.73295],[89.08,26.73246],[89.08047,26.72987],[89.08217,26.72957],[89.08128,26.72751],[89.07938,26.72768],[89.07942,26.72926],[89.07705,26.72877],[89.07556,26.72706],[89.07462,26.72322],[89.07169,26.71832],[89.07049,26.7172],[89.07056,26.70734],[89.06898,26.70466],[89.06932,26.70054],[89.06856,26.69786],[89.06574,26.69296],[89.06652,26.6906],[89.06408,26.68885],[89.06539,26.68745],[89.06477,26.68402],[89.06269,26.68279],[89.06178,26.68079],[89.06172,26.67485],[89.06315,26.6738],[89.06418,26.67143],[89.06017,26.66595],[89.05851,26.66186],[89.0545,26.65912],[89.05398,26.65603],[89.05272,26.65576],[89.04964,26.64844],[89.04793,26.64806],[89.04861,26.64449],[89.04634,26.64259],[89.04716,26.63991],[89.04511,26.63841],[89.04499,26.63646],[89.04733,26.63204],[89.04878,26.63071],[89.04846,26.62917],[89.05015,26.62576],[89.04742,26.62456],[89.0494,26.62296],[89.05115,26.62422],[89.05245,26.62404],[89.05361,26.62132],[89.05063,26.62027],[89.04969,26.61937],[89.05261,26.61617],[89.05313,26.61134],[89.05044,26.61052],[89.05148,26.60886],[89.05338,26.60965],[89.0562,26.60969],[89.05856,26.61167],[89.06119,26.61103],[89.06119,26.60785],[89.0621,26.60643],[89.06213,26.6044],[89.06389,26.60434],[89.0658,26.60157],[89.06658,26.59779],[89.06907,26.59708],[89.07208,26.5981],[89.07461,26.59589],[89.07257,26.59417],[89.07474,26.59321],[89.07697,26.59524],[89.07785,26.59722],[89.07927,26.59738],[89.0806,26.59574],[89.08076,26.59245],[89.0829,26.59235],[89.08546,26.59655],[89.08708,26.59579],[89.08662,26.59236],[89.08883,26.59264],[89.08983,26.59529],[89.09164,26.59663],[89.09382,26.59448],[89.09404,26.59195],[89.09712,26.59211],[89.1001,26.5915],[89.10259,26.59325],[89.10513,26.59205],[89.10528,26.59025],[89.10269,26.58838],[89.10409,26.58585],[89.10654,26.5892],[89.10729,26.5917],[89.10943,26.59109],[89.10755,26.58801],[89.10761,26.58595],[89.1067,26.58403],[89.10489,26.58222],[89.10529,26.57655],[89.1025,26.57655],[89.10162,26.57486],[89.10315,26.57344],[89.10253,26.57121],[89.10396,26.56844],[89.10227,26.56777],[89.09946,26.56835],[89.09884,26.56622],[89.10179,26.56183],[89.10418,26.5618],[89.10626,26.56392],[89.10787,26.56408],[89.11111,26.56056],[89.11069,26.5587],[89.10561,26.55808],[89.10415,26.55544],[89.10593,26.55308],[89.10833,26.55268],[89.11283,26.54872],[89.11244,26.5452],[89.11435,26.5427],[89.11374,26.54168],[89.11111,26.54185],[89.10901,26.54033],[89.10872,26.53867],[89.10979,26.53658],[89.11289,26.53489],[89.11607,26.53472],[89.11684,26.53585],[89.11688,26.54004],[89.1182,26.54037],[89.11931,26.53776],[89.11879,26.53342],[89.11947,26.53246],[89.12274,26.53122],[89.12384,26.52776],[89.12125,26.52563],[89.12138,26.52411],[89.12328,26.52251],[89.12628,26.52127],[89.13063,26.52077],[89.1325,26.51924],[89.138,26.5191],[89.14094,26.5182],[89.14581,26.51771],[89.14733,26.51835],[89.15109,26.51676],[89.15379,26.51504],[89.158,26.5139],[89.15864,26.51208],[89.16206,26.51166],[89.1647,26.50982],[89.16721,26.50907],[89.16965,26.50691],[89.17408,26.50495],[89.17495,26.50361],[89.17955,26.50133],[89.18218,26.50085],[89.18546,26.50176],[89.18824,26.50482],[89.19051,26.5052],[89.19174,26.50637],[89.19155,26.51007],[89.19481,26.50943],[89.2075,26.50625],[89.22019,26.50437],[89.2234,26.50314],[89.22594,26.50317],[89.23137,26.5019],[89.2369,26.49793],[89.24038,26.49629],[89.24371,26.49171],[89.24469,26.49122],[89.24974,26.49102],[89.26242,26.48979],[89.26772,26.48905],[89.28004,26.48613],[89.28434,26.48793],[89.28755,26.48734],[89.2938,26.48794],[89.29907,26.48642],[89.30476,26.48167],[89.30748,26.48179],[89.31013,26.48497],[89.31541,26.48435],[89.31896,26.48528],[89.32244,26.48853],[89.32576,26.49484],[89.32785,26.49393],[89.33498,26.48964],[89.34173,26.48679],[89.34359,26.48686],[89.34757,26.48919],[89.35114,26.49237],[89.35522,26.49654],[89.35689,26.49655],[89.35905,26.49375],[89.36382,26.49163],[89.36657,26.48931],[89.37614,26.47806],[89.37821,26.47631],[89.37858,26.47418],[89.38213,26.47368],[89.38314,26.47067],[89.38543,26.46971],[89.38817,26.46592],[89.39435,26.46431],[89.40156,26.4647],[89.40393,26.46573],[89.40794,26.4697],[89.41199,26.47157],[89.41626,26.47075],[89.41965,26.47082],[89.42101,26.46887],[89.43069,26.46853],[89.43262,26.46951],[89.43912,26.46934],[89.44002,26.47076],[89.44188,26.47085],[89.44226,26.47285],[89.44366,26.47445],[89.44375,26.47593],[89.44796,26.47533],[89.44969,26.47653],[89.45239,26.47685],[89.45255,26.48225],[89.45372,26.48363],[89.45455,26.49053],[89.46352,26.48897],[89.47136,26.48866],[89.47232,26.48751],[89.47561,26.4872],[89.47916,26.48625],[89.47976,26.48446],[89.48222,26.48309],[89.48395,26.48396],[89.48685,26.48304],[89.48924,26.48332],[89.49033,26.48113],[89.49256,26.47996],[89.4955,26.48113],[89.49587,26.47954],[89.49278,26.47771],[89.49542,26.47565],[89.49473,26.47277],[89.49718,26.47158],[89.49974,26.4731],[89.50192,26.47349],[89.50294,26.47157],[89.50235,26.47073],[89.50431,26.46871],[89.50821,26.4726],[89.50937,26.47241],[89.51228,26.47603],[89.51391,26.47636],[89.51411,26.4742],[89.51852,26.47171],[89.52063,26.47155],[89.52276,26.47237],[89.52492,26.47644],[89.52592,26.47685],[89.52854,26.47617],[89.52917,26.47189],[89.53146,26.47064],[89.53613,26.47259],[89.53753,26.46995],[89.53646,26.46494],[89.53492,26.46284],[89.53819,26.46245],[89.54148,26.46063],[89.54165,26.45797],[89.54051,26.45635],[89.53718,26.45378],[89.54432,26.45168],[89.54396,26.44961],[89.54233,26.44836],[89.53826,26.44675],[89.53863,26.44456],[89.54166,26.44472],[89.54648,26.44624],[89.54701,26.44532],[89.54933,26.44479],[89.5483,26.44093],[89.54915,26.4394],[89.55199,26.43911],[89.55274,26.43586],[89.55223,26.43156],[89.55472,26.43109],[89.55602,26.43184],[89.55883,26.42977],[89.55844,26.42752],[89.55744,26.42612],[89.55515,26.42584],[89.55109,26.42706],[89.5502,26.42614],[89.55238,26.4242],[89.55658,26.42254],[89.55699,26.41946],[89.55571,26.41878],[89.54973,26.41879],[89.54908,26.41647],[89.54965,26.41508],[89.55759,26.41506],[89.55834,26.41256],[89.55706,26.4102],[89.56242,26.40976],[89.56453,26.4103],[89.5663,26.41243],[89.56789,26.41323],[89.56983,26.41628],[89.57185,26.41832],[89.56959,26.41902],[89.56859,26.42231],[89.56586,26.42176],[89.5641,26.4235],[89.56543,26.42504],[89.56382,26.4266],[89.56366,26.42794],[89.56766,26.42781],[89.57274,26.4251],[89.57746,26.42633],[89.58401,26.42984],[89.58511,26.42827],[89.59014,26.42354],[89.59364,26.41994],[89.60044,26.41124],[89.60283,26.41028],[89.60348,26.40802],[89.60706,26.40449],[89.61692,26.39646],[89.61885,26.39533],[89.62075,26.39738],[89.61973,26.39988],[89.62472,26.39986],[89.62621,26.40558],[89.62623,26.40713],[89.62788,26.40808],[89.62714,26.41117],[89.62394,26.41337],[89.62279,26.41644],[89.62427,26.41985],[89.62689,26.42017],[89.62689,26.41889],[89.62858,26.41632],[89.63282,26.41773],[89.63707,26.41793],[89.63753,26.41878],[89.64029,26.41846],[89.64759,26.41941],[89.65107,26.41965],[89.65132,26.42336],[89.65433,26.42297],[89.65639,26.42454],[89.659,26.42966],[89.6616,26.43137],[89.6577,26.43171],[89.65936,26.43319],[89.65963,26.43582],[89.66182,26.43591],[89.6617,26.43427],[89.66416,26.43436],[89.6655,26.43648],[89.67197,26.43579],[89.67776,26.43485],[89.67747,26.43303],[89.67593,26.42958],[89.68203,26.42851],[89.6826,26.42942],[89.68754,26.42948],[89.68916,26.42697],[89.69331,26.42679],[89.69251,26.42237],[89.69923,26.42132],[89.70261,26.42405],[89.7053,26.42437],[89.70714,26.42623],[89.71087,26.42729],[89.71112,26.43449],[89.71494,26.43367],[89.71852,26.43378],[89.72204,26.43451],[89.7243,26.43558],[89.72591,26.4375],[89.72624,26.44243],[89.7284,26.44431],[89.73343,26.4425],[89.7388,26.4455],[89.73958,26.44503],[89.74194,26.44008],[89.74321,26.43907],[89.74716,26.43867],[89.74776,26.4408],[89.7481,26.44615],[89.74777,26.44915],[89.74628,26.4511],[89.74501,26.45596],[89.74833,26.45667],[89.74928,26.46011],[89.74879,26.46325],[89.75352,26.46367],[89.7586,26.46469],[89.77025,26.46465],[89.77274,26.4652],[89.78502,26.46186],[89.79459,26.46179],[89.81842,26.45993],[89.82776,26.45939],[89.83099,26.46272],[89.83156,26.46745],[89.82961,26.46748],[89.8293,26.46923],[89.82738,26.46921],[89.82676,26.46804],[89.82451,26.46846],[89.82582,26.47086],[89.84716,26.46935],[89.84968,26.4704],[89.85107,26.46847],[89.85498,26.4672],[89.85807,26.46461],[89.86371,26.46443],[89.86431,26.46373],[89.86302,26.46058],[89.8632,26.45713],[89.86191,26.45474],[89.85945,26.45503],[89.85813,26.45623],[89.85619,26.4555],[89.8534,26.45562],[89.85286,26.45324],[89.85114,26.45235],[89.85144,26.4509],[89.85078,26.44791],[89.85403,26.44751],[89.8539,26.44449],[89.84752,26.44463],[89.84613,26.44607],[89.83595,26.44686],[89.8298,26.44772],[89.83188,26.44565],[89.83163,26.44286],[89.83349,26.44126],[89.83232,26.43918],[89.83088,26.43906],[89.82506,26.44062],[89.82451,26.43913],[89.82405,26.43477],[89.82281,26.43138],[89.83375,26.43131],[89.83512,26.43028],[89.83278,26.42818],[89.8315,26.42598],[89.83137,26.42382],[89.82985,26.4227],[89.8302,26.4178],[89.83189,26.41592],[89.83458,26.41661],[89.83525,26.41202]]]},"properties":{"OBJECTID":440,"dtname":"Alipurduar","stname":"West Bengal","stcode11":"19","dtcode11":"774","year_stat":"2014_c","dist_lgd":664,"state_lgd":19,"SHAPE_Length":396963.0150861098,"SHAPE_Area":3516279505.2446947,"remarks":" ","d_pan_code":263853,"d_pan_name":"Alipurduar","New_Name":"Alipurduar","mached":"-1"},"id":440},
{"type":"Feature","geometry":{"type":"Polygon","coordinates":[[[87.54295,23.31813],[87.53669,23.32288],[87.52667,23.33501],[87.52233,23.33811],[87.52019,23.33832],[87.51403,23.34141],[87.50662,23.34543],[87.5021,23.3476],[87.49921,23.34856],[87.49115,23.35622],[87.49033,23.35909],[87.48819,23.36218],[87.48131,23.36966],[87.47748,23.37428],[87.47384,23.37561],[87.47209,23.37903],[87.4683,23.38319],[87.46157,23.38928],[87.4599,23.39167],[87.4562,23.39443],[87.45326,23.39731],[87.45086,23.39886],[87.44909,23.40149],[87.4449,23.4053],[87.4417,23.40865],[87.43459,23.4127],[87.43026,23.41434],[87.4278,23.41693],[87.41953,23.42004],[87.41725,23.42192],[87.41507,23.42459],[87.41126,23.42716],[87.40695,23.42866],[87.40317,23.4309],[87.39876,23.43186],[87.39599,23.43355],[87.39103,23.43398],[87.38516,23.43673],[87.38352,23.43715],[87.37751,23.44013],[87.36905,23.44641],[87.36238,23.44949],[87.35996,23.45118],[87.35511,23.45691],[87.35238,23.45911],[87.34751,23.46215],[87.34377,23.46493],[87.33671,23.46881],[87.33094,23.47143],[87.32394,23.4733],[87.31992,23.47513],[87.31708,23.47592],[87.31577,23.47688],[87.31295,23.47758],[87.31171,23.47888],[87.30893,23.47978],[87.30285,23.48261],[87.29808,23.48679],[87.29391,23.49006],[87.28796,23.49349],[87.28488,23.49488],[87.28083,23.49719],[87.27899,23.49903],[87.27472,23.50065],[87.27357,23.50201],[87.27234,23.50484],[87.27077,23.50699],[87.26672,23.51012],[87.26201,23.51284],[87.25676,23.5153],[87.25369,23.51585],[87.24853,23.51932],[87.2446,23.52475],[87.24254,23.52832],[87.23843,23.5314],[87.23511,23.5348],[87.2337,23.53681],[87.23162,23.53818],[87.22794,23.54137],[87.22324,23.54499],[87.21855,23.54942],[87.21674,23.55029],[87.21153,23.55673],[87.20869,23.55813],[87.2014,23.559],[87.19732,23.56048],[87.19382,23.56245],[87.19162,23.56433],[87.18884,23.56544],[87.18711,23.56549],[87.18451,23.56685],[87.17739,23.56592],[87.17349,23.56509],[87.16818,23.56584],[87.16594,23.56552],[87.16007,23.56671],[87.1554,23.56856],[87.15434,23.57016],[87.15058,23.57251],[87.1466,23.57324],[87.14247,23.57292],[87.13752,23.57394],[87.12764,23.57648],[87.12185,23.5764],[87.11312,23.58111],[87.10747,23.58378],[87.10386,23.58681],[87.09745,23.58982],[87.09513,23.59289],[87.09376,23.59393],[87.09124,23.59461],[87.08871,23.59663],[87.08208,23.59866],[87.0796,23.59851],[87.07436,23.60076],[87.07135,23.60172],[87.06832,23.6037],[87.06389,23.60769],[87.06254,23.60845],[87.06022,23.61168],[87.05293,23.61468],[87.04397,23.61655],[87.03966,23.61725],[87.03672,23.61726],[87.03373,23.61802],[87.02835,23.6221],[87.02096,23.62872],[87.01894,23.63014],[87.01336,23.63252],[87.00882,23.63288],[87.00133,23.63159],[86.99841,23.63243],[86.99667,23.6335],[86.98673,23.63194],[86.98386,23.63109],[86.97829,23.62863],[86.97534,23.62816],[86.97184,23.62699],[86.96403,23.63],[86.96023,23.63229],[86.95723,23.63315],[86.95373,23.63312],[86.9484,23.63223],[86.93835,23.63147],[86.93327,23.63151],[86.92797,23.63076],[86.92227,23.62962],[86.91878,23.62927],[86.9122,23.63053],[86.90846,23.63244],[86.90532,23.63492],[86.90236,23.63814],[86.90242,23.63209],[86.90165,23.62966],[86.89866,23.62826],[86.89549,23.62808],[86.89582,23.6266],[86.89445,23.62585],[86.89587,23.62429],[86.89578,23.62096],[86.89686,23.61987],[86.89701,23.61718],[86.89642,23.61489],[86.89527,23.6133],[86.89575,23.60972],[86.89486,23.60587],[86.89112,23.60317],[86.88837,23.60234],[86.88827,23.59931],[86.89067,23.59507],[86.89122,23.59106],[86.89039,23.58781],[86.88894,23.58735],[86.88805,23.5856],[86.88774,23.58275],[86.88968,23.58037],[86.89018,23.57865],[86.89245,23.57616],[86.89215,23.57499],[86.88891,23.57383],[86.88504,23.57346],[86.88447,23.57222],[86.88276,23.57193],[86.88225,23.57431],[86.88132,23.57549],[86.87705,23.57326],[86.87357,23.57218],[86.87036,23.57012],[86.86778,23.57078],[86.8658,23.57008],[86.86439,23.56759],[86.87551,23.56765],[86.87941,23.56712],[86.88059,23.56358],[86.87947,23.5603],[86.88009,23.55795],[86.87868,23.5568],[86.87976,23.55556],[86.88334,23.55788],[86.88555,23.55726],[86.88528,23.55425],[86.88616,23.55135],[86.88455,23.54494],[86.88249,23.53967],[86.88291,23.53685],[86.88445,23.5367],[86.88988,23.53844],[86.89275,23.53774],[86.8953,23.53512],[86.89711,23.53048],[86.89665,23.52804],[86.89377,23.5191],[86.89441,23.51161],[86.897,23.50976],[86.89764,23.50623],[86.89774,23.5032],[86.90117,23.50181],[86.90395,23.49875],[86.90624,23.49504],[86.90605,23.4925],[86.89955,23.49308],[86.89696,23.49383],[86.89278,23.49423],[86.88816,23.49587],[86.8829,23.49657],[86.88108,23.49406],[86.88055,23.4907],[86.87982,23.48941],[86.8745,23.48926],[86.87105,23.48642],[86.87229,23.48358],[86.87175,23.47986],[86.8705,23.47563],[86.87254,23.47334],[86.87275,23.47072],[86.86558,23.46199],[86.8626,23.46334],[86.85805,23.46595],[86.85124,23.46597],[86.84633,23.4665],[86.84363,23.46525],[86.84093,23.46598],[86.83917,23.46481],[86.83578,23.46473],[86.83319,23.46532],[86.8297,23.46488],[86.82654,23.46606],[86.82702,23.46111],[86.82339,23.45773],[86.82435,23.45473],[86.8232,23.45219],[86.82382,23.4506],[86.82644,23.44869],[86.82693,23.44741],[86.82495,23.44078],[86.8257,23.43663],[86.83057,23.43653],[86.83633,23.43453],[86.83712,23.4387],[86.84089,23.43969],[86.84586,23.43589],[86.85536,23.44175],[86.86116,23.44022],[86.86206,23.43818],[86.86606,23.43602],[86.86579,23.43427],[86.86362,23.43149],[86.86361,23.42912],[86.8623,23.42636],[86.85989,23.42761],[86.85889,23.42544],[86.85678,23.42382],[86.85663,23.42161],[86.85435,23.42164],[86.85293,23.41998],[86.85048,23.41988],[86.85086,23.41778],[86.84976,23.41638],[86.85066,23.41396],[86.8494,23.41192],[86.84908,23.40807],[86.84779,23.40542],[86.84966,23.40393],[86.85048,23.40154],[86.85238,23.40052],[86.85283,23.39835],[86.85428,23.39628],[86.85261,23.39321],[86.85012,23.39025],[86.85009,23.38878],[86.85165,23.38518],[86.84915,23.38452],[86.84581,23.38167],[86.84436,23.38243],[86.84177,23.38144],[86.8377,23.38441],[86.83677,23.38447],[86.83218,23.38036],[86.83101,23.37994],[86.83304,23.37686],[86.83742,23.3745],[86.83632,23.37132],[86.835,23.36947],[86.83504,23.36613],[86.83564,23.36375],[86.83201,23.35802],[86.83091,23.35919],[86.82594,23.3604],[86.8234,23.36159],[86.82064,23.36041],[86.81854,23.36012],[86.81593,23.36112],[86.81555,23.35822],[86.81197,23.35469],[86.81114,23.35325],[86.81194,23.34808],[86.81011,23.3456],[86.81018,23.34072],[86.80688,23.34298],[86.8035,23.34288],[86.79915,23.34104],[86.79761,23.34238],[86.79406,23.34197],[86.79268,23.34101],[86.79015,23.34122],[86.78891,23.34013],[86.78898,23.33855],[86.78694,23.33525],[86.78732,23.33309],[86.78604,23.33026],[86.78731,23.3232],[86.78553,23.31743],[86.78491,23.31346],[86.78509,23.30933],[86.78653,23.30392],[86.78733,23.30296],[86.79091,23.30068],[86.79187,23.29899],[86.78988,23.29839],[86.78723,23.29864],[86.78673,23.29732],[86.78012,23.29649],[86.77916,23.29611],[86.77833,23.29369],[86.77951,23.29185],[86.7793,23.28918],[86.78001,23.28619],[86.78273,23.28313],[86.78297,23.28061],[86.78726,23.27626],[86.78353,23.27547],[86.78062,23.2733],[86.78186,23.26965],[86.78064,23.26811],[86.78029,23.26601],[86.78104,23.26353],[86.78398,23.26155],[86.78456,23.26051],[86.78307,23.25898],[86.78144,23.2551],[86.7807,23.25068],[86.78184,23.2491],[86.78119,23.2463],[86.77949,23.2421],[86.77754,23.2415],[86.77724,23.24416],[86.77422,23.24497],[86.77022,23.24115],[86.77145,23.23998],[86.77153,23.23785],[86.77453,23.23731],[86.77468,23.23547],[86.77821,23.2322],[86.78005,23.23217],[86.78245,23.22944],[86.78163,23.22767],[86.78166,23.22529],[86.78295,23.22325],[86.78511,23.22253],[86.78515,23.22065],[86.78611,23.21843],[86.78728,23.21756],[86.78734,23.21589],[86.79011,23.21263],[86.79084,23.21121],[86.789,23.21023],[86.79006,23.20903],[86.78579,23.2041],[86.78431,23.20452],[86.78324,23.20195],[86.78049,23.20128],[86.77976,23.20038],[86.77681,23.20068],[86.77584,23.20141],[86.77038,23.20339],[86.76797,23.20333],[86.76308,23.20011],[86.76143,23.20041],[86.75851,23.1976],[86.75725,23.19323],[86.75852,23.19102],[86.75862,23.18892],[86.75807,23.18183],[86.75974,23.18128],[86.75902,23.17666],[86.75667,23.17351],[86.755,23.17194],[86.75149,23.17289],[86.75161,23.17139],[86.75423,23.16917],[86.75234,23.16714],[86.75234,23.16558],[86.74715,23.16633],[86.7462,23.16793],[86.74485,23.16767],[86.74202,23.16585],[86.74075,23.16365],[86.73881,23.16153],[86.73857,23.15843],[86.7377,23.15499],[86.73501,23.15261],[86.73305,23.14921],[86.7323,23.14432],[86.7314,23.14269],[86.73069,23.13895],[86.73121,23.13334],[86.72855,23.13187],[86.72721,23.1304],[86.72666,23.12824],[86.72407,23.12614],[86.72145,23.12213],[86.71864,23.12224],[86.71882,23.12056],[86.7242,23.11565],[86.72681,23.1115],[86.73035,23.10496],[86.73516,23.10449],[86.73875,23.10278],[86.7401,23.1035],[86.74629,23.10308],[86.74759,23.10165],[86.75018,23.09998],[86.74835,23.09846],[86.74824,23.09709],[86.75041,23.09624],[86.75075,23.09289],[86.75204,23.09022],[86.7521,23.08841],[86.75076,23.0847],[86.74763,23.08152],[86.74723,23.07806],[86.74605,23.07285],[86.74474,23.07088],[86.74304,23.07038],[86.74202,23.06806],[86.74075,23.06673],[86.74108,23.06451],[86.73824,23.05937],[86.73589,23.05858],[86.73214,23.05175],[86.73195,23.05022],[86.7307,23.0486],[86.73194,23.04687],[86.73242,23.04488],[86.73637,23.04585],[86.73859,23.0457],[86.73953,23.04426],[86.73735,23.04057],[86.7351,23.03924],[86.72748,23.03628],[86.72557,23.0343],[86.72617,23.03104],[86.72756,23.0295],[86.73077,23.0281],[86.73534,23.02658],[86.73562,23.02585],[86.73383,23.02199],[86.73242,23.02046],[86.73235,23.01812],[86.72922,23.01566],[86.72924,23.01324],[86.72861,23.01089],[86.72836,22.99862],[86.72592,22.99532],[86.72108,22.99333],[86.71966,22.99117],[86.7188,22.9874],[86.72019,22.98497],[86.71889,22.98443],[86.71867,22.98038],[86.71724,22.97528],[86.71412,22.97226],[86.71214,22.97134],[86.71233,22.96939],[86.7105,22.96605],[86.71392,22.96639],[86.71247,22.96258],[86.71075,22.95922],[86.70766,22.95468],[86.70554,22.95369],[86.70413,22.95211],[86.70284,22.95297],[86.70183,22.9514],[86.7017,22.94846],[86.69976,22.94727],[86.69851,22.94385],[86.69833,22.94136],[86.69518,22.93733],[86.69499,22.93604],[86.6929,22.9358],[86.69321,22.93375],[86.69073,22.9315],[86.69234,22.92873],[86.69319,22.926],[86.69591,22.92576],[86.69803,22.92348],[86.69664,22.91978],[86.69761,22.91896],[86.69764,22.91638],[86.69992,22.91497],[86.70009,22.9128],[86.70158,22.91135],[86.69999,22.9094],[86.70131,22.90524],[86.70336,22.90427],[86.70579,22.89937],[86.70508,22.89691],[86.70681,22.89451],[86.70335,22.89366],[86.70151,22.88998],[86.70332,22.88969],[86.70499,22.88735],[86.7067,22.88763],[86.70666,22.88439],[86.70608,22.88267],[86.70668,22.88065],[86.70452,22.87744],[86.7049,22.87563],[86.70365,22.87467],[86.70213,22.87213],[86.69842,22.87018],[86.69621,22.8677],[86.69293,22.86587],[86.68797,22.86365],[86.68572,22.86177],[86.67849,22.86232],[86.67721,22.86168],[86.675,22.85708],[86.67441,22.85458],[86.67314,22.85356],[86.67049,22.85352],[86.66605,22.85236],[86.66231,22.8523],[86.66162,22.84863],[86.65942,22.8444],[86.65611,22.8365],[86.64791,22.83893],[86.64556,22.83475],[86.64346,22.83203],[86.64008,22.82847],[86.63349,22.82436],[86.63137,22.825],[86.62896,22.82449],[86.62748,22.82496],[86.62553,22.82399],[86.62245,22.82515],[86.62026,22.82434],[86.6178,22.82453],[86.6172,22.82367],[86.61807,22.82141],[86.61616,22.819],[86.61555,22.81706],[86.61399,22.8157],[86.61362,22.81221],[86.6108,22.80789],[86.60895,22.80654],[86.61145,22.80356],[86.61131,22.79862],[86.61359,22.79874],[86.6215,22.79781],[86.62419,22.79792],[86.62961,22.79746],[86.63583,22.79542],[86.64015,22.79434],[86.6429,22.79413],[86.6443,22.79309],[86.6483,22.79131],[86.65139,22.79059],[86.65585,22.78893],[86.6571,22.78797],[86.65998,22.78699],[86.66275,22.78316],[86.66489,22.77906],[86.66614,22.77814],[86.66784,22.77486],[86.67012,22.77136],[86.67185,22.77002],[86.67428,22.7696],[86.67672,22.76785],[86.68037,22.76757],[86.6839,22.7682],[86.68771,22.76832],[86.69012,22.76756],[86.69248,22.76846],[86.69582,22.76838],[86.6971,22.76488],[86.69987,22.76198],[86.70278,22.75778],[86.70551,22.75539],[86.70646,22.75521],[86.70865,22.75202],[86.71515,22.74644],[86.71868,22.74449],[86.72475,22.74483],[86.73237,22.74309],[86.73777,22.74105],[86.73841,22.74017],[86.74182,22.73882],[86.74253,22.73774],[86.7454,22.73687],[86.74965,22.73731],[86.75348,22.7356],[86.75719,22.73227],[86.7674,22.72911],[86.76914,22.7275],[86.77223,22.72298],[86.77362,22.72224],[86.77334,22.71932],[86.77764,22.71764],[86.78127,22.7156],[86.78322,22.71557],[86.78423,22.71432],[86.78678,22.71296],[86.78727,22.71198],[86.79152,22.70983],[86.7959,22.70922],[86.80412,22.70906],[86.80652,22.70706],[86.80825,22.70455],[86.81544,22.69921],[86.81894,22.6972],[86.82113,22.69654],[86.82577,22.69377],[86.83313,22.68994],[86.83563,22.68767],[86.83908,22.6872],[86.8399,22.68437],[86.84359,22.68422],[86.84588,22.68489],[86.84981,22.68096],[86.85154,22.67793],[86.85489,22.67326],[86.8555,22.67103],[86.85738,22.67054],[86.86166,22.66615],[86.86416,22.6658],[86.8712,22.66331],[86.87409,22.66177],[86.8765,22.65992],[86.88222,22.65767],[86.88812,22.65489],[86.8905,22.65527],[86.89135,22.65308],[86.89546,22.65152],[86.89515,22.65009],[86.89872,22.64749],[86.89961,22.64447],[86.90149,22.64264],[86.90351,22.64229],[86.90495,22.64061],[86.90419,22.6372],[86.90475,22.6355],[86.90665,22.63485],[86.90973,22.6356],[86.91208,22.63566],[86.91465,22.63362],[86.91501,22.63125],[86.91735,22.6268],[86.919,22.62712],[86.92083,22.63029],[86.92285,22.63112],[86.92428,22.62791],[86.92597,22.62791],[86.92874,22.63072],[86.93299,22.6321],[86.93607,22.6345],[86.93777,22.6333],[86.94281,22.63524],[86.94438,22.63384],[86.94757,22.6345],[86.94991,22.63714],[86.95391,22.63753],[86.95373,22.64071],[86.95136,22.64159],[86.95141,22.64348],[86.95027,22.64421],[86.94871,22.64705],[86.94959,22.64838],[86.94668,22.64987],[86.94602,22.65132],[86.94638,22.6532],[86.94832,22.65734],[86.94863,22.66033],[86.94836,22.66829],[86.94926,22.67001],[86.95782,22.66695],[86.95836,22.66758],[86.96033,22.67335],[86.9619,22.67368],[86.96295,22.67646],[86.96442,22.67596],[86.96462,22.67156],[86.96576,22.67023],[86.96897,22.6696],[86.97074,22.67012],[86.97266,22.67323],[86.97704,22.67286],[86.98257,22.67086],[86.98531,22.67162],[86.98982,22.66507],[86.99184,22.66277],[86.99432,22.66073],[86.99911,22.65754],[87.00126,22.65839],[87.00199,22.6559],[87.00161,22.65433],[87.00276,22.65216],[87.00618,22.64884],[87.00765,22.65089],[87.01011,22.65054],[87.01171,22.64966],[87.01354,22.6506],[87.0153,22.64864],[87.01627,22.6508],[87.01705,22.65484],[87.01689,22.65631],[87.01894,22.65934],[87.0212,22.66467],[87.02017,22.66511],[87.02161,22.66836],[87.01776,22.6685],[87.01871,22.67001],[87.01859,22.68153],[87.01914,22.68392],[87.01831,22.68474],[87.0183,22.68768],[87.01588,22.69284],[87.01858,22.69469],[87.02125,22.69769],[87.02153,22.70171],[87.02522,22.70274],[87.03122,22.70204],[87.03264,22.70964],[87.03669,22.7096],[87.03876,22.71373],[87.03715,22.71898],[87.04033,22.7199],[87.04255,22.72105],[87.05324,22.72843],[87.0573,22.72815],[87.06306,22.73015],[87.06643,22.73077],[87.06918,22.73078],[87.0726,22.72974],[87.07593,22.72584],[87.07993,22.73206],[87.08299,22.73368],[87.08859,22.73914],[87.0837,22.74754],[87.08238,22.75636],[87.08292,22.75883],[87.08288,22.7648],[87.08147,22.76635],[87.08137,22.76772],[87.07982,22.77107],[87.07866,22.77909],[87.07804,22.78177],[87.07573,22.78422],[87.07151,22.78493],[87.07021,22.78762],[87.06938,22.78769],[87.06659,22.79126],[87.06494,22.79258],[87.06533,22.79761],[87.06528,22.80272],[87.05788,22.80965],[87.05822,22.81191],[87.05552,22.81969],[87.05689,22.82034],[87.05354,22.8228],[87.05478,22.82504],[87.05831,22.82633],[87.06107,22.83128],[87.06114,22.83503],[87.06032,22.83832],[87.06077,22.84204],[87.05989,22.84493],[87.06096,22.84887],[87.06382,22.85075],[87.06635,22.85122],[87.07116,22.85056],[87.0737,22.84842],[87.07828,22.84636],[87.08846,22.84574],[87.09292,22.84432],[87.09731,22.84459],[87.1024,22.84579],[87.10847,22.84559],[87.12828,22.84427],[87.12939,22.84585],[87.1317,22.84656],[87.13344,22.84875],[87.13563,22.84849],[87.13692,22.85046],[87.14121,22.85166],[87.1423,22.85264],[87.14299,22.85565],[87.14385,22.85684],[87.14976,22.86287],[87.15111,22.86486],[87.15298,22.86592],[87.15493,22.86952],[87.15711,22.87145],[87.15998,22.87316],[87.16261,22.87534],[87.16552,22.87928],[87.16685,22.8817],[87.16876,22.88384],[87.16978,22.88787],[87.17133,22.89004],[87.17392,22.89065],[87.181,22.89155],[87.18254,22.89132],[87.18607,22.88856],[87.19254,22.88842],[87.19766,22.89169],[87.19845,22.8926],[87.20246,22.89382],[87.2028,22.89499],[87.20497,22.8942],[87.20806,22.89438],[87.21031,22.89389],[87.21232,22.89474],[87.21284,22.89625],[87.2153,22.89828],[87.21586,22.90128],[87.21844,22.90301],[87.22082,22.90731],[87.22198,22.90782],[87.22577,22.90711],[87.22827,22.90551],[87.23037,22.90281],[87.2331,22.9022],[87.23623,22.89981],[87.24393,22.89626],[87.24787,22.89565],[87.24948,22.89631],[87.25035,22.89779],[87.25469,22.90009],[87.25601,22.902],[87.25703,22.90167],[87.26036,22.90409],[87.26533,22.90465],[87.26798,22.9066],[87.26816,22.90442],[87.27108,22.9035],[87.27311,22.90673],[87.2762,22.90889],[87.28467,22.91145],[87.28516,22.91221],[87.28629,22.92132],[87.28703,22.92218],[87.29349,22.92454],[87.30051,22.92569],[87.30343,22.9266],[87.30821,22.92936],[87.31243,22.93334],[87.31524,22.93786],[87.31713,22.94373],[87.31828,22.9454],[87.32092,22.9469],[87.3245,22.94703],[87.32801,22.94595],[87.33086,22.94791],[87.33674,22.94722],[87.34378,22.94941],[87.34656,22.94979],[87.34934,22.95183],[87.35884,22.95519],[87.35984,22.95179],[87.36194,22.9505],[87.36201,22.94863],[87.36535,22.9466],[87.37033,22.94473],[87.37237,22.9421],[87.37392,22.94255],[87.37735,22.94246],[87.3822,22.94286],[87.38591,22.94193],[87.39238,22.94232],[87.3938,22.94018],[87.39632,22.94008],[87.3991,22.93901],[87.39937,22.93379],[87.41131,22.93323],[87.42202,22.93016],[87.42205,22.9247],[87.4265,22.92412],[87.43396,22.92515],[87.44154,22.92164],[87.44725,22.92081],[87.45207,22.91622],[87.45537,22.91557],[87.45564,22.91476],[87.45963,22.91179],[87.46636,22.91075],[87.46834,22.91093],[87.47059,22.91008],[87.47373,22.91013],[87.4758,22.91088],[87.47854,22.91349],[87.48051,22.91416],[87.48341,22.91391],[87.49283,22.91952],[87.49594,22.92007],[87.4974,22.92174],[87.49884,22.92212],[87.49948,22.9261],[87.50191,22.92505],[87.50339,22.9262],[87.50464,22.92529],[87.50754,22.92501],[87.50835,22.92581],[87.51124,22.92493],[87.51083,22.92333],[87.51243,22.92168],[87.51383,22.9237],[87.5153,22.92368],[87.51669,22.92619],[87.51745,22.93095],[87.52222,22.93049],[87.52534,22.93013],[87.53138,22.93059],[87.53474,22.92884],[87.53639,22.92444],[87.53831,22.92335],[87.53967,22.92415],[87.54166,22.92235],[87.54589,22.92159],[87.55209,22.91855],[87.55433,22.9198],[87.55834,22.91983],[87.55893,22.9189],[87.56176,22.91915],[87.56392,22.91845],[87.56539,22.91604],[87.56691,22.91683],[87.57155,22.91445],[87.5716,22.90984],[87.57524,22.91101],[87.57688,22.90899],[87.57863,22.90854],[87.58065,22.90648],[87.58246,22.90568],[87.58183,22.90328],[87.58472,22.90015],[87.58389,22.89829],[87.58425,22.89605],[87.58661,22.8941],[87.59165,22.89528],[87.59556,22.89862],[87.60062,22.89758],[87.60083,22.89529],[87.60206,22.89037],[87.61048,22.8911],[87.61075,22.88873],[87.61481,22.88946],[87.61635,22.89231],[87.61969,22.89412],[87.62312,22.89412],[87.62606,22.89505],[87.62583,22.89767],[87.62705,22.89904],[87.63113,22.89902],[87.62888,22.90077],[87.62797,22.90266],[87.62084,22.9025],[87.61957,22.90297],[87.62103,22.90558],[87.62139,22.90826],[87.62092,22.91099],[87.62165,22.91219],[87.62572,22.91547],[87.63088,22.91818],[87.63271,22.91963],[87.63414,22.91965],[87.64034,22.91854],[87.64159,22.92114],[87.64379,22.92337],[87.64415,22.92683],[87.64389,22.93085],[87.64518,22.9316],[87.64512,22.93333],[87.6471,22.93372],[87.64786,22.93776],[87.64912,22.93805],[87.64969,22.93976],[87.65093,22.94876],[87.6492,22.95023],[87.65009,22.95683],[87.6503,22.96257],[87.64909,22.96352],[87.64874,22.96632],[87.64522,22.96626],[87.64059,22.96681],[87.64155,22.97363],[87.64214,22.97471],[87.64261,22.97883],[87.64104,22.98053],[87.63893,22.98154],[87.63893,22.98253],[87.64186,22.98669],[87.64407,22.98792],[87.64872,22.98843],[87.65456,22.98843],[87.65542,22.9872],[87.66827,22.98655],[87.67128,22.98751],[87.6728,22.98879],[87.67316,22.99113],[87.67512,22.99211],[87.6788,22.9926],[87.67969,22.99143],[87.68238,22.993],[87.68528,22.99234],[87.68833,22.99241],[87.68962,22.99322],[87.69255,22.99277],[87.69435,22.99397],[87.69603,22.99632],[87.6973,22.99996],[87.69626,23.00174],[87.69692,23.00587],[87.69623,23.00709],[87.69622,23.00997],[87.69687,23.01221],[87.69615,23.01377],[87.69902,23.01542],[87.69899,23.01838],[87.69386,23.01959],[87.69012,23.01815],[87.68656,23.01981],[87.68599,23.02109],[87.68687,23.02456],[87.68766,23.0252],[87.69242,23.02419],[87.70084,23.02757],[87.70323,23.02638],[87.70459,23.0203],[87.70547,23.01779],[87.70885,23.01329],[87.71215,23.01063],[87.71407,23.01237],[87.71829,23.01731],[87.71913,23.01729],[87.72068,23.01956],[87.72073,23.02352],[87.72213,23.02558],[87.72218,23.02907],[87.72829,23.02887],[87.73121,23.02789],[87.73565,23.02748],[87.73896,23.02809],[87.73978,23.03045],[87.73933,23.03208],[87.74059,23.03343],[87.74046,23.03652],[87.74071,23.04303],[87.74299,23.04535],[87.74363,23.05078],[87.74301,23.05502],[87.74528,23.05766],[87.74996,23.06179],[87.75109,23.06365],[87.74991,23.06516],[87.75191,23.06766],[87.75377,23.06728],[87.75628,23.07011],[87.76198,23.07222],[87.76428,23.0754],[87.76384,23.07723],[87.76251,23.07871],[87.76252,23.08026],[87.76049,23.08103],[87.75314,23.08153],[87.75382,23.08529],[87.75534,23.08871],[87.75596,23.092],[87.75568,23.094],[87.75398,23.09459],[87.75336,23.0971],[87.7512,23.09787],[87.74925,23.10177],[87.74781,23.10207],[87.74429,23.10122],[87.74289,23.10337],[87.74347,23.10458],[87.74583,23.10391],[87.74762,23.1047],[87.74707,23.11004],[87.74608,23.11207],[87.74394,23.11363],[87.74194,23.11403],[87.74025,23.11636],[87.73811,23.11703],[87.7374,23.11872],[87.73518,23.1192],[87.73323,23.1204],[87.73343,23.1227],[87.73262,23.12559],[87.73323,23.13085],[87.73077,23.1305],[87.72937,23.12292],[87.73108,23.12281],[87.73103,23.1196],[87.73276,23.11948],[87.73267,23.11731],[87.73035,23.11761],[87.72981,23.12045],[87.72833,23.12046],[87.72779,23.11893],[87.72554,23.11573],[87.72203,23.11594],[87.72118,23.11701],[87.71913,23.11685],[87.71805,23.11778],[87.71785,23.1197],[87.7166,23.12234],[87.71344,23.12232],[87.70839,23.1237],[87.70655,23.12357],[87.70334,23.12509],[87.696,23.12681],[87.69429,23.12836],[87.68925,23.129],[87.68552,23.12222],[87.68401,23.12284],[87.68486,23.12656],[87.68828,23.13518],[87.68838,23.13751],[87.69,23.14516],[87.68722,23.14579],[87.68589,23.14508],[87.68407,23.14543],[87.68212,23.14698],[87.67845,23.15202],[87.67876,23.15462],[87.67719,23.15657],[87.67757,23.15838],[87.67551,23.1588],[87.67128,23.16095],[87.66992,23.1597],[87.6641,23.16309],[87.66033,23.16714],[87.66185,23.16849],[87.66168,23.17077],[87.664,23.17095],[87.66597,23.16695],[87.66891,23.16701],[87.66901,23.16995],[87.66594,23.17006],[87.66527,23.17066],[87.66541,23.17324],[87.6621,23.17349],[87.66136,23.17626],[87.66039,23.17677],[87.66144,23.17977],[87.66023,23.18069],[87.66028,23.18435],[87.65544,23.18671],[87.6559,23.18844],[87.65362,23.18881],[87.65459,23.19373],[87.65017,23.19553],[87.64735,23.19616],[87.64693,23.19785],[87.64792,23.19919],[87.64787,23.2056],[87.64897,23.21061],[87.64766,23.21343],[87.6487,23.21554],[87.64858,23.21755],[87.65126,23.21846],[87.6518,23.21985],[87.65559,23.22065],[87.65653,23.22222],[87.65852,23.22235],[87.65648,23.22512],[87.65321,23.22602],[87.6527,23.22763],[87.6529,23.23243],[87.6536,23.24088],[87.64715,23.24071],[87.63893,23.23979],[87.63496,23.24021],[87.62762,23.24326],[87.62497,23.24641],[87.62209,23.24826],[87.62062,23.25072],[87.61668,23.25176],[87.60799,23.25327],[87.60236,23.25584],[87.60028,23.2572],[87.5973,23.261],[87.59507,23.26703],[87.59396,23.26883],[87.58876,23.27291],[87.58437,23.2767],[87.58099,23.28052],[87.57643,23.28485],[87.56881,23.28964],[87.56632,23.29159],[87.56224,23.29583],[87.56161,23.30065],[87.55729,23.3117],[87.55468,23.31356],[87.552,23.31465],[87.54505,23.3167],[87.54295,23.31813]]]},"properties":{"OBJECTID":450,"dtname":"Bankura","stname":"West Bengal","stcode11":"19","dtcode11":"339","year_stat":"2011_c","dist_lgd":305,"state_lgd":19,"SHAPE_Length":557325.1796200637,"SHAPE_Area":8180748596.8638115,"remarks":" ","d_pan_code":265,"d_pan_name":"Bankura","New_Name":"Bankura","mached":"-1"},"id":450},
{"type":"Feature","geometry":{"type":"Polygon","coordinates":[[[88.19491,23.76559],[88.19162,23.76705],[88.18874,23.77015],[88.18678,23.77005],[88.18595,23.76851],[88.1824,23.76621],[88.18099,23.7626],[88.17855,23.76216],[88.17794,23.75907],[88.17128,23.75652],[88.16858,23.75591],[88.16258,23.75571],[88.15806,23.75113],[88.1581,23.74822],[88.15667,23.74394],[88.15553,23.73661],[88.15333,23.73548],[88.15059,23.73507],[88.14888,23.73412],[88.14577,23.73416],[88.14522,23.73325],[88.1425,23.73318],[88.1409,23.73412],[88.13958,23.73725],[88.13743,23.73724],[88.13669,23.73564],[88.13514,23.73556],[88.13296,23.73383],[88.13238,23.73684],[88.12882,23.73755],[88.12899,23.7403],[88.13226,23.74062],[88.13108,23.74269],[88.12828,23.74431],[88.12762,23.74686],[88.12385,23.75068],[88.12318,23.75179],[88.12116,23.7521],[88.1191,23.7507],[88.11936,23.7497],[88.115,23.74922],[88.11346,23.75229],[88.10942,23.75249],[88.10554,23.75385],[88.09619,23.75221],[88.09363,23.75231],[88.09416,23.75005],[88.09383,23.74315],[88.09295,23.74106],[88.09376,23.739],[88.09263,23.7358],[88.08836,23.73467],[88.08795,23.73214],[88.0858,23.72895],[88.08416,23.72504],[88.08095,23.72624],[88.0801,23.72556],[88.08073,23.72316],[88.07551,23.72381],[88.07443,23.72465],[88.06713,23.72476],[88.06441,23.72598],[88.06029,23.72233],[88.06007,23.72346],[88.05774,23.72385],[88.05503,23.72647],[88.05265,23.72726],[88.05274,23.73166],[88.05176,23.73908],[88.04955,23.74062],[88.04676,23.74137],[88.04655,23.74498],[88.03992,23.74567],[88.04004,23.74873],[88.03928,23.75064],[88.0395,23.75231],[88.03907,23.75766],[88.03848,23.75924],[88.03677,23.75938],[88.03603,23.76212],[88.03659,23.76526],[88.03885,23.7685],[88.03927,23.77065],[88.04135,23.77117],[88.04122,23.77362],[88.04577,23.77281],[88.04676,23.77355],[88.05114,23.77352],[88.05302,23.77187],[88.0552,23.7717],[88.05833,23.77228],[88.05902,23.77361],[88.05984,23.78032],[88.05968,23.78129],[88.04773,23.78309],[88.04633,23.78444],[88.04681,23.78736],[88.04646,23.78936],[88.04525,23.79045],[88.04162,23.79174],[88.03915,23.79341],[88.03923,23.79467],[88.03066,23.79669],[88.03095,23.80114],[88.03055,23.80527],[88.02936,23.80794],[88.02729,23.80952],[88.02699,23.81138],[88.02785,23.81333],[88.0297,23.81558],[88.02972,23.81781],[88.0286,23.81955],[88.02556,23.82129],[88.0244,23.82589],[88.02306,23.8281],[88.01973,23.82802],[88.01825,23.82889],[88.01748,23.83163],[88.01789,23.83288],[88.01609,23.83725],[88.01397,23.83811],[88.01009,23.84222],[88.00668,23.84461],[88.00059,23.83966],[87.9992,23.83993],[87.99749,23.84203],[87.99179,23.84204],[87.98819,23.84055],[87.98381,23.84241],[87.98012,23.84452],[87.97742,23.84388],[87.97617,23.84115],[87.97194,23.84096],[87.97178,23.84451],[87.96857,23.84435],[87.96642,23.84159],[87.969,23.8408],[87.96874,23.83948],[87.96646,23.83804],[87.9661,23.83597],[87.96735,23.83485],[87.97384,23.83426],[87.97477,23.83189],[87.97149,23.831],[87.97127,23.82802],[87.96995,23.82588],[87.96662,23.82457],[87.96721,23.81607],[87.96688,23.80771],[87.96652,23.80495],[87.96507,23.80508],[87.96122,23.80528],[87.96049,23.8035],[87.95824,23.80379],[87.95742,23.79881],[87.95646,23.79052],[87.95555,23.78638],[87.95433,23.78593],[87.95042,23.78075],[87.94969,23.77661],[87.94765,23.77603],[87.94632,23.77736],[87.94281,23.77637],[87.93857,23.77422],[87.93983,23.77233],[87.94033,23.76912],[87.93858,23.76904],[87.93822,23.76444],[87.94108,23.76386],[87.94731,23.76391],[87.94717,23.75953],[87.94667,23.75729],[87.94781,23.75633],[87.95449,23.7562],[87.95556,23.75521],[87.95442,23.75274],[87.95455,23.75038],[87.95365,23.74964],[87.95063,23.74969],[87.94802,23.74851],[87.94743,23.74546],[87.94562,23.74018],[87.94194,23.74057],[87.94165,23.73927],[87.93999,23.73889],[87.93887,23.7403],[87.93636,23.73859],[87.93587,23.73337],[87.93487,23.72832],[87.93097,23.72884],[87.92998,23.72843],[87.92737,23.7297],[87.92398,23.73008],[87.9171,23.72898],[87.91772,23.72566],[87.91752,23.72286],[87.92017,23.72098],[87.91946,23.71676],[87.91805,23.71798],[87.91047,23.71947],[87.90964,23.7158],[87.90881,23.70964],[87.91025,23.70915],[87.91076,23.70518],[87.91393,23.70171],[87.917,23.69714],[87.91827,23.69652],[87.91804,23.6943],[87.91583,23.6949],[87.91439,23.69235],[87.91563,23.69159],[87.91541,23.68982],[87.91358,23.68695],[87.91383,23.68469],[87.91619,23.68372],[87.91835,23.68151],[87.92184,23.68178],[87.92125,23.67989],[87.91991,23.6792],[87.91947,23.67411],[87.91742,23.67448],[87.91696,23.67285],[87.91404,23.67204],[87.91299,23.67255],[87.90985,23.67172],[87.9101,23.66925],[87.91375,23.66934],[87.91102,23.66616],[87.91166,23.66389],[87.9145,23.66246],[87.91575,23.66336],[87.91862,23.66242],[87.92091,23.66554],[87.92708,23.66501],[87.92766,23.66214],[87.92725,23.66096],[87.92956,23.65877],[87.93273,23.65912],[87.93224,23.66069],[87.93456,23.66285],[87.93626,23.66303],[87.93616,23.65857],[87.93687,23.65844],[87.93553,23.6515],[87.93528,23.64896],[87.93392,23.64773],[87.93547,23.64569],[87.93706,23.64626],[87.94074,23.64605],[87.94088,23.64482],[87.94463,23.6444],[87.94446,23.64072],[87.94682,23.64009],[87.94745,23.63876],[87.94986,23.63866],[87.95128,23.63758],[87.954,23.63774],[87.95342,23.63609],[87.95469,23.6347],[87.95466,23.63336],[87.95761,23.63258],[87.96097,23.63112],[87.96053,23.62946],[87.95639,23.62897],[87.95458,23.62915],[87.95309,23.6281],[87.95175,23.624],[87.95281,23.62162],[87.95093,23.61408],[87.94869,23.60992],[87.94786,23.60752],[87.94856,23.60386],[87.9488,23.59996],[87.94821,23.59671],[87.94685,23.5944],[87.94537,23.59311],[87.93701,23.59211],[87.93431,23.59026],[87.93219,23.58558],[87.9319,23.57809],[87.93306,23.57367],[87.9327,23.57228],[87.92457,23.57149],[87.92298,23.57082],[87.92004,23.56683],[87.91728,23.56404],[87.91563,23.56161],[87.91062,23.55765],[87.91037,23.55562],[87.91101,23.55192],[87.90935,23.54834],[87.90913,23.54636],[87.90667,23.54305],[87.90443,23.54152],[87.901,23.54041],[87.89871,23.54071],[87.89652,23.54274],[87.89508,23.54633],[87.89302,23.54805],[87.89102,23.55186],[87.89168,23.55887],[87.88949,23.56197],[87.88669,23.56218],[87.88438,23.55779],[87.88394,23.55341],[87.88306,23.55144],[87.8806,23.55092],[87.87951,23.55191],[87.87747,23.55635],[87.87632,23.55778],[87.87429,23.55822],[87.87088,23.55709],[87.86998,23.5561],[87.86913,23.55252],[87.86513,23.54767],[87.86285,23.54688],[87.85754,23.54979],[87.85606,23.55019],[87.85129,23.54987],[87.84783,23.54883],[87.84603,23.55006],[87.84493,23.55201],[87.84549,23.55516],[87.84569,23.55944],[87.84488,23.56234],[87.83933,23.56808],[87.8377,23.56896],[87.83174,23.56738],[87.82979,23.56605],[87.8267,23.56662],[87.82005,23.56634],[87.81725,23.5678],[87.81445,23.56791],[87.81224,23.56359],[87.81063,23.5617],[87.80538,23.55919],[87.80243,23.56005],[87.79955,23.56365],[87.79809,23.56611],[87.79817,23.5688],[87.79724,23.57092],[87.79434,23.57274],[87.78854,23.57138],[87.78541,23.57156],[87.78241,23.5729],[87.78236,23.57561],[87.78379,23.57879],[87.78282,23.58276],[87.78153,23.58414],[87.77834,23.58459],[87.77571,23.58419],[87.77378,23.5828],[87.77172,23.57958],[87.76933,23.5783],[87.76661,23.57848],[87.76566,23.57957],[87.76346,23.58495],[87.76219,23.58658],[87.75853,23.58862],[87.75639,23.59032],[87.75152,23.59293],[87.74497,23.59462],[87.74249,23.59409],[87.74118,23.59272],[87.74125,23.58929],[87.74037,23.58726],[87.73903,23.58614],[87.73664,23.5862],[87.73261,23.58818],[87.73195,23.58929],[87.73212,23.59179],[87.73162,23.59571],[87.731,23.59687],[87.7282,23.5989],[87.72545,23.59976],[87.72267,23.6035],[87.72179,23.60665],[87.72047,23.60964],[87.71978,23.61359],[87.71778,23.61672],[87.71539,23.61907],[87.71236,23.62036],[87.7087,23.62087],[87.70418,23.61927],[87.7038,23.61744],[87.70111,23.6126],[87.69891,23.60985],[87.69643,23.60854],[87.68907,23.60668],[87.68648,23.60692],[87.68327,23.60909],[87.68156,23.61117],[87.67964,23.61823],[87.67794,23.62031],[87.67594,23.62087],[87.67117,23.6208],[87.66584,23.6203],[87.66454,23.61948],[87.66297,23.61685],[87.66289,23.61356],[87.66103,23.6108],[87.6605,23.60897],[87.65878,23.60749],[87.65676,23.60471],[87.65472,23.60345],[87.65043,23.60311],[87.64885,23.60482],[87.64469,23.60658],[87.64314,23.60783],[87.6382,23.61041],[87.63593,23.6105],[87.63182,23.60859],[87.63047,23.60693],[87.62754,23.60544],[87.62435,23.60542],[87.61721,23.60347],[87.614,23.60313],[87.6111,23.60212],[87.60332,23.60105],[87.59915,23.60086],[87.59669,23.60022],[87.59338,23.59687],[87.5875,23.59525],[87.58459,23.59486],[87.57913,23.59496],[87.57682,23.59536],[87.57128,23.59779],[87.56886,23.60011],[87.56803,23.60246],[87.56256,23.60704],[87.55794,23.60874],[87.55232,23.60986],[87.54405,23.60611],[87.54284,23.60617],[87.53773,23.60807],[87.53479,23.60975],[87.53368,23.607],[87.5326,23.59893],[87.52851,23.5898],[87.52464,23.58713],[87.51945,23.58878],[87.51581,23.58249],[87.51323,23.57967],[87.51021,23.57717],[87.50914,23.57706],[87.50452,23.57276],[87.5046,23.57217],[87.50157,23.56881],[87.49883,23.56187],[87.49752,23.55984],[87.49433,23.55886],[87.49357,23.55661],[87.49026,23.5534],[87.48746,23.55301],[87.48863,23.5501],[87.49091,23.54807],[87.49115,23.54604],[87.49092,23.53756],[87.48845,23.53877],[87.4855,23.53743],[87.48218,23.53918],[87.47942,23.54248],[87.47811,23.54127],[87.47933,23.53924],[87.4795,23.53571],[87.47695,23.53184],[87.4795,23.53256],[87.48047,23.53166],[87.4791,23.52811],[87.48086,23.52639],[87.48276,23.52548],[87.4836,23.52381],[87.48536,23.52515],[87.48958,23.52723],[87.49153,23.52707],[87.49301,23.52573],[87.4946,23.52597],[87.49799,23.52754],[87.50161,23.526],[87.50454,23.52703],[87.50885,23.5258],[87.5107,23.52356],[87.51388,23.52495],[87.51207,23.52633],[87.51287,23.52757],[87.51463,23.52799],[87.5166,23.52653],[87.51988,23.52668],[87.52337,23.52411],[87.52588,23.524],[87.52884,23.5254],[87.53177,23.52527],[87.5336,23.52686],[87.5364,23.52688],[87.53871,23.52466],[87.54129,23.52423],[87.54308,23.52682],[87.5462,23.52647],[87.55051,23.52957],[87.55152,23.5297],[87.554,23.52821],[87.55721,23.52884],[87.55925,23.52864],[87.5631,23.52703],[87.56445,23.52769],[87.56648,23.53047],[87.56785,23.53026],[87.56991,23.52825],[87.57112,23.52843],[87.57307,23.53024],[87.57613,23.53119],[87.57766,23.53098],[87.57678,23.52854],[87.57772,23.52805],[87.57568,23.52526],[87.5747,23.52311],[87.57582,23.52078],[87.5757,23.5166],[87.57364,23.5157],[87.57332,23.51376],[87.56917,23.50827],[87.57064,23.50752],[87.56966,23.50601],[87.56615,23.50594],[87.56448,23.50466],[87.56246,23.50121],[87.56098,23.49968],[87.56078,23.49807],[87.5595,23.49567],[87.55712,23.49357],[87.55295,23.49349],[87.55359,23.49664],[87.55194,23.49704],[87.55133,23.4945],[87.54391,23.49467],[87.53986,23.49345],[87.54036,23.49081],[87.53812,23.48995],[87.5393,23.48709],[87.53723,23.48768],[87.53543,23.48453],[87.5319,23.48454],[87.53103,23.48209],[87.53267,23.48003],[87.53277,23.47851],[87.5348,23.47597],[87.53662,23.47502],[87.53997,23.47489],[87.54243,23.47556],[87.54418,23.4777],[87.54637,23.47754],[87.54615,23.47586],[87.54356,23.47268],[87.54316,23.47119],[87.54339,23.46813],[87.54445,23.46523],[87.54329,23.4649],[87.54078,23.46811],[87.53911,23.46794],[87.53889,23.46212],[87.54032,23.456],[87.53819,23.45519],[87.54015,23.453],[87.54172,23.4503],[87.54427,23.44862],[87.54754,23.448],[87.55071,23.44874],[87.55467,23.45152],[87.55568,23.45275],[87.5585,23.4532],[87.55997,23.45553],[87.56038,23.45195],[87.56315,23.44916],[87.56316,23.44696],[87.56468,23.44647],[87.56586,23.44432],[87.56655,23.43928],[87.5671,23.43813],[87.56705,23.43526],[87.56822,23.43319],[87.56974,23.43183],[87.57063,23.42292],[87.56995,23.41679],[87.56789,23.40749],[87.57046,23.40456],[87.57402,23.40355],[87.57644,23.40397],[87.57595,23.40159],[87.57377,23.39829],[87.57426,23.39766],[87.57304,23.39471],[87.57094,23.39128],[87.57153,23.39072],[87.56967,23.3873],[87.56976,23.38447],[87.56894,23.38075],[87.5656,23.37763],[87.56577,23.37202],[87.56659,23.37004],[87.56822,23.36977],[87.56839,23.36649],[87.56426,23.36102],[87.56261,23.36066],[87.55947,23.36106],[87.55786,23.35913],[87.55835,23.35703],[87.55538,23.3536],[87.55312,23.35469],[87.55052,23.35455],[87.54993,23.35164],[87.54802,23.34967],[87.544,23.34706],[87.54106,23.34643],[87.54229,23.34501],[87.54006,23.34357],[87.53855,23.34422],[87.53564,23.34413],[87.53542,23.34236],[87.54019,23.34125],[87.54096,23.33905],[87.53993,23.33765],[87.54378,23.33478],[87.54401,23.33375],[87.54269,23.32926],[87.54464,23.32703],[87.54471,23.32526],[87.54588,23.32416],[87.54372,23.3191],[87.54295,23.31813],[87.54505,23.3167],[87.552,23.31465],[87.55468,23.31356],[87.55729,23.3117],[87.56161,23.30065],[87.56224,23.29583],[87.56632,23.29159],[87.56881,23.28964],[87.57643,23.28485],[87.58099,23.28052],[87.58437,23.2767],[87.58876,23.27291],[87.59396,23.26883],[87.59507,23.26703],[87.5973,23.261],[87.60028,23.2572],[87.60236,23.25584],[87.60799,23.25327],[87.61668,23.25176],[87.62062,23.25072],[87.62209,23.24826],[87.62497,23.24641],[87.62762,23.24326],[87.63496,23.24021],[87.63893,23.23979],[87.64715,23.24071],[87.6536,23.24088],[87.6529,23.23243],[87.6527,23.22763],[87.65321,23.22602],[87.65648,23.22512],[87.65852,23.22235],[87.65653,23.22222],[87.65559,23.22065],[87.6518,23.21985],[87.65126,23.21846],[87.64858,23.21755],[87.6487,23.21554],[87.64766,23.21343],[87.64897,23.21061],[87.64787,23.2056],[87.64792,23.19919],[87.64693,23.19785],[87.64735,23.19616],[87.65017,23.19553],[87.65459,23.19373],[87.65362,23.18881],[87.6559,23.18844],[87.65544,23.18671],[87.66028,23.18435],[87.66023,23.18069],[87.66144,23.17977],[87.66039,23.17677],[87.66136,23.17626],[87.6621,23.17349],[87.66541,23.17324],[87.66527,23.17066],[87.66594,23.17006],[87.66901,23.16995],[87.66891,23.16701],[87.66597,23.16695],[87.664,23.17095],[87.66168,23.17077],[87.66185,23.16849],[87.66033,23.16714],[87.6641,23.16309],[87.66992,23.1597],[87.67128,23.16095],[87.67551,23.1588],[87.67757,23.15838],[87.67719,23.15657],[87.67876,23.15462],[87.67845,23.15202],[87.68212,23.14698],[87.68407,23.14543],[87.68589,23.14508],[87.68722,23.14579],[87.69,23.14516],[87.68838,23.13751],[87.68828,23.13518],[87.68486,23.12656],[87.68401,23.12284],[87.68552,23.12222],[87.68925,23.129],[87.69429,23.12836],[87.696,23.12681],[87.70334,23.12509],[87.70655,23.12357],[87.70839,23.1237],[87.71344,23.12232],[87.7166,23.12234],[87.71785,23.1197],[87.71805,23.11778],[87.71913,23.11685],[87.72118,23.11701],[87.72203,23.11594],[87.72554,23.11573],[87.72779,23.11893],[87.72833,23.12046],[87.72981,23.12045],[87.73035,23.11761],[87.73267,23.11731],[87.73276,23.11948],[87.73103,23.1196],[87.73108,23.12281],[87.72937,23.12292],[87.73077,23.1305],[87.73323,23.13085],[87.73262,23.12559],[87.73343,23.1227],[87.73323,23.1204],[87.73518,23.1192],[87.7374,23.11872],[87.73811,23.11703],[87.74025,23.11636],[87.74194,23.11403],[87.74394,23.11363],[87.74608,23.11207],[87.74707,23.11004],[87.74762,23.1047],[87.74583,23.10391],[87.74347,23.10458],[87.74289,23.10337],[87.74429,23.10122],[87.74781,23.10207],[87.74925,23.10177],[87.7512,23.09787],[87.75336,23.0971],[87.75398,23.09459],[87.75568,23.094],[87.75596,23.092],[87.75534,23.08871],[87.75382,23.08529],[87.75314,23.08153],[87.76049,23.08103],[87.76252,23.08026],[87.76251,23.07871],[87.76384,23.07723],[87.76428,23.0754],[87.76198,23.07222],[87.75628,23.07011],[87.75377,23.06728],[87.75191,23.06766],[87.74991,23.06516],[87.75109,23.06365],[87.74996,23.06179],[87.74528,23.05766],[87.74301,23.05502],[87.74363,23.05078],[87.74299,23.04535],[87.74071,23.04303],[87.74046,23.03652],[87.74059,23.03343],[87.73933,23.03208],[87.73978,23.03045],[87.73896,23.02809],[87.73565,23.02748],[87.73121,23.02789],[87.72829,23.02887],[87.72218,23.02907],[87.72213,23.02558],[87.72073,23.02352],[87.72068,23.01956],[87.71913,23.01729],[87.71829,23.01731],[87.71407,23.01237],[87.71215,23.01063],[87.71667,23.0068],[87.72378,23.00285],[87.7253,23.00002],[87.72737,22.99749],[87.72672,22.9969],[87.72984,22.99357],[87.73472,22.98966],[87.73879,22.98525],[87.74037,22.98045],[87.7407,22.97702],[87.74049,22.97123],[87.74087,22.96869],[87.74259,22.96606],[87.74752,22.9629],[87.74809,22.96166],[87.75164,22.96077],[87.75546,22.96135],[87.75867,22.96283],[87.76196,22.96122],[87.76542,22.96113],[87.76645,22.9633],[87.76994,22.96272],[87.77454,22.9672],[87.77566,22.96662],[87.77449,22.96156],[87.77497,22.96062],[87.77782,22.96057],[87.77747,22.95598],[87.77932,22.95607],[87.77919,22.94956],[87.77785,22.94879],[87.77504,22.94866],[87.77506,22.94723],[87.77918,22.94776],[87.78016,22.94595],[87.78218,22.94419],[87.78108,22.94209],[87.78082,22.93721],[87.77938,22.93628],[87.77615,22.93617],[87.777,22.93441],[87.77942,22.93447],[87.78082,22.93621],[87.78192,22.93524],[87.7865,22.93492],[87.78756,22.93778],[87.79131,22.94043],[87.79145,22.94173],[87.79644,22.93871],[87.79711,22.93922],[87.80064,22.93773],[87.80206,22.94134],[87.80298,22.9413],[87.80361,22.95074],[87.80697,22.95117],[87.80746,22.94667],[87.80995,22.94475],[87.81311,22.94651],[87.81568,22.94662],[87.81704,22.94838],[87.8163,22.94965],[87.82058,22.95037],[87.8202,22.95192],[87.81846,22.95299],[87.8184,22.95572],[87.82248,22.95477],[87.82254,22.95405],[87.82543,22.95238],[87.82693,22.94923],[87.82957,22.94805],[87.82962,22.94682],[87.83188,22.94564],[87.83192,22.94138],[87.83457,22.9414],[87.8356,22.94063],[87.83563,22.93611],[87.83763,22.93627],[87.83863,22.93506],[87.84296,22.93473],[87.84363,22.93931],[87.84636,22.94018],[87.84932,22.93937],[87.85318,22.9412],[87.85557,22.9403],[87.8564,22.9419],[87.85819,22.94079],[87.85814,22.93826],[87.86041,22.93715],[87.86134,22.93862],[87.86022,22.9397],[87.86024,22.94208],[87.8639,22.93878],[87.86564,22.93971],[87.86535,22.94134],[87.87047,22.94129],[87.87449,22.94059],[87.87464,22.94303],[87.87593,22.94583],[87.87451,22.94921],[87.87587,22.95395],[87.87527,22.95682],[87.87721,22.95669],[87.87972,22.95876],[87.88343,22.95951],[87.88618,22.96119],[87.88817,22.96061],[87.8883,22.95914],[87.89081,22.95787],[87.89106,22.95656],[87.89327,22.95647],[87.89447,22.9523],[87.892,22.9509],[87.89206,22.94881],[87.89454,22.94653],[87.89032,22.94653],[87.89041,22.94387],[87.88897,22.93806],[87.89052,22.93301],[87.89415,22.93217],[87.89461,22.93355],[87.89269,22.93394],[87.89339,22.93651],[87.89601,22.93616],[87.89757,22.93726],[87.90043,22.93809],[87.90461,22.94013],[87.90528,22.94118],[87.90934,22.94157],[87.91067,22.94106],[87.91218,22.94249],[87.9128,22.94419],[87.91432,22.94454],[87.9222,22.94352],[87.92227,22.94435],[87.92812,22.94584],[87.93072,22.94594],[87.93221,22.94413],[87.9346,22.94399],[87.93494,22.94167],[87.94102,22.94093],[87.94391,22.94257],[87.94498,22.94473],[87.94603,22.95267],[87.94709,22.95512],[87.95085,22.95736],[87.95248,22.95726],[87.95371,22.95615],[87.95383,22.95413],[87.95772,22.95189],[87.95841,22.95252],[87.96189,22.95173],[87.96288,22.95586],[87.96345,22.95998],[87.96576,22.96244],[87.9672,22.96241],[87.96911,22.96444],[87.97209,22.96331],[87.97399,22.96417],[87.97556,22.96263],[87.97841,22.96305],[87.97953,22.96639],[87.98128,22.96602],[87.98206,22.964],[87.98691,22.96342],[87.9875,22.95908],[87.98971,22.9579],[87.99467,22.95654],[87.99614,22.95658],[87.99647,22.95828],[87.99825,22.9599],[88.0016,22.9608],[88.00466,22.96046],[88.00614,22.96219],[88.00758,22.96197],[88.00972,22.963],[88.01039,22.96448],[88.0093,22.96678],[88.00804,22.96796],[88.00666,22.96709],[88.00484,22.96839],[88.00458,22.97165],[88.0061,22.97925],[88.0068,22.98164],[88.01275,22.97995],[88.01583,22.97839],[88.01767,22.97801],[88.01964,22.97637],[88.02139,22.97801],[88.02051,22.98312],[88.02022,22.98773],[88.02555,22.98725],[88.02592,22.98593],[88.02785,22.98462],[88.02813,22.98042],[88.03137,22.98038],[88.03368,22.97962],[88.03497,22.98241],[88.03608,22.98269],[88.03721,22.98462],[88.0366,22.98789],[88.04139,22.98583],[88.04247,22.98929],[88.04726,22.98934],[88.04978,22.98994],[88.04901,22.9966],[88.04804,23.00073],[88.04682,23.00284],[88.04461,23.00446],[88.0411,23.00592],[88.03775,23.00943],[88.03659,23.01293],[88.03872,23.01633],[88.04486,23.01921],[88.04725,23.02143],[88.04853,23.02455],[88.04858,23.02751],[88.04645,23.03019],[88.04869,23.03298],[88.049,23.03528],[88.04843,23.03749],[88.04866,23.03997],[88.05102,23.04335],[88.05085,23.04584],[88.05159,23.04703],[88.05362,23.04648],[88.05327,23.04362],[88.05533,23.04377],[88.05708,23.0453],[88.05945,23.04427],[88.06073,23.04515],[88.06131,23.04717],[88.0645,23.04744],[88.06539,23.04628],[88.06775,23.04587],[88.06841,23.04853],[88.0728,23.04809],[88.07501,23.047],[88.07977,23.04564],[88.08067,23.04714],[88.08277,23.04581],[88.08641,23.04516],[88.08655,23.04358],[88.08867,23.04334],[88.08978,23.04656],[88.09161,23.04771],[88.09365,23.04781],[88.09588,23.04705],[88.09778,23.04735],[88.09849,23.05091],[88.09997,23.05127],[88.10077,23.05291],[88.0995,23.05409],[88.09986,23.05527],[88.10895,23.05408],[88.11334,23.05305],[88.11645,23.0529],[88.11886,23.0566],[88.12042,23.06161],[88.1218,23.06387],[88.12648,23.06599],[88.13014,23.06962],[88.13249,23.07022],[88.13278,23.07578],[88.13454,23.07704],[88.13985,23.07485],[88.14472,23.07718],[88.14692,23.07767],[88.14764,23.0813],[88.14858,23.08333],[88.15119,23.08619],[88.1523,23.08928],[88.15155,23.09253],[88.1517,23.09479],[88.15399,23.09707],[88.15684,23.09606],[88.15845,23.1019],[88.15881,23.10611],[88.1583,23.10773],[88.15859,23.11105],[88.15926,23.11262],[88.15964,23.116],[88.16308,23.1265],[88.15398,23.12476],[88.15458,23.12895],[88.15461,23.13254],[88.15372,23.13329],[88.15777,23.13741],[88.16008,23.13808],[88.16185,23.14259],[88.16478,23.14214],[88.16502,23.14555],[88.16572,23.14747],[88.16843,23.15007],[88.16801,23.15187],[88.16805,23.1556],[88.1696,23.15705],[88.17219,23.1569],[88.17793,23.15577],[88.18102,23.15733],[88.18282,23.15743],[88.18482,23.16051],[88.18948,23.16132],[88.19042,23.16023],[88.19463,23.15813],[88.19538,23.15886],[88.19838,23.15867],[88.19944,23.15947],[88.20355,23.16058],[88.20481,23.1603],[88.20949,23.15734],[88.21247,23.1576],[88.21472,23.15941],[88.21634,23.15837],[88.21688,23.15691],[88.21902,23.1557],[88.21999,23.15312],[88.22177,23.15301],[88.22245,23.15734],[88.22496,23.15699],[88.2257,23.15873],[88.23315,23.15901],[88.23385,23.15663],[88.23113,23.15542],[88.23237,23.15414],[88.2356,23.15453],[88.23936,23.15723],[88.24148,23.15584],[88.24211,23.15363],[88.24344,23.15216],[88.24328,23.14742],[88.24381,23.1465],[88.24606,23.14623],[88.24571,23.14905],[88.24745,23.15019],[88.25107,23.15018],[88.25418,23.14799],[88.25312,23.14567],[88.25402,23.1417],[88.25319,23.14086],[88.25428,23.13882],[88.25796,23.13609],[88.26047,23.13491],[88.26081,23.13286],[88.2641,23.13097],[88.26685,23.13072],[88.2698,23.12911],[88.27146,23.12872],[88.27306,23.12975],[88.27658,23.12889],[88.2798,23.13063],[88.28236,23.1309],[88.28417,23.13045],[88.28722,23.12851],[88.29012,23.13103],[88.2939,23.13065],[88.29668,23.13078],[88.29685,23.12825],[88.29841,23.12659],[88.30064,23.12667],[88.30291,23.12861],[88.30613,23.1281],[88.31051,23.1286],[88.31428,23.12811],[88.31632,23.12713],[88.31711,23.12881],[88.31995,23.1317],[88.32196,23.133],[88.32443,23.13058],[88.3263,23.13045],[88.32976,23.12862],[88.33214,23.12961],[88.33466,23.12954],[88.33507,23.1307],[88.33788,23.13181],[88.34307,23.13144],[88.34426,23.12808],[88.34448,23.12578],[88.34663,23.12304],[88.34483,23.11865],[88.34925,23.11596],[88.35112,23.11779],[88.35416,23.11928],[88.35575,23.11941],[88.3593,23.11742],[88.36026,23.1178],[88.36003,23.11999],[88.36082,23.12594],[88.3618,23.12964],[88.36224,23.13548],[88.36188,23.13741],[88.36321,23.13778],[88.36417,23.141],[88.36277,23.14309],[88.36357,23.14823],[88.36354,23.1501],[88.36451,23.15107],[88.36152,23.15294],[88.3628,23.15423],[88.36493,23.15462],[88.36818,23.1566],[88.36878,23.1602],[88.37133,23.16154],[88.3725,23.16114],[88.37481,23.16194],[88.37519,23.16396],[88.37372,23.16517],[88.37055,23.16592],[88.36825,23.16707],[88.36781,23.16999],[88.36678,23.17182],[88.3695,23.17402],[88.36771,23.17777],[88.37219,23.17783],[88.37507,23.17663],[88.37515,23.17845],[88.37895,23.17865],[88.38017,23.18013],[88.3823,23.18134],[88.38279,23.187],[88.38279,23.19023],[88.38397,23.19202],[88.38403,23.19543],[88.3904,23.19355],[88.3936,23.19085],[88.39779,23.1886],[88.40144,23.19026],[88.40355,23.19023],[88.40452,23.19237],[88.4071,23.1941],[88.40925,23.19752],[88.41044,23.20139],[88.4131,23.20596],[88.41318,23.20872],[88.41502,23.21154],[88.40877,23.21035],[88.4072,23.21087],[88.39979,23.2116],[88.39718,23.21245],[88.38376,23.21871],[88.37252,23.22499],[88.36889,23.22761],[88.36522,23.22854],[88.36036,23.2303],[88.35683,23.23368],[88.35612,23.23488],[88.35227,23.23863],[88.35106,23.24069],[88.35382,23.2441],[88.35509,23.24679],[88.35831,23.25059],[88.36197,23.25273],[88.36295,23.25485],[88.36161,23.25637],[88.35979,23.25702],[88.35679,23.26433],[88.35541,23.26435],[88.35457,23.26824],[88.35064,23.27604],[88.34939,23.28048],[88.34464,23.27946],[88.34095,23.27962],[88.33152,23.28063],[88.33082,23.28272],[88.33299,23.28995],[88.33435,23.29369],[88.33515,23.29385],[88.34042,23.29266],[88.34339,23.29057],[88.3479,23.29065],[88.34774,23.29217],[88.34198,23.29843],[88.34142,23.3003],[88.33818,23.30213],[88.33088,23.3099],[88.32791,23.31105],[88.32643,23.31411],[88.32613,23.3177],[88.32696,23.32198],[88.32792,23.32344],[88.33105,23.32494],[88.33542,23.32622],[88.33629,23.32906],[88.33521,23.33126],[88.3332,23.33142],[88.32977,23.33014],[88.3322,23.33366],[88.33264,23.3354],[88.33123,23.33718],[88.33082,23.34105],[88.33126,23.34177],[88.33933,23.34004],[88.34288,23.34598],[88.34248,23.34814],[88.33878,23.34984],[88.3302,23.35434],[88.32894,23.35845],[88.32863,23.36199],[88.32904,23.36471],[88.33076,23.37051],[88.33315,23.37238],[88.33473,23.37565],[88.33611,23.37736],[88.33989,23.38036],[88.35025,23.38764],[88.35229,23.3898],[88.35485,23.3942],[88.35608,23.401],[88.35671,23.40692],[88.35653,23.40885],[88.35449,23.41173],[88.34951,23.41498],[88.34253,23.41688],[88.34029,23.41648],[88.33623,23.41482],[88.3311,23.41476],[88.32826,23.41769],[88.32862,23.42064],[88.33123,23.42095],[88.33271,23.42043],[88.3355,23.4206],[88.33801,23.42269],[88.34003,23.42573],[88.34373,23.42832],[88.35015,23.43009],[88.35167,23.43115],[88.34943,23.43598],[88.34371,23.4359],[88.34266,23.43638],[88.34327,23.44116],[88.34448,23.44483],[88.34579,23.44546],[88.34552,23.44779],[88.34414,23.44901],[88.34198,23.4493],[88.34,23.45106],[88.33932,23.45341],[88.33903,23.45751],[88.34284,23.45883],[88.34504,23.4578],[88.34797,23.45822],[88.34869,23.45921],[88.35341,23.45835],[88.35534,23.45883],[88.35711,23.45742],[88.3609,23.45864],[88.36181,23.45948],[88.36667,23.4586],[88.3683,23.46156],[88.3639,23.46127],[88.3567,23.46595],[88.36176,23.47179],[88.3633,23.47321],[88.36478,23.47309],[88.36244,23.48109],[88.37254,23.48638],[88.37524,23.48816],[88.3806,23.49235],[88.38573,23.49686],[88.3891,23.50074],[88.38554,23.50801],[88.3783,23.51566],[88.37545,23.51834],[88.37285,23.51976],[88.37237,23.52092],[88.36916,23.52326],[88.36803,23.52757],[88.36631,23.53204],[88.36434,23.53078],[88.36019,23.53574],[88.36031,23.53664],[88.35775,23.54016],[88.35873,23.54483],[88.3556,23.54662],[88.35414,23.54399],[88.35016,23.5464],[88.34781,23.54866],[88.34591,23.54911],[88.33622,23.54862],[88.32727,23.5474],[88.32397,23.54919],[88.3193,23.55068],[88.31443,23.54759],[88.31244,23.54586],[88.30814,23.54314],[88.30225,23.54386],[88.29849,23.54512],[88.29314,23.54429],[88.29135,23.54015],[88.28409,23.54005],[88.27824,23.53835],[88.27502,23.53774],[88.27458,23.54369],[88.27478,23.54603],[88.27302,23.54838],[88.27481,23.55422],[88.27491,23.55654],[88.27343,23.55926],[88.2761,23.56164],[88.27707,23.5618],[88.28359,23.56078],[88.28793,23.56166],[88.29335,23.56321],[88.29611,23.56364],[88.29877,23.56529],[88.30019,23.56526],[88.30649,23.56753],[88.3115,23.56873],[88.31579,23.57158],[88.32134,23.57662],[88.32071,23.57767],[88.32014,23.58352],[88.318,23.58439],[88.31819,23.58673],[88.3162,23.58871],[88.31464,23.59128],[88.31031,23.59121],[88.30763,23.58832],[88.30458,23.58673],[88.29443,23.5825],[88.28753,23.57813],[88.28451,23.57822],[88.28292,23.582],[88.28327,23.58449],[88.28435,23.5867],[88.28614,23.58718],[88.28317,23.59084],[88.27979,23.59282],[88.2812,23.59607],[88.2807,23.60312],[88.2809,23.60685],[88.27747,23.60651],[88.27611,23.59635],[88.27226,23.59849],[88.26792,23.60254],[88.26655,23.60986],[88.26462,23.61411],[88.26244,23.61723],[88.25758,23.62024],[88.25484,23.6167],[88.25465,23.61892],[88.25241,23.61917],[88.24838,23.61753],[88.23515,23.61685],[88.22847,23.61614],[88.22731,23.61392],[88.22881,23.61225],[88.22493,23.61],[88.22437,23.60711],[88.2236,23.60684],[88.21458,23.60788],[88.21232,23.61039],[88.20434,23.61724],[88.19946,23.6209],[88.19697,23.62232],[88.19129,23.62274],[88.18507,23.62265],[88.17868,23.62182],[88.17271,23.62217],[88.16699,23.62283],[88.16433,23.62347],[88.15932,23.62614],[88.15394,23.63074],[88.15318,23.63237],[88.15288,23.63778],[88.15118,23.64119],[88.14604,23.64705],[88.13945,23.65197],[88.13721,23.65415],[88.13452,23.65987],[88.13434,23.66251],[88.13499,23.66747],[88.13689,23.67327],[88.13845,23.67604],[88.14023,23.68053],[88.14442,23.68943],[88.14864,23.69604],[88.15426,23.70285],[88.16041,23.70901],[88.16322,23.71254],[88.16424,23.71326],[88.17065,23.71502],[88.17423,23.71636],[88.17724,23.71599],[88.17793,23.71705],[88.18191,23.71706],[88.18301,23.7155],[88.18886,23.7144],[88.20323,23.71281],[88.20906,23.71168],[88.21156,23.70995],[88.21487,23.70935],[88.21681,23.70853],[88.22102,23.70836],[88.22315,23.70889],[88.22677,23.70898],[88.22794,23.70779],[88.23061,23.70893],[88.23292,23.71179],[88.23299,23.71473],[88.23245,23.71905],[88.22644,23.72384],[88.21608,23.72901],[88.21395,23.72851],[88.20508,23.73138],[88.20311,23.73156],[88.20143,23.73018],[88.20027,23.73046],[88.19363,23.73496],[88.19206,23.73884],[88.19519,23.74353],[88.19486,23.74708],[88.1933,23.75074],[88.19321,23.7533],[88.19363,23.76145],[88.19491,23.76559]]]},"properties":{"OBJECTID":451,"dtname":"Purba Bardhaman","stname":"West Bengal","stcode11":"19","dtcode11":"335","year_stat":"2011_c","dist_lgd":306,"state_lgd":19,"SHAPE_Length":657333.0791176003,"SHAPE_Area":6210121920.952782,"remarks":" ","d_pan_code":266,"d_pan_name":"Purba Bardhaman","New_Name":"Purba Bardhaman","mached":"-1"},"id":451},
{"type":"Feature","geometry":{"type":"Polygon","coordinates":[[[87.88977,24.56558],[87.88872,24.56491],[87.88413,24.56484],[87.88177,24.5653],[87.87863,24.56431],[87.87404,24.56411],[87.87037,24.56457],[87.86901,24.56424],[87.86988,24.55806],[87.86938,24.55602],[87.86658,24.55661],[87.86087,24.55693],[87.85644,24.5581],[87.85392,24.55941],[87.85408,24.56105],[87.85235,24.56177],[87.85328,24.55764],[87.85192,24.55672],[87.85106,24.55455],[87.84941,24.55384],[87.84804,24.55508],[87.84792,24.5573],[87.84405,24.55743],[87.84082,24.55979],[87.83898,24.55912],[87.83467,24.55886],[87.83283,24.55806],[87.82931,24.55865],[87.82752,24.55799],[87.82536,24.5595],[87.82431,24.56146],[87.82388,24.56474],[87.82541,24.56756],[87.8249,24.56952],[87.81812,24.5726],[87.81589,24.57437],[87.81218,24.57856],[87.8061,24.57973],[87.79823,24.5803],[87.79435,24.58142],[87.79213,24.58319],[87.78134,24.58303],[87.77143,24.58322],[87.77144,24.57574],[87.77019,24.57049],[87.77267,24.57115],[87.77564,24.57124],[87.77716,24.57328],[87.78069,24.57333],[87.78652,24.57153],[87.7896,24.57165],[87.79104,24.57238],[87.79512,24.56927],[87.79451,24.56826],[87.79604,24.56591],[87.79991,24.56451],[87.79975,24.56189],[87.80245,24.56169],[87.80346,24.55923],[87.80336,24.55639],[87.80615,24.55244],[87.80539,24.55156],[87.80798,24.54833],[87.80841,24.54533],[87.80504,24.54336],[87.8047,24.54188],[87.79957,24.54339],[87.79756,24.5388],[87.79791,24.53656],[87.80042,24.53342],[87.80054,24.53176],[87.79939,24.52783],[87.79923,24.52473],[87.80216,24.52375],[87.80424,24.51923],[87.8027,24.51597],[87.80194,24.5122],[87.80011,24.51135],[87.7985,24.5115],[87.79833,24.50848],[87.80219,24.50753],[87.801,24.50399],[87.79684,24.50476],[87.79564,24.50423],[87.79507,24.50099],[87.79851,24.49705],[87.79899,24.49399],[87.80126,24.49372],[87.80298,24.49566],[87.80533,24.50061],[87.8039,24.50433],[87.8039,24.50627],[87.80272,24.50778],[87.80459,24.50866],[87.80442,24.51075],[87.80717,24.5124],[87.80934,24.51452],[87.81186,24.51214],[87.81138,24.50905],[87.81429,24.50884],[87.81348,24.50534],[87.81723,24.50061],[87.81307,24.50006],[87.8133,24.49683],[87.81191,24.49665],[87.81157,24.49493],[87.8128,24.49436],[87.81239,24.4916],[87.81623,24.49094],[87.81712,24.49255],[87.82002,24.49315],[87.82164,24.49554],[87.82164,24.49782],[87.82447,24.5003],[87.82815,24.49862],[87.82786,24.49556],[87.82658,24.49515],[87.82576,24.49062],[87.8274,24.49031],[87.8261,24.48843],[87.82272,24.48845],[87.81662,24.49015],[87.81456,24.48864],[87.81369,24.48443],[87.81118,24.47853],[87.8108,24.47568],[87.81438,24.47469],[87.81708,24.47517],[87.8192,24.47403],[87.81865,24.47226],[87.82233,24.47119],[87.82126,24.46619],[87.82398,24.46517],[87.82293,24.46279],[87.82464,24.46148],[87.82357,24.45808],[87.81893,24.45799],[87.81905,24.45464],[87.8132,24.45671],[87.81078,24.45651],[87.81031,24.45512],[87.80583,24.45515],[87.80314,24.454],[87.80127,24.44849],[87.80013,24.44768],[87.80001,24.44591],[87.80285,24.44386],[87.8036,24.44129],[87.80065,24.4405],[87.80077,24.43733],[87.79575,24.4371],[87.79607,24.43546],[87.79466,24.43242],[87.79336,24.4312],[87.79415,24.43004],[87.79235,24.42795],[87.79415,24.42625],[87.79399,24.42488],[87.7956,24.42246],[87.79503,24.42094],[87.78979,24.42066],[87.78853,24.4145],[87.79347,24.41456],[87.79719,24.4121],[87.79912,24.41228],[87.7999,24.40918],[87.80293,24.41068],[87.80437,24.4127],[87.80632,24.42014],[87.80751,24.41996],[87.81128,24.41783],[87.81093,24.41509],[87.81259,24.41391],[87.81259,24.41188],[87.81053,24.40657],[87.8076,24.40712],[87.8057,24.40556],[87.80536,24.40335],[87.80389,24.40234],[87.80219,24.39998],[87.79838,24.4022],[87.79514,24.40148],[87.79421,24.40013],[87.79407,24.39684],[87.7974,24.39549],[87.79935,24.39421],[87.79915,24.39157],[87.79951,24.38641],[87.80082,24.38463],[87.8011,24.38222],[87.79923,24.38198],[87.79382,24.38307],[87.7911,24.37755],[87.79135,24.37532],[87.79016,24.37373],[87.7881,24.36891],[87.78597,24.36249],[87.78415,24.36266],[87.77984,24.35842],[87.77725,24.35469],[87.77623,24.35424],[87.7732,24.35044],[87.77091,24.34418],[87.76781,24.34438],[87.7644,24.33933],[87.76308,24.33633],[87.76246,24.33308],[87.76314,24.3297],[87.76723,24.32956],[87.76955,24.32713],[87.76966,24.32369],[87.77056,24.3224],[87.76801,24.32168],[87.76443,24.32245],[87.76281,24.32078],[87.76299,24.31625],[87.76185,24.31429],[87.76302,24.31298],[87.7616,24.30847],[87.76032,24.30829],[87.75486,24.31025],[87.75179,24.30641],[87.7491,24.30543],[87.74853,24.30355],[87.74656,24.30186],[87.74616,24.30042],[87.74742,24.29924],[87.74315,24.29678],[87.74061,24.29717],[87.7375,24.29577],[87.7376,24.29374],[87.73473,24.2923],[87.73226,24.29171],[87.72869,24.28844],[87.72558,24.2899],[87.7246,24.29091],[87.71405,24.29435],[87.71274,24.29105],[87.71335,24.28965],[87.7133,24.28403],[87.70968,24.2809],[87.70701,24.27578],[87.70708,24.27485],[87.70937,24.2716],[87.70882,24.2673],[87.70658,24.2622],[87.70399,24.26099],[87.70123,24.26284],[87.69995,24.2627],[87.69778,24.26025],[87.69445,24.25906],[87.69257,24.25781],[87.69036,24.25785],[87.68957,24.25609],[87.6892,24.25326],[87.6876,24.2528],[87.68666,24.2509],[87.68754,24.24644],[87.68461,24.247],[87.67833,24.24902],[87.67467,24.24866],[87.67341,24.24724],[87.67234,24.24358],[87.67105,24.24351],[87.66609,24.24529],[87.66391,24.24566],[87.6622,24.24492],[87.66277,24.23843],[87.66134,24.23685],[87.65917,24.23612],[87.65654,24.23675],[87.65466,24.23853],[87.65303,24.24091],[87.65149,24.246],[87.64943,24.24942],[87.64659,24.25187],[87.63878,24.25438],[87.64073,24.24882],[87.64028,24.24736],[87.63876,24.24657],[87.63711,24.24418],[87.63494,24.24279],[87.63334,24.23704],[87.63523,24.23607],[87.63876,24.23647],[87.64221,24.23607],[87.64563,24.23437],[87.64663,24.23153],[87.64484,24.22971],[87.64647,24.22594],[87.64582,24.22474],[87.64026,24.21993],[87.63967,24.21831],[87.63776,24.21724],[87.63861,24.21399],[87.64152,24.21333],[87.64716,24.21123],[87.65434,24.20773],[87.6564,24.20824],[87.65782,24.20973],[87.65988,24.20903],[87.66119,24.20942],[87.66731,24.20683],[87.66934,24.21007],[87.67117,24.20891],[87.67596,24.20803],[87.67638,24.20498],[87.67575,24.20372],[87.67589,24.19976],[87.67728,24.1986],[87.67635,24.19373],[87.67987,24.19326],[87.68408,24.19139],[87.68568,24.18959],[87.68973,24.18932],[87.69703,24.18832],[87.69861,24.18781],[87.69788,24.18529],[87.69898,24.18405],[87.69851,24.18252],[87.69901,24.18061],[87.70256,24.18061],[87.7029,24.1792],[87.70163,24.17578],[87.69767,24.16885],[87.69655,24.16569],[87.6957,24.16178],[87.69696,24.15965],[87.69449,24.15289],[87.69442,24.15024],[87.68885,24.15174],[87.68562,24.15002],[87.68224,24.15096],[87.67948,24.14817],[87.67851,24.14814],[87.67709,24.15075],[87.67559,24.15186],[87.67345,24.15154],[87.66842,24.15457],[87.66635,24.1538],[87.66432,24.15759],[87.65948,24.15774],[87.65731,24.15869],[87.65714,24.15649],[87.65545,24.15615],[87.65478,24.15806],[87.65313,24.15872],[87.653,24.15598],[87.64921,24.15419],[87.64536,24.15327],[87.64202,24.15311],[87.64065,24.1547],[87.64008,24.15723],[87.63713,24.158],[87.63544,24.1592],[87.63348,24.15925],[87.63216,24.16045],[87.63267,24.16255],[87.6312,24.16441],[87.62834,24.1639],[87.62547,24.16503],[87.62359,24.16479],[87.62199,24.16343],[87.61572,24.16608],[87.61311,24.16451],[87.61019,24.1648],[87.60849,24.16581],[87.6066,24.16403],[87.60684,24.16092],[87.60248,24.16029],[87.60105,24.16118],[87.59739,24.1604],[87.59575,24.16128],[87.59272,24.16026],[87.58719,24.16166],[87.58585,24.16412],[87.58381,24.16431],[87.5814,24.16248],[87.58042,24.15935],[87.5771,24.16146],[87.57432,24.16018],[87.57711,24.15653],[87.58304,24.15228],[87.58567,24.15172],[87.58955,24.14767],[87.59388,24.14534],[87.59446,24.1423],[87.59777,24.1397],[87.60059,24.13681],[87.60255,24.13547],[87.60496,24.13292],[87.60791,24.13212],[87.60784,24.13091],[87.60444,24.12925],[87.60233,24.12711],[87.59871,24.12806],[87.59707,24.128],[87.59564,24.12623],[87.59101,24.12701],[87.58714,24.12394],[87.58491,24.11955],[87.58423,24.11553],[87.5826,24.11312],[87.58043,24.11226],[87.57707,24.11244],[87.57627,24.10988],[87.57458,24.10893],[87.57436,24.10491],[87.57511,24.10339],[87.57434,24.1002],[87.57572,24.09852],[87.58026,24.08695],[87.57676,24.08699],[87.57403,24.08824],[87.57091,24.08838],[87.56884,24.08727],[87.56816,24.08548],[87.56664,24.08549],[87.56378,24.08403],[87.56165,24.08406],[87.56019,24.08209],[87.55904,24.08217],[87.55723,24.08404],[87.55643,24.08709],[87.55345,24.08888],[87.5511,24.08814],[87.54819,24.08601],[87.54503,24.08523],[87.54306,24.08609],[87.54291,24.0898],[87.54237,24.0912],[87.53959,24.09378],[87.53596,24.09534],[87.5331,24.0998],[87.53259,24.10397],[87.53333,24.1069],[87.53219,24.10835],[87.53071,24.1082],[87.52732,24.1066],[87.5248,24.10884],[87.52285,24.11311],[87.52147,24.1138],[87.51663,24.11427],[87.51376,24.11229],[87.51061,24.11216],[87.50817,24.11365],[87.50419,24.11443],[87.50368,24.11574],[87.50063,24.11666],[87.49762,24.11897],[87.49736,24.11603],[87.49576,24.11279],[87.49724,24.10953],[87.49774,24.10644],[87.49989,24.10361],[87.50041,24.10184],[87.49918,24.09953],[87.49756,24.09788],[87.49577,24.099],[87.4971,24.09452],[87.49543,24.09295],[87.49225,24.09381],[87.49131,24.09144],[87.48991,24.09063],[87.49091,24.08899],[87.49239,24.08888],[87.49304,24.0874],[87.49757,24.08583],[87.50169,24.0863],[87.50233,24.08544],[87.50494,24.08596],[87.50832,24.08543],[87.51072,24.08206],[87.50752,24.08052],[87.5061,24.07849],[87.50608,24.07559],[87.50449,24.07543],[87.50208,24.07368],[87.49948,24.07607],[87.4959,24.07683],[87.49272,24.0769],[87.49061,24.07059],[87.49478,24.0668],[87.49985,24.06516],[87.49873,24.06153],[87.49607,24.06111],[87.49502,24.05944],[87.4955,24.05751],[87.49343,24.05439],[87.49756,24.05137],[87.50149,24.05082],[87.50453,24.04852],[87.50859,24.0476],[87.51013,24.04539],[87.511,24.04071],[87.51214,24.0374],[87.51198,24.03584],[87.50653,24.03287],[87.50359,24.03183],[87.50293,24.02608],[87.50038,24.02649],[87.49688,24.02545],[87.49389,24.02216],[87.49148,24.01862],[87.48985,24.01773],[87.4822,24.01618],[87.47613,24.01227],[87.47323,24.01608],[87.47235,24.01634],[87.46889,24.01405],[87.46165,24.01324],[87.46129,24.01616],[87.46029,24.01841],[87.45857,24.01861],[87.45829,24.01669],[87.4523,24.01654],[87.45089,24.01802],[87.44944,24.01562],[87.44618,24.01377],[87.44453,24.0151],[87.44248,24.01425],[87.43834,24.01355],[87.43769,24.01237],[87.43802,24.00953],[87.44023,24.00912],[87.44139,24.01137],[87.4426,24.01163],[87.44876,24.01137],[87.44968,24.00978],[87.44815,24.00778],[87.44533,24.00764],[87.44384,24.00697],[87.44521,24.00542],[87.44525,24.00202],[87.44682,24.00176],[87.44863,24.00298],[87.4555,24.00191],[87.45586,23.99991],[87.46169,23.99487],[87.46161,23.99165],[87.46217,23.99016],[87.46192,23.98697],[87.46065,23.98401],[87.45211,23.98672],[87.4495,23.98796],[87.44894,23.9856],[87.44741,23.98486],[87.44592,23.9823],[87.4428,23.98242],[87.44054,23.98125],[87.43677,23.98212],[87.43593,23.98352],[87.43124,23.98533],[87.42922,23.98645],[87.42772,23.99235],[87.42265,23.99351],[87.42037,23.99343],[87.41819,23.99261],[87.4156,23.99307],[87.4139,23.99447],[87.41109,23.99489],[87.40559,23.99723],[87.403,23.99751],[87.39878,24.00065],[87.39462,24.00275],[87.38727,24.00386],[87.38485,24.00334],[87.38312,24.00448],[87.38015,24.00408],[87.3791,24.00652],[87.37512,24.00895],[87.37114,24.0094],[87.36425,24.01154],[87.36042,24.01309],[87.35874,24.01257],[87.35733,24.00995],[87.35701,24.00611],[87.355,24.00437],[87.35199,23.99918],[87.34467,23.99885],[87.34105,23.99897],[87.33767,24.00002],[87.33126,23.99927],[87.32817,23.99867],[87.32532,24.0011],[87.32203,24.00305],[87.31913,24.00778],[87.32025,24.00937],[87.32363,24.00989],[87.32319,24.01264],[87.32432,24.01485],[87.32657,24.01762],[87.32986,24.01958],[87.33223,24.02028],[87.33412,24.01988],[87.3358,24.02068],[87.33644,24.02212],[87.33629,24.02603],[87.33958,24.02652],[87.33913,24.02995],[87.33825,24.03272],[87.33712,24.03431],[87.3323,24.03287],[87.32701,24.03286],[87.32452,24.03331],[87.32127,24.03475],[87.31725,24.03567],[87.31335,24.03497],[87.30894,24.03208],[87.30512,24.03205],[87.29861,24.03352],[87.29258,24.03344],[87.29017,24.03229],[87.28997,24.02978],[87.28746,24.02886],[87.27982,24.03177],[87.27934,24.03288],[87.27552,24.03295],[87.27335,24.03522],[87.2676,24.03776],[87.26643,24.03795],[87.26314,24.03687],[87.26073,24.03739],[87.25691,24.04071],[87.25353,24.04296],[87.25,24.04409],[87.24754,24.04533],[87.2454,24.04506],[87.24397,24.04321],[87.24093,24.04134],[87.2405,24.0384],[87.23951,24.03802],[87.23443,24.03249],[87.23453,24.02975],[87.23528,24.02685],[87.23289,24.02374],[87.23466,24.02211],[87.23503,24.02018],[87.23696,24.02003],[87.23917,24.01834],[87.24271,24.01768],[87.24456,24.01664],[87.24199,24.01388],[87.24091,24.01191],[87.24748,24.00075],[87.24865,24],[87.2505,23.99704],[87.25306,23.99621],[87.25309,23.99891],[87.25486,23.99983],[87.25826,24.0006],[87.26203,24.00322],[87.26416,24.00061],[87.26382,23.99897],[87.2655,23.99617],[87.26522,23.99394],[87.26768,23.99104],[87.26826,23.9891],[87.26766,23.98551],[87.26648,23.98355],[87.26691,23.98221],[87.26322,23.9823],[87.26038,23.97216],[87.26045,23.97043],[87.26153,23.96758],[87.26369,23.96709],[87.26587,23.96566],[87.26677,23.96659],[87.27093,23.96747],[87.27234,23.96639],[87.27587,23.96542],[87.27647,23.9633],[87.27976,23.96192],[87.27979,23.96056],[87.28184,23.96059],[87.28327,23.95948],[87.28846,23.95851],[87.29037,23.95916],[87.29362,23.95732],[87.29104,23.95322],[87.29129,23.95225],[87.28977,23.9495],[87.2907,23.94727],[87.29047,23.94488],[87.2912,23.94423],[87.29082,23.94167],[87.28702,23.94034],[87.28416,23.93831],[87.28444,23.9348],[87.28387,23.93188],[87.28469,23.92853],[87.2882,23.9269],[87.28354,23.92091],[87.28801,23.91895],[87.29074,23.91593],[87.29062,23.91225],[87.29187,23.9042],[87.29483,23.90282],[87.29488,23.90204],[87.28965,23.89992],[87.28822,23.89855],[87.28825,23.89724],[87.2907,23.89464],[87.29111,23.89328],[87.28885,23.89139],[87.28066,23.88795],[87.27956,23.88655],[87.27543,23.88475],[87.27493,23.88175],[87.26915,23.87458],[87.2684,23.8764],[87.26589,23.8778],[87.26259,23.88082],[87.2594,23.88276],[87.25988,23.88366],[87.26218,23.88361],[87.26178,23.88689],[87.26225,23.88852],[87.26045,23.89013],[87.26017,23.8926],[87.25844,23.89409],[87.25839,23.89764],[87.25889,23.89954],[87.2551,23.90064],[87.25736,23.90184],[87.25896,23.90415],[87.25828,23.90631],[87.25249,23.91285],[87.2497,23.91029],[87.24512,23.9082],[87.24655,23.9056],[87.2444,23.90309],[87.24451,23.90022],[87.24534,23.89845],[87.24528,23.89497],[87.24306,23.89338],[87.24396,23.89129],[87.24282,23.88967],[87.24274,23.88411],[87.24452,23.88192],[87.2429,23.88003],[87.2429,23.87848],[87.24149,23.87641],[87.24215,23.87432],[87.24153,23.86966],[87.24345,23.86974],[87.24606,23.86869],[87.24873,23.86874],[87.24507,23.86486],[87.24648,23.86281],[87.24429,23.86024],[87.24411,23.85781],[87.2453,23.85557],[87.24817,23.85443],[87.24899,23.85194],[87.25055,23.84932],[87.25421,23.84821],[87.25446,23.8456],[87.25166,23.84279],[87.25129,23.84051],[87.24823,23.83942],[87.24745,23.83774],[87.24903,23.83592],[87.24854,23.83461],[87.24442,23.83225],[87.24543,23.83066],[87.24307,23.83005],[87.24124,23.82761],[87.23845,23.82642],[87.23604,23.82745],[87.23301,23.82756],[87.23088,23.82868],[87.23051,23.82587],[87.2279,23.82511],[87.22627,23.82556],[87.22409,23.82786],[87.21765,23.82915],[87.21654,23.83199],[87.22211,23.83714],[87.22257,23.8386],[87.22321,23.84562],[87.23048,23.84591],[87.23186,23.84828],[87.23479,23.85212],[87.23688,23.85413],[87.23368,23.85713],[87.2307,23.85709],[87.22705,23.85811],[87.22321,23.85824],[87.22305,23.85959],[87.22121,23.86057],[87.22,23.85919],[87.22058,23.85673],[87.21859,23.85436],[87.21388,23.85056],[87.21152,23.85394],[87.20763,23.85512],[87.20522,23.85541],[87.20351,23.84986],[87.19896,23.85022],[87.19627,23.84963],[87.19421,23.84518],[87.19241,23.84365],[87.19087,23.84392],[87.18858,23.84315],[87.18785,23.84421],[87.1889,23.84728],[87.1872,23.84832],[87.18916,23.85041],[87.19318,23.85243],[87.1948,23.85639],[87.19588,23.85782],[87.19037,23.85744],[87.18734,23.85959],[87.1799,23.85197],[87.17393,23.85475],[87.17267,23.85834],[87.17001,23.85987],[87.16641,23.86436],[87.16452,23.86523],[87.15979,23.86502],[87.15531,23.86522],[87.1507,23.86721],[87.1491,23.86624],[87.14662,23.86668],[87.14073,23.86913],[87.13392,23.87017],[87.13178,23.8687],[87.12933,23.86863],[87.12944,23.8608],[87.13035,23.86074],[87.13082,23.85653],[87.13002,23.85391],[87.13323,23.85181],[87.13956,23.84841],[87.14155,23.84536],[87.15372,23.82947],[87.15674,23.83154],[87.16031,23.83113],[87.16221,23.82902],[87.16361,23.82917],[87.16331,23.82656],[87.16711,23.82515],[87.16589,23.82071],[87.1638,23.81758],[87.15901,23.81495],[87.15904,23.81345],[87.15781,23.80929],[87.15535,23.80659],[87.15446,23.80254],[87.15305,23.80311],[87.15161,23.79877],[87.15049,23.79756],[87.14844,23.79727],[87.14417,23.79905],[87.1425,23.80091],[87.14073,23.80398],[87.13943,23.80417],[87.13681,23.80267],[87.13325,23.79927],[87.13115,23.79793],[87.12693,23.79871],[87.1183,23.79748],[87.115,23.79942],[87.11293,23.79916],[87.11094,23.80028],[87.11053,23.80316],[87.11282,23.80534],[87.11627,23.80387],[87.11822,23.80236],[87.11887,23.80524],[87.11673,23.8075],[87.11425,23.80866],[87.108,23.80795],[87.10773,23.80583],[87.10677,23.80437],[87.10304,23.80477],[87.10203,23.80736],[87.09969,23.80939],[87.09699,23.81289],[87.09373,23.81387],[87.0918,23.81537],[87.089,23.81381],[87.08671,23.80897],[87.09097,23.80619],[87.0949,23.80267],[87.10065,23.797],[87.1056,23.78885],[87.10702,23.78694],[87.11382,23.77608],[87.11664,23.77184],[87.12011,23.76857],[87.12265,23.76687],[87.12618,23.76565],[87.13186,23.76229],[87.13513,23.75927],[87.13867,23.75663],[87.1416,23.75508],[87.14794,23.75331],[87.15175,23.75163],[87.15314,23.74998],[87.15609,23.74854],[87.16287,23.75018],[87.16442,23.75009],[87.16596,23.74768],[87.17015,23.74801],[87.17204,23.74858],[87.17585,23.75163],[87.18004,23.75169],[87.18199,23.75102],[87.18539,23.75177],[87.18955,23.74904],[87.19491,23.74882],[87.19948,23.75002],[87.20479,23.74891],[87.21064,23.74967],[87.21417,23.74602],[87.21762,23.74517],[87.21995,23.74166],[87.22526,23.74023],[87.23298,23.74102],[87.24319,23.74467],[87.24558,23.74472],[87.24756,23.7437],[87.24879,23.74576],[87.25174,23.74743],[87.25795,23.74934],[87.264,23.74942],[87.26841,23.7482],[87.27066,23.74547],[87.27259,23.74207],[87.27417,23.73831],[87.27651,23.73415],[87.27787,23.73032],[87.27912,23.72885],[87.2826,23.72798],[87.29312,23.72223],[87.29643,23.72156],[87.30004,23.72174],[87.30545,23.72273],[87.31249,23.72288],[87.3163,23.722],[87.32372,23.71975],[87.33028,23.71751],[87.33144,23.71755],[87.34054,23.72266],[87.34675,23.72169],[87.35333,23.72034],[87.35632,23.71917],[87.35879,23.71656],[87.36086,23.71362],[87.36298,23.70712],[87.36433,23.70454],[87.36643,23.7027],[87.36835,23.70182],[87.37384,23.70079],[87.38351,23.70035],[87.38929,23.69856],[87.39852,23.69348],[87.40174,23.69231],[87.40955,23.68859],[87.41334,23.68613],[87.41461,23.68484],[87.41741,23.678],[87.41561,23.67232],[87.41107,23.66507],[87.40958,23.66153],[87.4096,23.65896],[87.41086,23.65597],[87.41321,23.65236],[87.41757,23.64746],[87.4203,23.64603],[87.42389,23.64502],[87.42495,23.64135],[87.42856,23.63685],[87.43346,23.63185],[87.4368,23.62538],[87.43714,23.62402],[87.44188,23.61627],[87.44332,23.61487],[87.44753,23.61308],[87.45285,23.61165],[87.45641,23.61151],[87.46749,23.61338],[87.47039,23.61343],[87.47882,23.61131],[87.4872,23.60842],[87.49133,23.605],[87.49752,23.60189],[87.49871,23.60084],[87.5023,23.60103],[87.50547,23.60205],[87.50827,23.60405],[87.51161,23.60868],[87.51203,23.61011],[87.51181,23.61411],[87.51264,23.61646],[87.51459,23.61836],[87.52088,23.6201],[87.52435,23.62015],[87.52635,23.62072],[87.52873,23.62017],[87.53101,23.6188],[87.53299,23.61471],[87.53377,23.61039],[87.53479,23.60975],[87.53773,23.60807],[87.54284,23.60617],[87.54405,23.60611],[87.55232,23.60986],[87.55794,23.60874],[87.56256,23.60704],[87.56803,23.60246],[87.56886,23.60011],[87.57128,23.59779],[87.57682,23.59536],[87.57913,23.59496],[87.58459,23.59486],[87.5875,23.59525],[87.59338,23.59687],[87.59669,23.60022],[87.59915,23.60086],[87.60332,23.60105],[87.6111,23.60212],[87.614,23.60313],[87.61721,23.60347],[87.62435,23.60542],[87.62754,23.60544],[87.63047,23.60693],[87.63182,23.60859],[87.63593,23.6105],[87.6382,23.61041],[87.64314,23.60783],[87.64469,23.60658],[87.64885,23.60482],[87.65043,23.60311],[87.65472,23.60345],[87.65676,23.60471],[87.65878,23.60749],[87.6605,23.60897],[87.66103,23.6108],[87.66289,23.61356],[87.66297,23.61685],[87.66454,23.61948],[87.66584,23.6203],[87.67117,23.6208],[87.67594,23.62087],[87.67794,23.62031],[87.67964,23.61823],[87.68156,23.61117],[87.68327,23.60909],[87.68648,23.60692],[87.68907,23.60668],[87.69643,23.60854],[87.69891,23.60985],[87.70111,23.6126],[87.7038,23.61744],[87.70418,23.61927],[87.7087,23.62087],[87.71236,23.62036],[87.71539,23.61907],[87.71778,23.61672],[87.71978,23.61359],[87.72047,23.60964],[87.72179,23.60665],[87.72267,23.6035],[87.72545,23.59976],[87.7282,23.5989],[87.731,23.59687],[87.73162,23.59571],[87.73212,23.59179],[87.73195,23.58929],[87.73261,23.58818],[87.73664,23.5862],[87.73903,23.58614],[87.74037,23.58726],[87.74125,23.58929],[87.74118,23.59272],[87.74249,23.59409],[87.74497,23.59462],[87.75152,23.59293],[87.75639,23.59032],[87.75853,23.58862],[87.76219,23.58658],[87.76346,23.58495],[87.76566,23.57957],[87.76661,23.57848],[87.76933,23.5783],[87.77172,23.57958],[87.77378,23.5828],[87.77571,23.58419],[87.77834,23.58459],[87.78153,23.58414],[87.78282,23.58276],[87.78379,23.57879],[87.78236,23.57561],[87.78241,23.5729],[87.78541,23.57156],[87.78854,23.57138],[87.79434,23.57274],[87.79724,23.57092],[87.79817,23.5688],[87.79809,23.56611],[87.79955,23.56365],[87.80243,23.56005],[87.80538,23.55919],[87.81063,23.5617],[87.81224,23.56359],[87.81445,23.56791],[87.81725,23.5678],[87.82005,23.56634],[87.8267,23.56662],[87.82979,23.56605],[87.83174,23.56738],[87.8377,23.56896],[87.83933,23.56808],[87.84488,23.56234],[87.84569,23.55944],[87.84549,23.55516],[87.84493,23.55201],[87.84603,23.55006],[87.84783,23.54883],[87.85129,23.54987],[87.85606,23.55019],[87.85754,23.54979],[87.86285,23.54688],[87.86513,23.54767],[87.86913,23.55252],[87.86998,23.5561],[87.87088,23.55709],[87.87429,23.55822],[87.87632,23.55778],[87.87747,23.55635],[87.87951,23.55191],[87.8806,23.55092],[87.88306,23.55144],[87.88394,23.55341],[87.88438,23.55779],[87.88669,23.56218],[87.88949,23.56197],[87.89168,23.55887],[87.89102,23.55186],[87.89302,23.54805],[87.89508,23.54633],[87.89652,23.54274],[87.89871,23.54071],[87.901,23.54041],[87.90443,23.54152],[87.90667,23.54305],[87.90913,23.54636],[87.90935,23.54834],[87.91101,23.55192],[87.91037,23.55562],[87.91062,23.55765],[87.91563,23.56161],[87.91728,23.56404],[87.92004,23.56683],[87.92298,23.57082],[87.92457,23.57149],[87.9327,23.57228],[87.93306,23.57367],[87.9319,23.57809],[87.93219,23.58558],[87.93431,23.59026],[87.93701,23.59211],[87.94537,23.59311],[87.94685,23.5944],[87.94821,23.59671],[87.9488,23.59996],[87.94856,23.60386],[87.94786,23.60752],[87.94869,23.60992],[87.95093,23.61408],[87.95281,23.62162],[87.95175,23.624],[87.95309,23.6281],[87.95458,23.62915],[87.95639,23.62897],[87.96053,23.62946],[87.96097,23.63112],[87.95761,23.63258],[87.95466,23.63336],[87.95469,23.6347],[87.95342,23.63609],[87.954,23.63774],[87.95128,23.63758],[87.94986,23.63866],[87.94745,23.63876],[87.94682,23.64009],[87.94446,23.64072],[87.94463,23.6444],[87.94088,23.64482],[87.94074,23.64605],[87.93706,23.64626],[87.93547,23.64569],[87.93392,23.64773],[87.93528,23.64896],[87.93553,23.6515],[87.93687,23.65844],[87.93616,23.65857],[87.93626,23.66303],[87.93456,23.66285],[87.93224,23.66069],[87.93273,23.65912],[87.92956,23.65877],[87.92725,23.66096],[87.92766,23.66214],[87.92708,23.66501],[87.92091,23.66554],[87.91862,23.66242],[87.91575,23.66336],[87.9145,23.66246],[87.91166,23.66389],[87.91102,23.66616],[87.91375,23.66934],[87.9101,23.66925],[87.90985,23.67172],[87.91299,23.67255],[87.91404,23.67204],[87.91696,23.67285],[87.91742,23.67448],[87.91947,23.67411],[87.91991,23.6792],[87.92125,23.67989],[87.92184,23.68178],[87.91835,23.68151],[87.91619,23.68372],[87.91383,23.68469],[87.91358,23.68695],[87.91541,23.68982],[87.91563,23.69159],[87.91439,23.69235],[87.91583,23.6949],[87.91804,23.6943],[87.91827,23.69652],[87.917,23.69714],[87.91393,23.70171],[87.91076,23.70518],[87.91025,23.70915],[87.90881,23.70964],[87.90964,23.7158],[87.91047,23.71947],[87.91805,23.71798],[87.91946,23.71676],[87.92017,23.72098],[87.91752,23.72286],[87.91772,23.72566],[87.9171,23.72898],[87.92398,23.73008],[87.92737,23.7297],[87.92998,23.72843],[87.93097,23.72884],[87.93487,23.72832],[87.93587,23.73337],[87.93636,23.73859],[87.93887,23.7403],[87.93999,23.73889],[87.94165,23.73927],[87.94194,23.74057],[87.94562,23.74018],[87.94743,23.74546],[87.94802,23.74851],[87.95063,23.74969],[87.95365,23.74964],[87.95455,23.75038],[87.95442,23.75274],[87.95556,23.75521],[87.95449,23.7562],[87.94781,23.75633],[87.94667,23.75729],[87.94717,23.75953],[87.94731,23.76391],[87.94108,23.76386],[87.93822,23.76444],[87.93858,23.76904],[87.94033,23.76912],[87.93983,23.77233],[87.93857,23.77422],[87.94281,23.77637],[87.94632,23.77736],[87.94765,23.77603],[87.94969,23.77661],[87.95042,23.78075],[87.95433,23.78593],[87.95555,23.78638],[87.95646,23.79052],[87.95742,23.79881],[87.95824,23.80379],[87.96049,23.8035],[87.96122,23.80528],[87.96507,23.80508],[87.96575,23.80921],[87.9576,23.81063],[87.95483,23.80913],[87.95051,23.8122],[87.94918,23.81259],[87.94876,23.81634],[87.94704,23.81723],[87.94611,23.81909],[87.94421,23.82014],[87.9297,23.82571],[87.92905,23.82673],[87.93159,23.83157],[87.93399,23.83153],[87.93478,23.83371],[87.93104,23.83506],[87.93049,23.8367],[87.92727,23.83776],[87.92563,23.84095],[87.91869,23.84316],[87.91823,23.84164],[87.91531,23.84178],[87.91418,23.84424],[87.91161,23.84508],[87.90478,23.84529],[87.90408,23.84356],[87.90344,23.83868],[87.90037,23.83835],[87.89575,23.83941],[87.89306,23.83931],[87.89055,23.84],[87.88915,23.84132],[87.89027,23.84419],[87.89106,23.84914],[87.88672,23.85544],[87.88536,23.85659],[87.8869,23.86006],[87.88633,23.86243],[87.88454,23.86147],[87.87934,23.86015],[87.87719,23.8586],[87.87726,23.85478],[87.87515,23.85494],[87.87317,23.8585],[87.87027,23.86002],[87.86987,23.86203],[87.87016,23.86695],[87.86939,23.86837],[87.86986,23.86978],[87.86758,23.87174],[87.86543,23.87111],[87.86188,23.87085],[87.85822,23.87216],[87.85858,23.87355],[87.86231,23.8755],[87.86367,23.87836],[87.86217,23.8812],[87.85672,23.8829],[87.85321,23.88251],[87.8522,23.88392],[87.85297,23.88602],[87.85059,23.88768],[87.8479,23.88841],[87.84632,23.89352],[87.84639,23.89501],[87.8484,23.89923],[87.84879,23.90186],[87.84582,23.90338],[87.84557,23.90434],[87.84316,23.90509],[87.84385,23.90846],[87.84284,23.90961],[87.84406,23.91189],[87.84324,23.91446],[87.84416,23.91625],[87.84855,23.91584],[87.85198,23.91645],[87.85417,23.91785],[87.85702,23.91779],[87.85833,23.92023],[87.86003,23.92092],[87.86401,23.91878],[87.86609,23.91924],[87.86652,23.92086],[87.8657,23.92251],[87.862,23.92604],[87.86243,23.92772],[87.86089,23.92864],[87.86157,23.93356],[87.86519,23.9351],[87.86645,23.93752],[87.86736,23.94148],[87.86714,23.94347],[87.865,23.94342],[87.86105,23.94673],[87.86151,23.95064],[87.86308,23.958],[87.86393,23.95955],[87.86056,23.96495],[87.84916,23.9671],[87.84786,23.97135],[87.85097,23.97287],[87.85333,23.97334],[87.8563,23.9731],[87.85669,23.97482],[87.85848,23.97568],[87.85913,23.98102],[87.85827,23.98264],[87.8606,23.98451],[87.85834,23.98847],[87.85629,23.99036],[87.85762,23.9987],[87.86061,23.99934],[87.86142,24.00061],[87.86413,24.00114],[87.86507,24.00255],[87.86539,24.00492],[87.86662,24.00849],[87.86779,24.01054],[87.86927,24.01124],[87.86889,24.01688],[87.86503,24.01847],[87.86172,24.01931],[87.85998,24.0207],[87.85986,24.02297],[87.86042,24.02614],[87.86278,24.02664],[87.86491,24.02618],[87.86582,24.02721],[87.86968,24.02766],[87.86971,24.02926],[87.87366,24.03246],[87.87388,24.03628],[87.87475,24.04004],[87.87852,24.0412],[87.88235,24.04297],[87.88731,24.04374],[87.89218,24.04394],[87.89313,24.04358],[87.89682,24.04517],[87.89575,24.0476],[87.89726,24.05072],[87.89795,24.05838],[87.8978,24.06132],[87.89678,24.06439],[87.89671,24.0665],[87.89374,24.06778],[87.89503,24.07225],[87.89545,24.0749],[87.89426,24.07569],[87.89537,24.08161],[87.89664,24.08199],[87.89956,24.08526],[87.89983,24.08704],[87.89928,24.0897],[87.90198,24.091],[87.90604,24.09158],[87.90978,24.09127],[87.90906,24.09461],[87.91053,24.09534],[87.91246,24.0998],[87.90911,24.10289],[87.90797,24.10453],[87.908,24.1073],[87.90396,24.1061],[87.90257,24.10428],[87.8967,24.10505],[87.89491,24.10683],[87.89601,24.10915],[87.89603,24.11133],[87.89482,24.11183],[87.89514,24.11369],[87.89343,24.11494],[87.89202,24.11417],[87.89105,24.11574],[87.89261,24.11713],[87.89501,24.1172],[87.89635,24.11798],[87.89956,24.12218],[87.90187,24.12673],[87.90432,24.12591],[87.90519,24.12694],[87.90479,24.12953],[87.90704,24.13164],[87.90863,24.13392],[87.91024,24.1348],[87.91024,24.13723],[87.90861,24.14381],[87.90759,24.14303],[87.90276,24.14283],[87.90234,24.14403],[87.8987,24.14365],[87.89686,24.14636],[87.89899,24.15045],[87.89765,24.15381],[87.90308,24.15392],[87.90291,24.15845],[87.89969,24.15874],[87.89936,24.16184],[87.90181,24.16277],[87.90525,24.16309],[87.90528,24.16538],[87.90669,24.16614],[87.90925,24.16406],[87.90989,24.16229],[87.91219,24.16242],[87.91467,24.16325],[87.91487,24.16461],[87.91894,24.16794],[87.92036,24.16753],[87.92204,24.16927],[87.92415,24.16971],[87.92593,24.17321],[87.92841,24.17237],[87.92997,24.17503],[87.93186,24.17441],[87.93297,24.17696],[87.93575,24.18021],[87.9353,24.18126],[87.93243,24.18126],[87.93015,24.18256],[87.92958,24.18502],[87.92482,24.18447],[87.92232,24.18513],[87.92257,24.18753],[87.92014,24.18847],[87.92026,24.19143],[87.92182,24.19529],[87.92457,24.19558],[87.92646,24.19704],[87.92668,24.19877],[87.93082,24.20024],[87.93433,24.20063],[87.93498,24.19929],[87.93734,24.19945],[87.93746,24.19765],[87.94112,24.19613],[87.94563,24.19536],[87.94756,24.19592],[87.949,24.19321],[87.95061,24.1934],[87.95326,24.19242],[87.95737,24.19005],[87.96428,24.19057],[87.9673,24.18938],[87.9704,24.19098],[87.97356,24.19441],[87.97638,24.19157],[87.97885,24.19068],[87.98138,24.19042],[87.98321,24.19135],[87.98485,24.19372],[87.98616,24.19977],[87.989,24.20555],[87.98942,24.21061],[87.98662,24.21087],[87.98667,24.2128],[87.99036,24.21307],[87.99188,24.21016],[87.99014,24.2085],[87.99138,24.2065],[87.99251,24.208],[87.99492,24.2082],[87.99801,24.2111],[88,24.21152],[88.00094,24.21397],[88.00325,24.21505],[88.00218,24.21604],[88.00204,24.21844],[88.00376,24.21952],[88.00603,24.21957],[88.00496,24.22152],[88.00591,24.2236],[88.0042,24.22598],[88.00207,24.22677],[88,24.22617],[87.99768,24.22754],[87.99765,24.23065],[87.9957,24.23227],[87.99771,24.23813],[87.99696,24.24051],[87.99722,24.24303],[88.00319,24.24388],[88.00652,24.24319],[88.01006,24.24394],[88.01444,24.24244],[88.01689,24.24354],[88.01943,24.24289],[88.02321,24.24482],[88.02476,24.24816],[88.02241,24.24838],[88.02231,24.25059],[88.02283,24.25484],[88.02408,24.25585],[88.02504,24.26154],[88.02227,24.26295],[88.02233,24.26498],[88.01917,24.26687],[88.01916,24.2688],[88.01717,24.26972],[88.01754,24.2719],[88.01669,24.27563],[88.01713,24.27928],[88.01592,24.27997],[88.01604,24.28293],[88.01522,24.28472],[88.01282,24.28456],[88.0137,24.28721],[88.01706,24.28845],[88.01922,24.2913],[88.01542,24.29398],[88.01632,24.29602],[88.01521,24.2985],[88.01524,24.30004],[88.01417,24.30173],[88.01588,24.30329],[88.01652,24.30511],[88.01639,24.30807],[88.01774,24.31037],[88.01635,24.31094],[88.01434,24.30938],[88.01199,24.31454],[88.00934,24.31297],[88.00746,24.31458],[88.00607,24.31317],[88.00454,24.31301],[88.00294,24.31434],[88.00114,24.31318],[87.99744,24.31342],[87.99452,24.31297],[87.99119,24.31479],[87.99142,24.31566],[87.99446,24.31826],[87.99699,24.31835],[87.99497,24.32072],[87.99675,24.32135],[87.99558,24.32337],[87.9923,24.32605],[87.99103,24.32821],[87.99203,24.33063],[87.98843,24.33126],[87.98635,24.33263],[87.98571,24.33453],[87.98322,24.33316],[87.98164,24.33337],[87.9803,24.33489],[87.98166,24.33558],[87.98137,24.33751],[87.98023,24.3379],[87.97798,24.33716],[87.97657,24.33875],[87.97447,24.33688],[87.97256,24.33836],[87.97071,24.33784],[87.97043,24.33629],[87.96705,24.337],[87.96384,24.3348],[87.96283,24.33687],[87.9636,24.33771],[87.9599,24.33915],[87.95884,24.33898],[87.95707,24.3423],[87.95689,24.34842],[87.95797,24.35076],[87.95582,24.35474],[87.95487,24.35947],[87.95562,24.36371],[87.95684,24.36415],[87.95835,24.36692],[87.95746,24.36846],[87.95948,24.37339],[87.967,24.37157],[87.96896,24.3724],[87.9714,24.3724],[87.97353,24.37659],[87.97291,24.37801],[87.96927,24.37983],[87.96987,24.38227],[87.97006,24.38647],[87.97166,24.38903],[87.97097,24.39222],[87.97284,24.39389],[87.97254,24.39649],[87.97099,24.39825],[87.97178,24.40502],[87.97405,24.41076],[87.97558,24.41145],[87.97463,24.41401],[87.97653,24.41488],[87.97853,24.41462],[87.97763,24.41745],[87.97847,24.42302],[87.97504,24.42596],[87.97553,24.42771],[87.9746,24.43259],[87.97565,24.44011],[87.97397,24.44439],[87.97217,24.44751],[87.97233,24.45417],[87.97296,24.4564],[87.97667,24.45841],[87.97702,24.46152],[87.97378,24.46371],[87.97517,24.46577],[87.97545,24.46897],[87.97412,24.47167],[87.97414,24.47373],[87.97195,24.47546],[87.97103,24.47712],[87.96759,24.47747],[87.965,24.47909],[87.96444,24.48047],[87.9661,24.48366],[87.96472,24.4859],[87.9625,24.48711],[87.95469,24.48835],[87.95256,24.48781],[87.95014,24.4895],[87.94697,24.48894],[87.94494,24.48734],[87.94308,24.4901],[87.94387,24.49471],[87.94615,24.49469],[87.94721,24.49687],[87.94781,24.49964],[87.94453,24.50061],[87.94705,24.5076],[87.94675,24.51127],[87.94813,24.51472],[87.95013,24.51559],[87.95005,24.518],[87.94546,24.51919],[87.94036,24.51963],[87.93911,24.5206],[87.94049,24.52559],[87.93882,24.52675],[87.93794,24.52858],[87.9379,24.53137],[87.93486,24.53422],[87.93383,24.53582],[87.93131,24.53767],[87.92908,24.53651],[87.92749,24.53673],[87.92565,24.53928],[87.92384,24.54055],[87.92377,24.54397],[87.91986,24.54259],[87.91675,24.54274],[87.91558,24.5413],[87.9116,24.54225],[87.90709,24.54067],[87.90342,24.54249],[87.90159,24.5425],[87.8988,24.54068],[87.89237,24.54179],[87.8907,24.54289],[87.88985,24.54473],[87.89089,24.54692],[87.88977,24.54809],[87.88932,24.55103],[87.89123,24.55388],[87.89126,24.5574],[87.89046,24.56105],[87.89033,24.56433],[87.88977,24.56558]]]},"properties":{"OBJECTID":461,"dtname":"Birbhum","stname":"West Bengal","stcode11":"19","dtcode11":"334","year_stat":"2011_c","dist_lgd":307,"state_lgd":19,"SHAPE_Length":743943.2280718226,"SHAPE_Area":5472332254.588139,"remarks":" ","d_pan_code":267,"d_pan_name":"Birbhum","New_Name":"Birbhum","mached":"-1"},"id":461},
{"type":"Feature","geometry":{"type":"Polygon","coordinates":[[[88.44474,25.59654],[88.44683,25.59313],[88.44862,25.59156],[88.44885,25.59023],[88.44653,25.5881],[88.4438,25.58717],[88.44129,25.58779],[88.43656,25.58551],[88.42908,25.58622],[88.42739,25.58965],[88.4259,25.58962],[88.42541,25.58755],[88.42342,25.58708],[88.4228,25.58889],[88.42068,25.59031],[88.41675,25.59054],[88.41493,25.59249],[88.41447,25.59631],[88.41558,25.59766],[88.41949,25.59757],[88.42099,25.59798],[88.42096,25.60244],[88.41989,25.60333],[88.41477,25.60407],[88.41256,25.60407],[88.41025,25.60489],[88.40862,25.60643],[88.40308,25.60702],[88.40175,25.60634],[88.39771,25.60611],[88.40032,25.59996],[88.39598,25.59943],[88.39409,25.59842],[88.39328,25.59645],[88.39136,25.59418],[88.38648,25.59485],[88.38486,25.5945],[88.38241,25.59509],[88.37812,25.59495],[88.37454,25.59022],[88.37222,25.5911],[88.36913,25.59072],[88.36907,25.58769],[88.36836,25.58521],[88.3664,25.58135],[88.36575,25.57833],[88.36363,25.57845],[88.36262,25.57745],[88.36143,25.57182],[88.36019,25.56952],[88.36042,25.56688],[88.35807,25.5657],[88.3542,25.56706],[88.35082,25.5665],[88.34968,25.56547],[88.34903,25.56093],[88.34737,25.55972],[88.34623,25.55791],[88.34431,25.55823],[88.34151,25.55776],[88.33757,25.55924],[88.33585,25.55876],[88.33686,25.55678],[88.33637,25.55371],[88.33406,25.55652],[88.33142,25.558],[88.32783,25.55927],[88.32652,25.55844],[88.32337,25.5509],[88.32227,25.54629],[88.32028,25.54325],[88.3211,25.54147],[88.32445,25.54159],[88.32644,25.53976],[88.32455,25.53567],[88.31411,25.52799],[88.31245,25.52616],[88.30643,25.52385],[88.30315,25.52218],[88.30153,25.51972],[88.29896,25.51774],[88.29129,25.51461],[88.28934,25.51168],[88.28869,25.50881],[88.28875,25.50656],[88.28765,25.50182],[88.28676,25.50053],[88.28448,25.49966],[88.28167,25.49599],[88.27885,25.49404],[88.27861,25.4921],[88.27678,25.49184],[88.27336,25.48978],[88.27141,25.4881],[88.26895,25.48706],[88.26122,25.48747],[88.25902,25.48597],[88.25696,25.48655],[88.25537,25.48376],[88.25504,25.4803],[88.25416,25.4774],[88.25608,25.47615],[88.25823,25.47287],[88.26056,25.47216],[88.26239,25.46926],[88.26382,25.46579],[88.26255,25.46256],[88.26319,25.45871],[88.26392,25.4568],[88.26225,25.45575],[88.26211,25.45366],[88.26074,25.45038],[88.26089,25.44703],[88.26274,25.44462],[88.26329,25.44137],[88.26292,25.43872],[88.26363,25.43631],[88.26109,25.43385],[88.2562,25.43353],[88.24959,25.43204],[88.24855,25.43317],[88.24609,25.43258],[88.24538,25.43335],[88.24519,25.436],[88.24294,25.43747],[88.24175,25.43926],[88.23919,25.4395],[88.23393,25.43916],[88.22921,25.43991],[88.22476,25.44023],[88.22186,25.44126],[88.21818,25.44098],[88.21688,25.43812],[88.21641,25.43505],[88.21559,25.43426],[88.21137,25.4345],[88.21085,25.43147],[88.20967,25.42979],[88.20793,25.42933],[88.20655,25.43003],[88.20018,25.43036],[88.1989,25.42961],[88.19777,25.42603],[88.19654,25.42575],[88.19252,25.42622],[88.19078,25.42762],[88.18817,25.42748],[88.17719,25.42916],[88.17452,25.42934],[88.16969,25.42851],[88.1684,25.42795],[88.16758,25.42465],[88.16925,25.42316],[88.16976,25.41697],[88.17198,25.41706],[88.17367,25.41575],[88.17239,25.41115],[88.17006,25.41064],[88.17042,25.40868],[88.16623,25.40826],[88.16617,25.40705],[88.17101,25.40519],[88.17014,25.40198],[88.17029,25.40063],[88.17313,25.39919],[88.17369,25.39658],[88.17651,25.39407],[88.17586,25.38904],[88.17481,25.38541],[88.17676,25.38434],[88.18136,25.3842],[88.18203,25.38322],[88.17944,25.38047],[88.17934,25.37913],[88.18471,25.37903],[88.18605,25.37847],[88.18809,25.37638],[88.18679,25.37456],[88.18668,25.37284],[88.1854,25.37144],[88.18566,25.36944],[88.18323,25.36874],[88.17657,25.36981],[88.17565,25.36917],[88.17199,25.3694],[88.16631,25.36931],[88.16818,25.36586],[88.17018,25.36582],[88.17156,25.36475],[88.17151,25.36247],[88.1723,25.36144],[88.1723,25.3574],[88.17404,25.35642],[88.17698,25.35334],[88.17815,25.35106],[88.17685,25.34971],[88.18002,25.34636],[88.17987,25.34417],[88.17841,25.34175],[88.17744,25.33877],[88.17531,25.33473],[88.17088,25.33198],[88.17119,25.33058],[88.16909,25.32854],[88.16976,25.327],[88.17229,25.32435],[88.17418,25.32458],[88.17644,25.32751],[88.17782,25.32858],[88.18454,25.33091],[88.19032,25.33128],[88.19577,25.33076],[88.19679,25.33122],[88.20235,25.33011],[88.20578,25.33057],[88.20731,25.33336],[88.21501,25.33331],[88.21865,25.33294],[88.21967,25.33131],[88.21798,25.32851],[88.22414,25.32581],[88.22629,25.32534],[88.22936,25.3232],[88.22928,25.3205],[88.23552,25.31998],[88.24071,25.31858],[88.24148,25.31788],[88.24475,25.31769],[88.25264,25.31785],[88.25575,25.3165],[88.25639,25.31432],[88.26118,25.31022],[88.26454,25.30946],[88.26766,25.30971],[88.26765,25.30811],[88.2666,25.30532],[88.26417,25.30264],[88.26718,25.3011],[88.27014,25.30343],[88.26988,25.30503],[88.2734,25.31506],[88.27476,25.31589],[88.27787,25.31636],[88.288,25.31564],[88.28751,25.31225],[88.29096,25.31216],[88.29112,25.30888],[88.29438,25.30856],[88.29464,25.30635],[88.2965,25.30734],[88.3001,25.30695],[88.2998,25.29849],[88.3041,25.29881],[88.3061,25.30034],[88.30978,25.29906],[88.31036,25.29998],[88.31603,25.29973],[88.31789,25.30071],[88.32001,25.30014],[88.32003,25.2991],[88.32267,25.29853],[88.32285,25.29681],[88.33078,25.29626],[88.332,25.29696],[88.33108,25.29931],[88.33024,25.30415],[88.33081,25.30444],[88.33821,25.30276],[88.34164,25.30251],[88.34564,25.30016],[88.34838,25.29952],[88.35189,25.29722],[88.35428,25.29732],[88.35512,25.29973],[88.35642,25.29987],[88.35928,25.29687],[88.36153,25.29389],[88.36189,25.29109],[88.36825,25.28956],[88.37973,25.28885],[88.38295,25.29121],[88.38507,25.29596],[88.38701,25.29601],[88.38868,25.29817],[88.39023,25.29789],[88.39305,25.30298],[88.39493,25.30225],[88.39943,25.29341],[88.40557,25.29441],[88.40676,25.29564],[88.41272,25.29683],[88.41305,25.29831],[88.41216,25.29997],[88.41546,25.2998],[88.42199,25.30124],[88.42608,25.30163],[88.42647,25.30286],[88.42939,25.30341],[88.42989,25.30554],[88.42931,25.30925],[88.41801,25.31156],[88.41762,25.31279],[88.41885,25.31417],[88.42287,25.31425],[88.42316,25.31536],[88.42542,25.31588],[88.4262,25.31467],[88.42997,25.31384],[88.43141,25.31532],[88.43697,25.31462],[88.43798,25.31356],[88.44343,25.31316],[88.44761,25.30738],[88.44893,25.30671],[88.44888,25.30144],[88.44738,25.29811],[88.44778,25.29665],[88.44564,25.29373],[88.44649,25.29067],[88.44457,25.28729],[88.44202,25.28517],[88.44103,25.28272],[88.4392,25.28021],[88.44012,25.27697],[88.44177,25.2757],[88.44323,25.27221],[88.44646,25.26935],[88.44673,25.26542],[88.44973,25.26284],[88.4561,25.26104],[88.45723,25.26251],[88.45363,25.26337],[88.45417,25.26555],[88.4553,25.26704],[88.4566,25.26656],[88.45884,25.26795],[88.46039,25.27005],[88.46242,25.27105],[88.46369,25.27074],[88.46352,25.26874],[88.46183,25.2687],[88.46272,25.2649],[88.46175,25.2627],[88.46163,25.26043],[88.4586,25.25528],[88.46059,25.25283],[88.45952,25.24895],[88.45912,25.24563],[88.45562,25.23885],[88.45486,25.2379],[88.45145,25.23585],[88.45349,25.23302],[88.45308,25.232],[88.45013,25.23119],[88.44885,25.22886],[88.45104,25.22659],[88.44868,25.22541],[88.44828,25.22412],[88.45025,25.22219],[88.44825,25.22028],[88.44394,25.22186],[88.44161,25.22117],[88.4391,25.21898],[88.43915,25.21662],[88.44146,25.21651],[88.44245,25.21882],[88.44452,25.21695],[88.44501,25.21308],[88.44281,25.21033],[88.43778,25.20727],[88.43734,25.20171],[88.43748,25.19876],[88.43865,25.1969],[88.44179,25.19968],[88.44295,25.19626],[88.44369,25.1973],[88.4469,25.19663],[88.44786,25.1975],[88.4501,25.19679],[88.45647,25.1966],[88.4585,25.19562],[88.46343,25.19496],[88.46548,25.19666],[88.46914,25.19776],[88.47201,25.19758],[88.47178,25.19939],[88.46968,25.19997],[88.47285,25.20588],[88.47451,25.20817],[88.47473,25.21141],[88.47548,25.21338],[88.479,25.21311],[88.48004,25.21142],[88.48299,25.21188],[88.48752,25.21159],[88.48887,25.21076],[88.49715,25.21052],[88.49982,25.20977],[88.5002,25.2075],[88.49983,25.20353],[88.50206,25.20298],[88.50959,25.20311],[88.51097,25.20235],[88.51227,25.20385],[88.5155,25.20175],[88.5208,25.2004],[88.52476,25.20011],[88.52926,25.19882],[88.53416,25.19802],[88.53778,25.19782],[88.53523,25.19499],[88.53257,25.19393],[88.53438,25.19182],[88.53332,25.18867],[88.53398,25.18752],[88.53669,25.18745],[88.54078,25.18903],[88.54203,25.19393],[88.54665,25.19342],[88.54821,25.19475],[88.55412,25.19283],[88.55605,25.19317],[88.55996,25.1909],[88.55962,25.18728],[88.55978,25.18434],[88.55929,25.1827],[88.55782,25.18262],[88.55576,25.17897],[88.55934,25.17637],[88.56386,25.17518],[88.56652,25.17592],[88.56781,25.17541],[88.57083,25.17578],[88.5717,25.17693],[88.57507,25.17607],[88.57559,25.1771],[88.57964,25.17682],[88.58168,25.18219],[88.58698,25.18224],[88.58884,25.18515],[88.59121,25.18509],[88.59169,25.18698],[88.59041,25.19279],[88.59303,25.19306],[88.5961,25.19115],[88.60125,25.19308],[88.60508,25.19573],[88.60749,25.19611],[88.60838,25.19766],[88.6103,25.19802],[88.61299,25.2041],[88.61784,25.20354],[88.61953,25.20521],[88.62322,25.20406],[88.6263,25.20423],[88.62715,25.20234],[88.63102,25.20171],[88.63454,25.20262],[88.63847,25.20457],[88.64072,25.2048],[88.64289,25.20628],[88.64465,25.20508],[88.65627,25.20321],[88.6597,25.20245],[88.66423,25.20278],[88.66697,25.20031],[88.6677,25.19831],[88.67265,25.19833],[88.67436,25.19954],[88.67602,25.20268],[88.67863,25.20315],[88.678,25.20524],[88.68008,25.2089],[88.68731,25.20919],[88.68913,25.20785],[88.69464,25.20767],[88.69702,25.20829],[88.70041,25.20758],[88.70496,25.20783],[88.70906,25.20756],[88.7134,25.20681],[88.71688,25.20384],[88.71722,25.20176],[88.71889,25.20214],[88.7236,25.20224],[88.72451,25.19873],[88.72748,25.19837],[88.72897,25.1998],[88.73319,25.19837],[88.73279,25.19589],[88.73429,25.19477],[88.73371,25.19171],[88.73544,25.18914],[88.73455,25.18461],[88.74275,25.18497],[88.74541,25.18279],[88.74808,25.18241],[88.74927,25.18122],[88.74936,25.17716],[88.75242,25.17683],[88.75346,25.17964],[88.75541,25.18102],[88.7577,25.18481],[88.75919,25.18567],[88.76258,25.18433],[88.76703,25.18312],[88.7694,25.18985],[88.77248,25.18925],[88.77222,25.18555],[88.77417,25.18534],[88.77367,25.17936],[88.78005,25.1772],[88.78618,25.17564],[88.79039,25.17407],[88.79298,25.17265],[88.79541,25.17227],[88.79904,25.1709],[88.80586,25.17045],[88.80595,25.17341],[88.8091,25.17316],[88.8093,25.17416],[88.81339,25.17427],[88.81395,25.17977],[88.81459,25.18155],[88.81485,25.18491],[88.81778,25.18625],[88.81791,25.1889],[88.82084,25.18851],[88.82283,25.19101],[88.82575,25.1909],[88.82706,25.19322],[88.82689,25.19425],[88.82837,25.19756],[88.82933,25.19811],[88.82887,25.20152],[88.83038,25.20533],[88.83145,25.20649],[88.83677,25.20618],[88.83676,25.209],[88.83827,25.21075],[88.84234,25.21064],[88.8412,25.21359],[88.84376,25.21381],[88.84607,25.21084],[88.84629,25.2091],[88.8489,25.20991],[88.84863,25.20635],[88.84975,25.20174],[88.85483,25.19982],[88.8569,25.20061],[88.85851,25.20235],[88.8636,25.20168],[88.86492,25.20059],[88.86518,25.19582],[88.86416,25.19013],[88.86784,25.1898],[88.86896,25.19115],[88.87153,25.19138],[88.8716,25.19476],[88.87397,25.19144],[88.87262,25.18955],[88.87471,25.18707],[88.87536,25.18523],[88.87526,25.17934],[88.87918,25.17882],[88.8817,25.17912],[88.89011,25.17862],[88.88951,25.18468],[88.89274,25.1843],[88.89381,25.18302],[88.89905,25.18244],[88.89966,25.18035],[88.90645,25.17872],[88.90654,25.17955],[88.90961,25.17967],[88.91267,25.17791],[88.91224,25.16954],[88.91239,25.16796],[88.91601,25.16704],[88.91839,25.16729],[88.92168,25.16515],[88.92308,25.16491],[88.92333,25.16824],[88.92429,25.17148],[88.92631,25.17291],[88.92717,25.17455],[88.92902,25.17453],[88.9284,25.17662],[88.93071,25.17859],[88.93224,25.1806],[88.93426,25.18142],[88.93703,25.18031],[88.9388,25.17882],[88.93934,25.17633],[88.94131,25.17592],[88.94106,25.17359],[88.94329,25.17349],[88.94588,25.17674],[88.94823,25.17696],[88.94852,25.17922],[88.9496,25.18122],[88.94818,25.18214],[88.94455,25.18297],[88.94591,25.1849],[88.94722,25.18817],[88.94709,25.1918],[88.9463,25.19398],[88.94445,25.19417],[88.94373,25.19305],[88.94126,25.19287],[88.93786,25.19351],[88.93485,25.19754],[88.9341,25.2003],[88.93728,25.20284],[88.9361,25.20597],[88.93677,25.20983],[88.93801,25.21173],[88.93929,25.2101],[88.94132,25.21023],[88.942,25.20874],[88.94341,25.2087],[88.94443,25.20611],[88.94812,25.20687],[88.95073,25.20631],[88.95224,25.20706],[88.9542,25.20665],[88.95787,25.20911],[88.96099,25.20814],[88.96143,25.21048],[88.9597,25.21146],[88.95797,25.21529],[88.95815,25.21977],[88.95779,25.22312],[88.95613,25.2253],[88.95518,25.22518],[88.95386,25.22822],[88.95236,25.22929],[88.95168,25.23221],[88.95242,25.2344],[88.95436,25.23708],[88.95161,25.24159],[88.95063,25.24394],[88.95207,25.24737],[88.95532,25.25097],[88.95494,25.25333],[88.9563,25.25507],[88.95902,25.25436],[88.96054,25.25549],[88.96252,25.25535],[88.96796,25.25779],[88.96978,25.25792],[88.97076,25.2604],[88.97465,25.26014],[88.97587,25.26405],[88.97984,25.26362],[88.98101,25.26517],[88.98143,25.26713],[88.98391,25.26826],[88.98512,25.27215],[88.98667,25.27406],[88.99238,25.27367],[88.99324,25.27099],[88.9969,25.26908],[89.00114,25.26938],[89.00558,25.26872],[89.00431,25.26526],[89.00552,25.26375],[89.00763,25.26362],[89.00804,25.26627],[89.00682,25.27418],[89.00621,25.2761],[89.00706,25.27932],[89.00856,25.29016],[89.0094,25.29737],[89.00895,25.30301],[89.00617,25.30226],[89.00635,25.29989],[89.00338,25.29937],[89.00225,25.29659],[89.00128,25.29595],[88.99612,25.29563],[88.99527,25.29704],[88.99258,25.2962],[88.98992,25.2993],[88.98732,25.29913],[88.98537,25.30205],[88.98366,25.30084],[88.98276,25.30293],[88.98493,25.30514],[88.98255,25.30592],[88.97593,25.30619],[88.97468,25.3016],[88.97102,25.301],[88.96955,25.30215],[88.96561,25.30283],[88.96443,25.30516],[88.96049,25.30591],[88.96004,25.30379],[88.96041,25.30141],[88.95764,25.30075],[88.95608,25.30182],[88.95286,25.302],[88.95218,25.30305],[88.94975,25.30372],[88.94787,25.30238],[88.94542,25.30278],[88.94463,25.30126],[88.93923,25.30066],[88.93837,25.3023],[88.93421,25.30309],[88.93416,25.30385],[88.92946,25.30408],[88.92873,25.30597],[88.92908,25.30904],[88.92842,25.31053],[88.92901,25.3124],[88.928,25.3152],[88.92483,25.31492],[88.92401,25.31202],[88.91552,25.31203],[88.91561,25.31478],[88.91376,25.31504],[88.9111,25.31888],[88.91093,25.32079],[88.90974,25.32144],[88.90947,25.3234],[88.90655,25.32679],[88.90698,25.33265],[88.90615,25.33403],[88.90681,25.33688],[88.90629,25.33769],[88.89842,25.33706],[88.88765,25.3371],[88.8858,25.33298],[88.88683,25.3295],[88.88806,25.32958],[88.88854,25.32606],[88.88512,25.32562],[88.88233,25.32751],[88.87644,25.3332],[88.87534,25.33683],[88.87312,25.33721],[88.87259,25.33948],[88.87087,25.33976],[88.86691,25.34257],[88.86832,25.344],[88.86786,25.34822],[88.86926,25.34941],[88.86892,25.35221],[88.86375,25.35166],[88.86368,25.35416],[88.86259,25.35507],[88.85612,25.35445],[88.8547,25.35507],[88.8558,25.35747],[88.85476,25.35938],[88.85451,25.3632],[88.851,25.36293],[88.84766,25.36209],[88.84565,25.36207],[88.84576,25.36356],[88.84018,25.36376],[88.84015,25.36808],[88.83784,25.36804],[88.83945,25.37375],[88.83847,25.37418],[88.8387,25.37665],[88.83848,25.3814],[88.84172,25.38161],[88.84029,25.38393],[88.83751,25.38463],[88.83758,25.38736],[88.83706,25.39084],[88.83963,25.39115],[88.84126,25.39343],[88.84086,25.39763],[88.83802,25.39731],[88.83719,25.4018],[88.83375,25.40131],[88.82479,25.40121],[88.82378,25.40168],[88.82324,25.40952],[88.81239,25.41041],[88.81647,25.41367],[88.81774,25.41535],[88.81831,25.41806],[88.81968,25.41704],[88.81983,25.41538],[88.8232,25.41577],[88.82651,25.41562],[88.82669,25.41712],[88.83,25.41694],[88.83086,25.42121],[88.83038,25.4242],[88.82902,25.42418],[88.8286,25.42603],[88.82987,25.42759],[88.83445,25.42737],[88.83431,25.43166],[88.83247,25.43152],[88.83303,25.43597],[88.83211,25.43692],[88.82805,25.43654],[88.82688,25.43745],[88.82686,25.44031],[88.82624,25.44448],[88.82704,25.44625],[88.82848,25.44623],[88.8303,25.44739],[88.83071,25.44892],[88.83469,25.4523],[88.83791,25.45331],[88.83918,25.45746],[88.83917,25.45912],[88.83537,25.46291],[88.83529,25.46498],[88.83754,25.46973],[88.83717,25.47317],[88.8355,25.47486],[88.83359,25.47848],[88.83327,25.48218],[88.83176,25.48582],[88.83008,25.48803],[88.82966,25.49025],[88.82458,25.48963],[88.81636,25.48811],[88.81331,25.48897],[88.81212,25.49164],[88.81063,25.49786],[88.8096,25.49881],[88.8098,25.50358],[88.80946,25.50669],[88.81061,25.50845],[88.80925,25.51215],[88.80821,25.5126],[88.80792,25.51566],[88.81058,25.52015],[88.81111,25.52214],[88.80989,25.52323],[88.8041,25.52336],[88.80286,25.52418],[88.79899,25.52345],[88.79238,25.5227],[88.79252,25.52088],[88.78559,25.51866],[88.78642,25.51641],[88.78129,25.51602],[88.78028,25.51522],[88.77799,25.51632],[88.77607,25.51641],[88.77622,25.51858],[88.77161,25.51965],[88.76783,25.52181],[88.76731,25.52522],[88.76464,25.5249],[88.7614,25.52557],[88.75869,25.52524],[88.75821,25.5221],[88.76039,25.52205],[88.76086,25.51993],[88.76094,25.51497],[88.75957,25.51341],[88.75948,25.51072],[88.7619,25.50752],[88.76432,25.50598],[88.76524,25.50451],[88.76881,25.50338],[88.76931,25.50488],[88.77081,25.50513],[88.77056,25.50168],[88.76872,25.49854],[88.76697,25.49801],[88.7649,25.4952],[88.76238,25.49352],[88.76008,25.49275],[88.75667,25.49293],[88.7537,25.49411],[88.751,25.49361],[88.74944,25.49394],[88.74605,25.49199],[88.74485,25.48924],[88.74255,25.48844],[88.74057,25.48969],[88.742,25.49479],[88.74392,25.49478],[88.74386,25.49673],[88.74278,25.49887],[88.74215,25.50499],[88.73478,25.50388],[88.72649,25.50329],[88.72577,25.5019],[88.72155,25.50154],[88.72123,25.49972],[88.71444,25.4994],[88.71221,25.50021],[88.71015,25.49968],[88.70752,25.49987],[88.70817,25.49764],[88.70923,25.49672],[88.70837,25.49162],[88.7089,25.48786],[88.71028,25.48137],[88.70848,25.48002],[88.70645,25.47982],[88.70753,25.47695],[88.7061,25.47635],[88.70043,25.47595],[88.6996,25.47121],[88.69455,25.4741],[88.69133,25.47398],[88.68861,25.47545],[88.68452,25.47558],[88.67852,25.47399],[88.67071,25.47412],[88.66931,25.47473],[88.663,25.47364],[88.66312,25.47521],[88.66203,25.47947],[88.66064,25.48136],[88.65754,25.48165],[88.65561,25.48098],[88.65252,25.48102],[88.65166,25.47998],[88.649,25.47966],[88.64796,25.47813],[88.64644,25.47966],[88.64493,25.48601],[88.64413,25.49082],[88.6427,25.49268],[88.64602,25.49331],[88.64843,25.49306],[88.64792,25.49679],[88.64523,25.49687],[88.64497,25.49856],[88.64107,25.49984],[88.63498,25.49884],[88.62966,25.49852],[88.62832,25.49785],[88.62248,25.49696],[88.62137,25.50133],[88.6197,25.50377],[88.61766,25.50366],[88.61555,25.50532],[88.61489,25.50782],[88.61303,25.50987],[88.60853,25.50959],[88.60931,25.51142],[88.60909,25.5163],[88.60302,25.51605],[88.6018,25.51425],[88.59975,25.50981],[88.59831,25.50902],[88.59729,25.50698],[88.59529,25.50622],[88.59381,25.50782],[88.59089,25.50936],[88.58839,25.50739],[88.58675,25.50803],[88.58579,25.50969],[88.58144,25.50937],[88.57885,25.50988],[88.57769,25.50831],[88.57286,25.5088],[88.57087,25.51072],[88.56782,25.5112],[88.5683,25.51391],[88.56146,25.5128],[88.55757,25.51409],[88.55627,25.51386],[88.5531,25.51533],[88.55373,25.51792],[88.55512,25.51903],[88.55493,25.52088],[88.55191,25.52068],[88.54847,25.51708],[88.54805,25.5133],[88.54661,25.51151],[88.54625,25.5095],[88.53995,25.5083],[88.53974,25.51056],[88.54124,25.51151],[88.53963,25.51428],[88.53946,25.51572],[88.5404,25.51954],[88.53737,25.52102],[88.53827,25.52438],[88.5393,25.52539],[88.54058,25.5301],[88.53943,25.53475],[88.53535,25.53363],[88.53449,25.5321],[88.5328,25.53222],[88.53322,25.53553],[88.53309,25.5421],[88.5277,25.54333],[88.52683,25.54197],[88.52556,25.53755],[88.5235,25.53516],[88.51872,25.53828],[88.51959,25.54062],[88.51969,25.54462],[88.51742,25.54614],[88.5138,25.54752],[88.51161,25.5454],[88.50974,25.54577],[88.50784,25.54773],[88.5046,25.54949],[88.50033,25.55076],[88.49822,25.55593],[88.49899,25.55867],[88.49471,25.55873],[88.49336,25.56228],[88.49371,25.56358],[88.49747,25.57116],[88.49899,25.57313],[88.49922,25.57847],[88.49992,25.58395],[88.49442,25.5845],[88.494,25.58269],[88.49143,25.58295],[88.49151,25.58449],[88.48831,25.58549],[88.48376,25.58626],[88.48289,25.58552],[88.48263,25.58222],[88.48143,25.58196],[88.48031,25.5853],[88.47188,25.58516],[88.47031,25.58319],[88.46826,25.58399],[88.46868,25.58783],[88.46622,25.58685],[88.4671,25.58925],[88.46582,25.59183],[88.46326,25.59222],[88.45945,25.59348],[88.45762,25.59559],[88.45828,25.59786],[88.45597,25.59847],[88.44474,25.59654]]]},"properties":{"OBJECTID":467,"dtname":"Dakshin Dinajpur","stname":"West Bengal","stcode11":"19","dtcode11":"331","year_stat":"2011_c","dist_lgd":310,"state_lgd":19,"SHAPE_Length":462394.99118917197,"SHAPE_Area":2748489784.691705,"remarks":" ","d_pan_code":270,"d_pan_name":"Dakshin Dinajpur","New_Name":"Dakshin Dinajpur","mached":"-1"},"id":467},
{"type":"Feature","geometry":{"type":"Polygon","coordinates":[[[88.43295,27.07926],[88.43085,27.08047],[88.42579,27.0815],[88.42155,27.08343],[88.41367,27.08804],[88.40762,27.08968],[88.40131,27.08986],[88.39738,27.09088],[88.39251,27.09355],[88.38737,27.09494],[88.38412,27.09529],[88.37563,27.09743],[88.37037,27.09728],[88.36687,27.09614],[88.36118,27.09568],[88.35756,27.09661],[88.3567,27.09801],[88.35715,27.10021],[88.35604,27.10102],[88.35037,27.09954],[88.34904,27.10029],[88.3457,27.10692],[88.34353,27.10906],[88.34139,27.11012],[88.33861,27.11017],[88.33731,27.10933],[88.33537,27.10676],[88.33193,27.10773],[88.32944,27.10777],[88.32489,27.10637],[88.32266,27.10458],[88.32102,27.10544],[88.32109,27.10686],[88.32338,27.10903],[88.32351,27.11146],[88.32247,27.1132],[88.32285,27.11764],[88.31947,27.12028],[88.31645,27.12179],[88.31591,27.12557],[88.31502,27.12615],[88.31153,27.12501],[88.30904,27.12584],[88.30627,27.12792],[88.30229,27.12929],[88.29918,27.12833],[88.29842,27.12593],[88.29722,27.12518],[88.29264,27.12748],[88.28969,27.12784],[88.28609,27.12665],[88.28383,27.12747],[88.27901,27.13187],[88.2769,27.13068],[88.2738,27.13042],[88.27248,27.12815],[88.26839,27.12951],[88.26566,27.12768],[88.26278,27.12784],[88.25906,27.12526],[88.25605,27.1245],[88.24858,27.12435],[88.2468,27.12235],[88.24452,27.12153],[88.24278,27.11982],[88.23766,27.11911],[88.23002,27.11898],[88.22807,27.11955],[88.22602,27.12137],[88.22168,27.12439],[88.21932,27.12564],[88.21945,27.12847],[88.21618,27.13144],[88.21375,27.13196],[88.21245,27.13014],[88.21051,27.13127],[88.20874,27.13136],[88.20656,27.13312],[88.20431,27.13337],[88.20189,27.13145],[88.19923,27.13328],[88.19716,27.13319],[88.19463,27.13485],[88.19203,27.13248],[88.18983,27.13327],[88.18658,27.13239],[88.18469,27.13088],[88.18323,27.13237],[88.18101,27.13247],[88.17972,27.13013],[88.17618,27.12992],[88.17442,27.12801],[88.17203,27.12691],[88.17079,27.12291],[88.16729,27.12243],[88.16639,27.11973],[88.16451,27.1184],[88.16402,27.11581],[88.16213,27.11343],[88.15999,27.11257],[88.15901,27.11351],[88.1575,27.11088],[88.15635,27.11],[88.15178,27.10958],[88.15066,27.11073],[88.15065,27.11309],[88.14984,27.1139],[88.14777,27.11333],[88.14616,27.11186],[88.14426,27.11234],[88.14456,27.11468],[88.14371,27.11568],[88.13891,27.11391],[88.1361,27.11492],[88.13536,27.11727],[88.13624,27.11872],[88.13523,27.12059],[88.13334,27.12136],[88.13047,27.12159],[88.12718,27.12074],[88.12379,27.12094],[88.12241,27.12162],[88.1198,27.12484],[88.11724,27.12594],[88.11414,27.12807],[88.11212,27.13094],[88.10834,27.13176],[88.10528,27.13107],[88.10131,27.13272],[88.09631,27.13314],[88.09493,27.13624],[88.09299,27.13786],[88.09229,27.13961],[88.08885,27.14326],[88.08883,27.14562],[88.08775,27.14615],[88.08813,27.14964],[88.08743,27.15103],[88.08811,27.15481],[88.08749,27.15633],[88.08773,27.15848],[88.08684,27.1596],[88.0871,27.16422],[88.08279,27.16749],[88.08141,27.1694],[88.07763,27.17327],[88.07976,27.17437],[88.07867,27.17705],[88.07854,27.18035],[88.07525,27.18388],[88.07445,27.18602],[88.07266,27.1878],[88.07433,27.19281],[88.07595,27.19515],[88.07778,27.19658],[88.07917,27.20109],[88.07564,27.20309],[88.07117,27.20456],[88.06972,27.20621],[88.06552,27.20916],[88.0645,27.21064],[88.06493,27.21364],[88.06364,27.21464],[88.05282,27.21341],[88.05057,27.21441],[88.04844,27.21691],[88.04309,27.21947],[88.03951,27.21927],[88.03775,27.22053],[88.03269,27.22107],[88.02926,27.22015],[88.02721,27.22082],[88.02392,27.21944],[88.02211,27.21692],[88.01659,27.21497],[88.01426,27.21291],[88.01556,27.21056],[88.01519,27.20905],[88.01186,27.20414],[88.0124,27.20207],[88.01444,27.20124],[88.01541,27.1997],[88.01609,27.196],[88.01557,27.19264],[88.01404,27.19079],[88.01314,27.18781],[88.01363,27.18584],[88.01293,27.18253],[88.01327,27.18113],[88.01244,27.17787],[88.01663,27.17393],[88.01904,27.17255],[88.01922,27.17105],[88.0167,27.1697],[88.01412,27.16693],[88.01144,27.16624],[88.01139,27.16202],[88.01074,27.16049],[88.01125,27.15895],[88.00975,27.1579],[88.00998,27.15468],[88.00924,27.15123],[88.00809,27.14996],[88.00849,27.14807],[88.00729,27.14329],[88.00479,27.14304],[88.0009,27.14043],[88.00071,27.13864],[87.99913,27.13648],[87.99994,27.13468],[87.99754,27.13303],[87.99337,27.13207],[87.99137,27.13034],[87.99056,27.12543],[87.98872,27.12333],[87.98896,27.12072],[87.98842,27.11761],[87.99006,27.11423],[87.98982,27.11133],[87.99151,27.11026],[87.99097,27.10722],[87.9912,27.10507],[87.99358,27.10493],[87.99527,27.10353],[87.99783,27.1036],[88.00259,27.10459],[88.00376,27.10333],[88.00771,27.10091],[88.00782,27.09908],[88.01144,27.09718],[88.012,27.09452],[88.01327,27.09282],[88.01356,27.09103],[88.01528,27.08895],[88.01699,27.08857],[88.02027,27.08657],[88.0207,27.08346],[88.01976,27.08157],[88.01817,27.08026],[88.0179,27.07883],[88.01583,27.07691],[88.01594,27.07437],[88.01837,27.07009],[88.02063,27.06939],[88.02252,27.06582],[88.02224,27.06359],[88.02397,27.05982],[88.02561,27.05829],[88.02583,27.05416],[88.02814,27.05061],[88.03004,27.0485],[88.03279,27.04423],[88.03525,27.04335],[88.03667,27.03933],[88.03634,27.03832],[88.03777,27.0364],[88.03946,27.03611],[88.04558,27.03688],[88.04769,27.03509],[88.05016,27.03458],[88.05212,27.03327],[88.05773,27.03215],[88.05947,27.02942],[88.06322,27.03025],[88.06477,27.03151],[88.06967,27.0316],[88.07334,27.0344],[88.07769,27.03542],[88.0816,27.03191],[88.08309,27.02914],[88.08376,27.02323],[88.08571,27.01967],[88.08884,27.01605],[88.08895,27.01286],[88.08828,27.01079],[88.08855,27.00806],[88.09386,27.00463],[88.09881,27.00422],[88.10415,26.99765],[88.10698,26.99664],[88.10911,26.99443],[88.1092,26.99241],[88.11245,26.99065],[88.11524,26.98854],[88.11858,26.98704],[88.12219,26.98713],[88.12411,26.98792],[88.12737,26.98732],[88.12833,26.9877],[88.13304,26.98622],[88.13492,26.98471],[88.13036,26.9804],[88.13002,26.97934],[88.12669,26.97516],[88.12626,26.9738],[88.12426,26.97137],[88.12498,26.96896],[88.12246,26.96605],[88.12285,26.96314],[88.12258,26.9606],[88.12308,26.95914],[88.12117,26.95647],[88.1213,26.95437],[88.12035,26.95027],[88.12265,26.94807],[88.12447,26.94458],[88.12829,26.94112],[88.12885,26.9392],[88.1322,26.93816],[88.13424,26.93543],[88.13757,26.93364],[88.13901,26.93079],[88.13923,26.92879],[88.14302,26.92524],[88.1447,26.92248],[88.14513,26.91936],[88.14384,26.91728],[88.14491,26.91503],[88.14269,26.91157],[88.14127,26.90832],[88.13876,26.90483],[88.13878,26.90167],[88.13662,26.9006],[88.13636,26.89852],[88.13872,26.8974],[88.14096,26.89495],[88.14256,26.89172],[88.14496,26.89095],[88.14581,26.88931],[88.14995,26.88744],[88.15264,26.88507],[88.15725,26.88512],[88.15733,26.88347],[88.16173,26.88089],[88.16363,26.87817],[88.16438,26.87623],[88.16436,26.87375],[88.16733,26.87012],[88.17243,26.86837],[88.17266,26.86581],[88.17398,26.86509],[88.17238,26.86185],[88.17225,26.86041],[88.17433,26.85955],[88.17367,26.85489],[88.1748,26.85331],[88.17294,26.85155],[88.16985,26.85131],[88.16795,26.8502],[88.16769,26.84752],[88.17014,26.84586],[88.17055,26.8446],[88.16764,26.83917],[88.16787,26.83724],[88.17107,26.83611],[88.17328,26.83478],[88.17394,26.83221],[88.17204,26.82972],[88.1718,26.82769],[88.173,26.82446],[88.17446,26.82319],[88.17676,26.81891],[88.17897,26.81623],[88.17855,26.81213],[88.17783,26.81017],[88.17837,26.80852],[88.17717,26.80477],[88.17872,26.79886],[88.18018,26.79802],[88.18098,26.79614],[88.18063,26.79405],[88.1815,26.79234],[88.18294,26.78214],[88.18785,26.77181],[88.18802,26.76584],[88.18738,26.76018],[88.18605,26.75668],[88.18667,26.75489],[88.18712,26.74831],[88.18627,26.74488],[88.18564,26.73705],[88.1843,26.73433],[88.18436,26.73108],[88.18238,26.72754],[88.18256,26.72353],[88.18162,26.71943],[88.17966,26.7173],[88.17763,26.71251],[88.17628,26.71045],[88.17289,26.70818],[88.16945,26.70149],[88.16708,26.6993],[88.16787,26.69693],[88.16785,26.69251],[88.16707,26.68616],[88.16775,26.68396],[88.16414,26.67847],[88.16468,26.67447],[88.16489,26.66845],[88.16429,26.66525],[88.16353,26.65381],[88.16291,26.65107],[88.1629,26.64571],[88.16094,26.64248],[88.15911,26.64199],[88.15789,26.63993],[88.1603,26.63644],[88.15805,26.63581],[88.15731,26.63293],[88.15437,26.63035],[88.147,26.62957],[88.14447,26.6283],[88.14412,26.62674],[88.1421,26.62575],[88.14097,26.62275],[88.14041,26.61827],[88.14052,26.6135],[88.1392,26.61104],[88.13963,26.60999],[88.13879,26.60616],[88.13527,26.60558],[88.13109,26.60267],[88.13007,26.60089],[88.13173,26.59803],[88.13191,26.59324],[88.12954,26.58786],[88.13003,26.58488],[88.12734,26.58194],[88.12972,26.57988],[88.13068,26.57639],[88.1304,26.5739],[88.12866,26.57273],[88.12748,26.57583],[88.12571,26.57765],[88.12316,26.57645],[88.12532,26.57464],[88.12411,26.57288],[88.12093,26.57592],[88.11776,26.57454],[88.11824,26.57196],[88.1192,26.5705],[88.11909,26.5683],[88.11704,26.56975],[88.11463,26.57054],[88.11341,26.57265],[88.11217,26.5712],[88.11131,26.56823],[88.11277,26.56651],[88.11439,26.56692],[88.11511,26.56546],[88.11324,26.56343],[88.11071,26.56244],[88.11304,26.56028],[88.11351,26.55869],[88.11059,26.55692],[88.10864,26.55766],[88.10765,26.56045],[88.10546,26.56105],[88.10528,26.55093],[88.10763,26.55063],[88.11029,26.54808],[88.11142,26.545],[88.10887,26.5436],[88.10695,26.54137],[88.10382,26.53972],[88.10375,26.53791],[88.11003,26.53606],[88.11227,26.53106],[88.11697,26.53273],[88.11797,26.53019],[88.11727,26.52761],[88.11854,26.52639],[88.12386,26.5241],[88.12396,26.52223],[88.12515,26.52053],[88.12913,26.51695],[88.12965,26.51601],[88.13377,26.51684],[88.13498,26.52338],[88.1376,26.52424],[88.14185,26.5239],[88.14288,26.52297],[88.146,26.52215],[88.14833,26.52422],[88.14863,26.52828],[88.15035,26.53181],[88.15216,26.53225],[88.15499,26.52982],[88.15635,26.53002],[88.16147,26.53324],[88.16654,26.53553],[88.16743,26.53776],[88.16786,26.54076],[88.16994,26.53943],[88.17059,26.53774],[88.1749,26.5348],[88.17623,26.53537],[88.17562,26.54053],[88.17939,26.54825],[88.18219,26.54897],[88.18781,26.54821],[88.19541,26.54796],[88.19537,26.54481],[88.19627,26.54392],[88.1991,26.54413],[88.20212,26.54375],[88.20137,26.53954],[88.20398,26.54113],[88.20555,26.5404],[88.21076,26.53993],[88.21398,26.54156],[88.2115,26.54268],[88.20886,26.54222],[88.20777,26.54319],[88.20525,26.54349],[88.20541,26.54457],[88.20765,26.54539],[88.20976,26.54531],[88.2119,26.54443],[88.21518,26.54701],[88.21624,26.54869],[88.20822,26.55006],[88.20808,26.55216],[88.20969,26.55645],[88.21065,26.56009],[88.2115,26.56124],[88.21484,26.55851],[88.21871,26.55666],[88.22394,26.5569],[88.22603,26.55621],[88.22643,26.55411],[88.228,26.55295],[88.22708,26.55124],[88.22566,26.55097],[88.22556,26.54721],[88.22931,26.54006],[88.22968,26.53504],[88.2272,26.534],[88.21818,26.52853],[88.21613,26.52856],[88.21438,26.52664],[88.21219,26.52539],[88.20877,26.52441],[88.20762,26.52229],[88.20609,26.52111],[88.20415,26.52129],[88.20233,26.51511],[88.20134,26.5135],[88.19884,26.51266],[88.1951,26.51414],[88.19341,26.51351],[88.19128,26.51153],[88.19113,26.50853],[88.18796,26.50677],[88.18727,26.50533],[88.18511,26.50405],[88.18358,26.50041],[88.18004,26.49985],[88.17958,26.49696],[88.17862,26.49567],[88.17903,26.49404],[88.18115,26.49373],[88.18175,26.4919],[88.1803,26.48973],[88.17989,26.48764],[88.18137,26.48687],[88.18504,26.48607],[88.18618,26.48377],[88.18786,26.48491],[88.18905,26.48281],[88.19066,26.48205],[88.19075,26.47901],[88.19162,26.47767],[88.19577,26.47513],[88.19883,26.47589],[88.20065,26.47562],[88.20296,26.47636],[88.2037,26.47419],[88.20734,26.47388],[88.21073,26.47309],[88.21346,26.47482],[88.21577,26.47805],[88.2138,26.47808],[88.21331,26.47986],[88.21177,26.48164],[88.21303,26.48341],[88.21986,26.48352],[88.22383,26.48239],[88.22464,26.48126],[88.22424,26.47799],[88.22246,26.47293],[88.2198,26.47086],[88.21684,26.47086],[88.21507,26.47195],[88.21171,26.47182],[88.20978,26.46968],[88.21083,26.4686],[88.214,26.46858],[88.21549,26.46639],[88.21773,26.46591],[88.21845,26.46259],[88.22018,26.46032],[88.22275,26.45913],[88.22496,26.45555],[88.22515,26.45366],[88.22764,26.45316],[88.23244,26.45154],[88.23722,26.45155],[88.23898,26.45218],[88.24057,26.45377],[88.24287,26.45713],[88.24383,26.46049],[88.24577,26.46212],[88.24874,26.46751],[88.25197,26.46798],[88.25484,26.4674],[88.25708,26.4686],[88.25793,26.47054],[88.25779,26.47255],[88.25896,26.47828],[88.25895,26.48191],[88.26206,26.48508],[88.26216,26.4875],[88.26324,26.48834],[88.26615,26.48843],[88.27105,26.48669],[88.27471,26.48586],[88.27477,26.48967],[88.27669,26.49115],[88.27975,26.48954],[88.28181,26.48629],[88.28285,26.48567],[88.28454,26.48819],[88.2869,26.48737],[88.2899,26.49022],[88.29289,26.49131],[88.29554,26.49117],[88.29986,26.48777],[88.3036,26.48775],[88.30557,26.48923],[88.30662,26.49158],[88.30712,26.49542],[88.3115,26.4989],[88.31357,26.49946],[88.31745,26.49863],[88.32326,26.49624],[88.32693,26.49581],[88.331,26.49639],[88.33402,26.49779],[88.33543,26.49724],[88.33774,26.50051],[88.34302,26.50291],[88.34599,26.50525],[88.34779,26.50771],[88.34948,26.50911],[88.35307,26.51592],[88.35207,26.51855],[88.35161,26.52171],[88.35191,26.5232],[88.35464,26.5266],[88.35746,26.52778],[88.35939,26.53007],[88.35931,26.53332],[88.35729,26.5402],[88.3578,26.54341],[88.3631,26.5502],[88.36526,26.55188],[88.36553,26.55583],[88.36772,26.5581],[88.37048,26.55952],[88.37121,26.56152],[88.37161,26.56899],[88.3701,26.57407],[88.37031,26.57608],[88.37403,26.57915],[88.37506,26.58473],[88.37391,26.58543],[88.3758,26.58873],[88.37632,26.59196],[88.37604,26.5947],[88.37732,26.59644],[88.38035,26.59838],[88.38422,26.59868],[88.38704,26.6012],[88.39126,26.60312],[88.39617,26.60252],[88.39842,26.60351],[88.39856,26.60559],[88.39562,26.60705],[88.39077,26.60614],[88.38769,26.6071],[88.38702,26.60872],[88.38696,26.61198],[88.38784,26.61363],[88.38948,26.61478],[88.39556,26.61673],[88.39686,26.6179],[88.3975,26.62033],[88.39822,26.62583],[88.40062,26.62777],[88.40433,26.6289],[88.40787,26.63066],[88.40913,26.63184],[88.40926,26.63485],[88.40646,26.64012],[88.3999,26.64244],[88.40107,26.64991],[88.40083,26.654],[88.39904,26.65674],[88.39858,26.65861],[88.39981,26.66136],[88.40042,26.66475],[88.40042,26.67242],[88.39794,26.67424],[88.39243,26.67586],[88.38995,26.67801],[88.39021,26.67984],[88.39181,26.6816],[88.39744,26.68372],[88.39984,26.68697],[88.40159,26.69182],[88.40165,26.69308],[88.4062,26.69642],[88.40834,26.69717],[88.40947,26.69934],[88.41379,26.7],[88.415,26.69919],[88.41488,26.69707],[88.41582,26.69646],[88.42087,26.6963],[88.42574,26.69693],[88.42718,26.69586],[88.42851,26.69656],[88.43194,26.6932],[88.4369,26.69273],[88.43798,26.69401],[88.44291,26.69472],[88.44472,26.69852],[88.44645,26.69972],[88.44728,26.70266],[88.44893,26.70395],[88.44909,26.70527],[88.44741,26.70651],[88.4439,26.71184],[88.4426,26.71633],[88.43945,26.71537],[88.43734,26.71565],[88.43575,26.71824],[88.4359,26.71961],[88.43356,26.72395],[88.43399,26.72524],[88.42971,26.72684],[88.42819,26.72473],[88.4258,26.72405],[88.42389,26.72282],[88.42158,26.72708],[88.42179,26.72813],[88.42435,26.73268],[88.42512,26.7351],[88.42304,26.737],[88.42327,26.74284],[88.42281,26.74585],[88.42445,26.74607],[88.42742,26.74789],[88.42442,26.75045],[88.42303,26.75375],[88.42422,26.75522],[88.42609,26.7538],[88.42739,26.75502],[88.42607,26.75716],[88.42683,26.75912],[88.42847,26.7575],[88.43036,26.75335],[88.43259,26.75543],[88.43189,26.75842],[88.43539,26.75792],[88.43408,26.76569],[88.43564,26.76861],[88.43733,26.7689],[88.43759,26.7713],[88.43631,26.77429],[88.43763,26.77593],[88.4357,26.77673],[88.43465,26.77806],[88.43311,26.77733],[88.43161,26.77842],[88.43383,26.78018],[88.43471,26.78377],[88.4397,26.7824],[88.43995,26.78378],[88.44199,26.78465],[88.44175,26.78572],[88.4389,26.78745],[88.43899,26.78865],[88.44147,26.78933],[88.44199,26.7905],[88.43874,26.79175],[88.43865,26.79427],[88.43718,26.79569],[88.43109,26.79552],[88.43124,26.79719],[88.4298,26.79803],[88.43055,26.79933],[88.4295,26.80125],[88.4319,26.8011],[88.4345,26.802],[88.43489,26.80358],[88.43378,26.80557],[88.43407,26.8102],[88.43565,26.81153],[88.43345,26.81529],[88.4303,26.81794],[88.43064,26.82067],[88.43394,26.82068],[88.43628,26.82329],[88.43559,26.82475],[88.43728,26.82818],[88.44127,26.83267],[88.44074,26.83639],[88.44118,26.83716],[88.44438,26.83723],[88.44549,26.83838],[88.44859,26.83987],[88.45238,26.84059],[88.45462,26.84053],[88.45974,26.84289],[88.47066,26.84762],[88.47406,26.84795],[88.47572,26.84864],[88.48286,26.8533],[88.48599,26.85418],[88.49003,26.85271],[88.49247,26.85009],[88.49687,26.8496],[88.49951,26.84637],[88.4997,26.84231],[88.50097,26.84103],[88.50332,26.84],[88.50816,26.83921],[88.51013,26.83938],[88.51063,26.8409],[88.51036,26.84427],[88.50914,26.84653],[88.50594,26.84903],[88.50238,26.84867],[88.49578,26.85374],[88.49303,26.85491],[88.49079,26.85825],[88.48822,26.86074],[88.48368,26.86436],[88.48184,26.86705],[88.47981,26.86863],[88.47933,26.87146],[88.47969,26.87516],[88.47766,26.87708],[88.47533,26.87722],[88.47565,26.87983],[88.47525,26.88514],[88.47441,26.8908],[88.4742,26.89776],[88.47272,26.90256],[88.47245,26.90668],[88.47106,26.90805],[88.4709,26.90999],[88.47394,26.91178],[88.47339,26.91379],[88.47131,26.91436],[88.46489,26.91522],[88.46396,26.9161],[88.46394,26.9189],[88.46203,26.92103],[88.45951,26.92216],[88.45626,26.92461],[88.45654,26.92676],[88.45582,26.92944],[88.45317,26.935],[88.45055,26.93689],[88.44431,26.93701],[88.44188,26.93856],[88.44254,26.94089],[88.44443,26.94363],[88.445,26.94535],[88.44432,26.94704],[88.44197,26.94952],[88.44091,26.95265],[88.4405,26.95834],[88.43985,26.95978],[88.43733,26.9617],[88.4359,26.96167],[88.43238,26.96013],[88.42884,26.95793],[88.42441,26.9577],[88.42298,26.95723],[88.42072,26.95889],[88.41736,26.96225],[88.41938,26.96467],[88.41921,26.96713],[88.41829,26.97037],[88.41915,26.97393],[88.4207,26.97733],[88.41935,26.98015],[88.41871,26.98277],[88.41443,26.98441],[88.41173,26.98453],[88.40901,26.98157],[88.4078,26.98134],[88.40553,26.9828],[88.40332,26.9833],[88.40132,26.98469],[88.39799,26.98549],[88.3951,26.98692],[88.39187,26.9877],[88.39179,26.98848],[88.39439,26.99112],[88.39969,26.99454],[88.40145,26.99686],[88.40509,27.00005],[88.40608,27.00228],[88.40796,27.00432],[88.41015,27.00543],[88.41383,27.009],[88.41575,27.0099],[88.42284,27.00827],[88.42301,27.01174],[88.42191,27.01524],[88.41525,27.02346],[88.41537,27.02537],[88.41766,27.02858],[88.41943,27.03235],[88.41789,27.03711],[88.41844,27.04004],[88.41768,27.04243],[88.41533,27.04475],[88.41708,27.05375],[88.41659,27.05944],[88.41708,27.06096],[88.42124,27.06499],[88.42101,27.06799],[88.42225,27.06911],[88.42475,27.06784],[88.42683,27.06606],[88.42901,27.06927],[88.43108,27.07653],[88.43295,27.07926]]]},"properties":{"OBJECTID":469,"dtname":"Darjeeling","stname":"West Bengal","stcode11":"19","dtcode11":"327","year_stat":"2011_c","dist_lgd":309,"state_lgd":19,"SHAPE_Length":390841.99332509644,"SHAPE_Area":2586343974.9692664,"remarks":" ","d_pan_code":269,"d_pan_name":"Darjeeling","New_Name":"Darjeeling","mached":"-1"},"id":469},
{"type":"Feature","geometry":{"type":"MultiPolygon","coordinates":[[[[88.00014,22.24296],[87.99548,22.24495],[87.9957,22.24846],[87.9947,22.25007],[87.98913,22.25401],[87.97897,22.26035],[87.97123,22.26386],[87.96836,22.26473],[87.96811,22.25996],[87.96949,22.25822],[87.96985,22.25617],[87.97671,22.24918],[87.9795,22.24458],[87.9814,22.24237],[87.98397,22.24073],[87.98649,22.23826],[87.99612,22.23828],[88.00014,22.24296]]],[[[87.95593,22.26973],[87.9548,22.27256],[87.95288,22.28602],[87.95089,22.2925],[87.95072,22.29481],[87.94909,22.30289],[87.94931,22.30709],[87.95273,22.31396],[87.95275,22.31625],[87.9518,22.32089],[87.95183,22.32423],[87.95382,22.33552],[87.95578,22.35646],[87.95382,22.36572],[87.94872,22.37572],[87.9436,22.38221],[87.94005,22.39584],[87.93977,22.40169],[87.93898,22.40507],[87.93529,22.41285],[87.9333,22.41578],[87.93134,22.41764],[87.92568,22.42155],[87.92123,22.42406],[87.91398,22.42647],[87.89805,22.43031],[87.89137,22.43276],[87.88635,22.43597],[87.88334,22.43845],[87.88173,22.43761],[87.87792,22.44146],[87.87524,22.44664],[87.87448,22.45121],[87.87513,22.45449],[87.8765,22.45746],[87.8809,22.46384],[87.88511,22.46935],[87.88676,22.47105],[87.89084,22.47402],[87.89195,22.47549],[87.89315,22.4801],[87.89259,22.48178],[87.89054,22.48417],[87.88611,22.48735],[87.88247,22.49144],[87.88145,22.4944],[87.87965,22.49783],[87.87991,22.50264],[87.88039,22.50342],[87.88453,22.50656],[87.88617,22.51149],[87.88898,22.5128],[87.89115,22.51484],[87.89139,22.51606],[87.89064,22.51939],[87.88731,22.51786],[87.88605,22.51622],[87.88517,22.51321],[87.88484,22.50936],[87.88389,22.50918],[87.87312,22.51082],[87.86689,22.51053],[87.8652,22.51094],[87.85874,22.51078],[87.85587,22.50995],[87.85195,22.51128],[87.84633,22.5118],[87.84656,22.50974],[87.84375,22.50866],[87.83928,22.50553],[87.83337,22.5045],[87.8322,22.50391],[87.83116,22.50165],[87.82932,22.50022],[87.82511,22.49857],[87.82263,22.49959],[87.81684,22.49938],[87.81595,22.49872],[87.81609,22.49593],[87.81457,22.49486],[87.8094,22.49301],[87.80547,22.49068],[87.80299,22.48882],[87.80176,22.48631],[87.79949,22.48428],[87.79902,22.48266],[87.79647,22.48069],[87.79265,22.47893],[87.79045,22.47936],[87.78812,22.47813],[87.78767,22.48077],[87.78517,22.4837],[87.78456,22.48514],[87.77892,22.48167],[87.77658,22.47861],[87.7703,22.47774],[87.76228,22.47482],[87.76165,22.47322],[87.75714,22.47303],[87.7541,22.47373],[87.74628,22.47455],[87.74537,22.47641],[87.74639,22.47854],[87.74358,22.47959],[87.74073,22.48214],[87.74165,22.48436],[87.74039,22.4865],[87.73898,22.48729],[87.72891,22.4885],[87.72574,22.48816],[87.72267,22.48907],[87.71774,22.48903],[87.71509,22.48853],[87.71012,22.48937],[87.70899,22.49025],[87.70633,22.49517],[87.70267,22.49854],[87.70151,22.50107],[87.69858,22.50429],[87.69329,22.50688],[87.69136,22.50738],[87.69048,22.50506],[87.69032,22.49985],[87.68962,22.49676],[87.68951,22.4928],[87.68899,22.48989],[87.68327,22.4888],[87.67989,22.48685],[87.6771,22.48619],[87.67649,22.48496],[87.67381,22.48365],[87.67293,22.48057],[87.67337,22.4774],[87.67362,22.46974],[87.67424,22.46852],[87.67388,22.46584],[87.67229,22.4646],[87.67085,22.46062],[87.6667,22.46037],[87.66,22.46196],[87.65863,22.46013],[87.65825,22.45761],[87.65675,22.45622],[87.65651,22.45301],[87.65465,22.45281],[87.65288,22.45064],[87.65228,22.44803],[87.65304,22.44675],[87.64979,22.43879],[87.64761,22.43711],[87.64593,22.43437],[87.64608,22.43146],[87.64896,22.42975],[87.65102,22.4267],[87.65203,22.42653],[87.65265,22.42125],[87.65506,22.42082],[87.65561,22.41997],[87.65636,22.41556],[87.65604,22.41092],[87.65809,22.4093],[87.65822,22.40764],[87.65784,22.4006],[87.6549,22.3985],[87.65406,22.39503],[87.65178,22.38315],[87.65085,22.37742],[87.64935,22.37573],[87.64837,22.37312],[87.64854,22.37055],[87.6479,22.3674],[87.64448,22.36399],[87.64612,22.36251],[87.6451,22.35978],[87.64498,22.35364],[87.64547,22.34855],[87.64393,22.34556],[87.64443,22.34038],[87.64623,22.33753],[87.64592,22.33537],[87.64415,22.33353],[87.64646,22.33167],[87.64844,22.33281],[87.64979,22.33085],[87.6471,22.3298],[87.64697,22.32576],[87.64921,22.32603],[87.65101,22.32551],[87.65158,22.32685],[87.6541,22.32839],[87.65488,22.33114],[87.65658,22.33196],[87.65993,22.33074],[87.66543,22.33081],[87.66348,22.32919],[87.66433,22.32651],[87.6639,22.32407],[87.66573,22.32379],[87.6687,22.32769],[87.67132,22.3271],[87.67291,22.32938],[87.67374,22.32644],[87.67529,22.32484],[87.67773,22.3245],[87.68298,22.3257],[87.68737,22.32566],[87.68952,22.32601],[87.69127,22.32716],[87.6952,22.3269],[87.69833,22.32926],[87.7001,22.3292],[87.70591,22.32794],[87.70685,22.3258],[87.70903,22.32506],[87.7146,22.32392],[87.71609,22.32295],[87.72087,22.32149],[87.72351,22.31975],[87.72383,22.31826],[87.72127,22.31561],[87.72006,22.31305],[87.71896,22.30871],[87.71771,22.30636],[87.71438,22.29726],[87.71216,22.29284],[87.70952,22.28927],[87.70788,22.28622],[87.70666,22.28296],[87.70563,22.27895],[87.707,22.27577],[87.70673,22.27313],[87.70784,22.26944],[87.70575,22.26923],[87.7054,22.26478],[87.70362,22.25265],[87.70349,22.2478],[87.70297,22.24491],[87.70184,22.24288],[87.7,22.23134],[87.70028,22.22784],[87.69919,22.21839],[87.70191,22.21695],[87.70446,22.21655],[87.7079,22.21668],[87.71213,22.21616],[87.71401,22.21454],[87.71253,22.20753],[87.71278,22.20628],[87.71763,22.20512],[87.72766,22.20436],[87.72953,22.20364],[87.72978,22.20111],[87.72883,22.19654],[87.72915,22.19426],[87.7284,22.19253],[87.72925,22.19077],[87.72891,22.18891],[87.72762,22.18674],[87.72294,22.18282],[87.72005,22.18184],[87.71871,22.18213],[87.71713,22.18382],[87.71644,22.18588],[87.71505,22.18693],[87.71319,22.1801],[87.70953,22.18052],[87.70868,22.17721],[87.71082,22.17281],[87.71268,22.17037],[87.70873,22.16473],[87.70901,22.16083],[87.70874,22.15882],[87.70726,22.1564],[87.70461,22.15341],[87.70527,22.14808],[87.70451,22.14372],[87.70458,22.14012],[87.70354,22.13848],[87.70331,22.13467],[87.70202,22.12581],[87.70086,22.12453],[87.69134,22.12262],[87.68555,22.11677],[87.67758,22.11164],[87.67455,22.1076],[87.67339,22.10472],[87.66245,22.10442],[87.66009,22.10357],[87.65247,22.10312],[87.64399,22.10331],[87.63838,22.10451],[87.63171,22.10342],[87.62661,22.10205],[87.62196,22.10149],[87.61735,22.1019],[87.61463,22.10173],[87.61237,22.10025],[87.60626,22.10098],[87.59583,22.10294],[87.59333,22.10282],[87.58653,22.09963],[87.58043,22.09546],[87.57551,22.09323],[87.57244,22.09327],[87.5674,22.09501],[87.56412,22.09454],[87.56101,22.09186],[87.55898,22.08823],[87.55496,22.08289],[87.5493,22.08298],[87.54561,22.08405],[87.54352,22.08415],[87.53907,22.08146],[87.5362,22.08193],[87.53284,22.0843],[87.53296,22.08716],[87.53082,22.08864],[87.52675,22.08804],[87.52081,22.08788],[87.51904,22.08757],[87.51406,22.08839],[87.51062,22.08792],[87.50904,22.0872],[87.50375,22.08849],[87.49757,22.08858],[87.49325,22.08914],[87.49142,22.08857],[87.49085,22.08581],[87.48784,22.08312],[87.48651,22.08286],[87.48339,22.08081],[87.4806,22.07767],[87.47701,22.0748],[87.47509,22.07462],[87.47448,22.0736],[87.47541,22.0689],[87.47682,22.06856],[87.47686,22.06592],[87.485,22.06425],[87.48713,22.06262],[87.4862,22.06177],[87.48212,22.06114],[87.48036,22.05943],[87.47839,22.05245],[87.47854,22.0465],[87.48162,22.04625],[87.48475,22.04513],[87.49055,22.04551],[87.48921,22.04132],[87.48707,22.03703],[87.48591,22.03187],[87.48388,22.03194],[87.48146,22.03634],[87.479,22.03781],[87.47705,22.03703],[87.47487,22.03469],[87.47441,22.03263],[87.47235,22.03215],[87.47164,22.03074],[87.47269,22.02958],[87.47064,22.02752],[87.46515,22.02657],[87.46466,22.02448],[87.46265,22.02037],[87.46243,22.01881],[87.46332,22.01176],[87.46109,22.00936],[87.45999,22.00644],[87.46113,22.00535],[87.46272,22.00562],[87.46905,22.00477],[87.4716,22.0033],[87.47834,22.00168],[87.47983,21.99704],[87.4792,21.99075],[87.48324,21.99013],[87.48345,21.9823],[87.48091,21.98333],[87.47919,21.97969],[87.48143,21.9781],[87.4846,21.96959],[87.48479,21.96672],[87.48434,21.96298],[87.48591,21.95991],[87.48597,21.95712],[87.48691,21.9568],[87.49309,21.95697],[87.49758,21.95754],[87.50027,21.95929],[87.50177,21.9593],[87.5063,21.95805],[87.50916,21.95505],[87.51008,21.95203],[87.51262,21.95162],[87.51321,21.95029],[87.51254,21.94798],[87.50974,21.94771],[87.50534,21.94813],[87.49964,21.9503],[87.49831,21.94875],[87.49807,21.94712],[87.49898,21.94372],[87.49632,21.94066],[87.49525,21.9378],[87.49359,21.93742],[87.49026,21.93839],[87.48901,21.93938],[87.48638,21.93845],[87.48147,21.93905],[87.48104,21.93029],[87.48282,21.92665],[87.48315,21.92309],[87.48409,21.92108],[87.48146,21.91598],[87.48052,21.91292],[87.47777,21.9071],[87.47712,21.89929],[87.47159,21.89842],[87.46711,21.89609],[87.46433,21.89605],[87.46052,21.89681],[87.45698,21.89238],[87.45498,21.8916],[87.45253,21.89165],[87.44974,21.89267],[87.44872,21.89017],[87.44946,21.88763],[87.44958,21.88137],[87.45059,21.87657],[87.45211,21.87575],[87.45583,21.87483],[87.45636,21.86755],[87.45744,21.86453],[87.45708,21.86104],[87.45521,21.86019],[87.45549,21.85741],[87.45463,21.85541],[87.45678,21.85398],[87.45617,21.85101],[87.45651,21.84531],[87.45124,21.84538],[87.44567,21.84138],[87.44088,21.83966],[87.44066,21.83382],[87.44148,21.83122],[87.44381,21.82945],[87.44492,21.82582],[87.44479,21.82151],[87.44128,21.82105],[87.44113,21.81982],[87.4388,21.81335],[87.43722,21.81295],[87.43852,21.80825],[87.43626,21.80376],[87.43168,21.80364],[87.43104,21.80322],[87.42876,21.79891],[87.42611,21.79655],[87.42619,21.79516],[87.42791,21.79299],[87.43542,21.79271],[87.43653,21.79232],[87.43882,21.78979],[87.43809,21.78186],[87.43914,21.78066],[87.43945,21.7756],[87.44152,21.77321],[87.44033,21.77179],[87.44029,21.76993],[87.44555,21.76816],[87.44415,21.75649],[87.44523,21.74768],[87.44673,21.74727],[87.44718,21.74579],[87.44543,21.74379],[87.44978,21.74328],[87.452,21.74078],[87.45372,21.74052],[87.45432,21.73909],[87.45319,21.7378],[87.4495,21.73781],[87.44585,21.73875],[87.44511,21.73843],[87.44475,21.73465],[87.44784,21.734],[87.45884,21.73401],[87.4627,21.73205],[87.46557,21.73179],[87.46918,21.73252],[87.46845,21.73003],[87.46709,21.72757],[87.46366,21.72804],[87.46366,21.72471],[87.46522,21.72373],[87.46648,21.72192],[87.46755,21.7186],[87.47123,21.71742],[87.47181,21.71553],[87.47336,21.71496],[87.47372,21.71271],[87.47266,21.71032],[87.47206,21.70655],[87.47018,21.70533],[87.47194,21.70244],[87.47149,21.69869],[87.47363,21.69711],[87.47167,21.69655],[87.47104,21.69539],[87.4716,21.69145],[87.47084,21.68858],[87.47102,21.68381],[87.46886,21.68355],[87.46945,21.68193],[87.46945,21.67873],[87.46673,21.67857],[87.46694,21.66891],[87.46754,21.6674],[87.46714,21.66402],[87.46171,21.66282],[87.46133,21.66189],[87.46248,21.65865],[87.4605,21.65544],[87.46083,21.65033],[87.46456,21.65135],[87.46631,21.65137],[87.47256,21.65247],[87.47191,21.6493],[87.47227,21.64767],[87.47629,21.6472],[87.47653,21.64497],[87.47516,21.64478],[87.4777,21.64042],[87.47938,21.63905],[87.47934,21.63687],[87.48106,21.63618],[87.48028,21.63461],[87.48179,21.63264],[87.48543,21.63263],[87.48613,21.63112],[87.48453,21.62496],[87.48495,21.621],[87.48479,21.61126],[87.4879,21.61248],[87.49642,21.61515],[87.49962,21.6165],[87.50526,21.61832],[87.51005,21.61922],[87.51549,21.62129],[87.52136,21.62218],[87.52733,21.62363],[87.53019,21.62521],[87.5331,21.62526],[87.53328,21.62616],[87.53845,21.62754],[87.54518,21.62973],[87.54784,21.63138],[87.55127,21.63207],[87.55142,21.63406],[87.55266,21.6368],[87.55412,21.63785],[87.55533,21.6357],[87.55831,21.63461],[87.5625,21.63426],[87.56559,21.63455],[87.57312,21.63598],[87.58014,21.63755],[87.586,21.63909],[87.59776,21.64138],[87.60056,21.64226],[87.60579,21.64326],[87.61431,21.64412],[87.62771,21.64671],[87.63195,21.6478],[87.63434,21.64959],[87.63718,21.65559],[87.64117,21.65864],[87.64046,21.65482],[87.6415,21.65196],[87.64344,21.6504],[87.64664,21.64906],[87.65141,21.64851],[87.65998,21.65002],[87.66572,21.65081],[87.67396,21.65253],[87.6785,21.65407],[87.68479,21.65585],[87.69576,21.65965],[87.70011,21.6615],[87.70849,21.66386],[87.71269,21.66533],[87.71848,21.66784],[87.72739,21.67255],[87.73071,21.67399],[87.73711,21.6782],[87.73954,21.68073],[87.73329,21.67956],[87.73261,21.68082],[87.73721,21.68152],[87.74329,21.68447],[87.74459,21.68543],[87.74823,21.69071],[87.74804,21.69344],[87.74513,21.69565],[87.74499,21.69653],[87.74699,21.69978],[87.7497,21.70003],[87.75548,21.69824],[87.75882,21.69898],[87.76035,21.70104],[87.76169,21.69793],[87.76777,21.69474],[87.76968,21.69416],[87.7734,21.69385],[87.7809,21.69424],[87.78546,21.6942],[87.79279,21.69679],[87.79598,21.69819],[87.80001,21.70095],[87.80507,21.70342],[87.81143,21.70838],[87.81312,21.71032],[87.8147,21.71446],[87.81494,21.71791],[87.81825,21.72146],[87.82685,21.72766],[87.8272,21.72855],[87.83077,21.7312],[87.83398,21.73511],[87.837,21.73643],[87.84667,21.74286],[87.8543,21.74855],[87.85802,21.75068],[87.86114,21.75379],[87.86165,21.75621],[87.86372,21.75994],[87.86664,21.76685],[87.87025,21.76941],[87.8722,21.77238],[87.87704,21.77483],[87.87864,21.77732],[87.88055,21.77887],[87.88372,21.78249],[87.8855,21.79022],[87.88327,21.79335],[87.8855,21.79411],[87.89244,21.79557],[87.90258,21.79979],[87.90288,21.80066],[87.90632,21.80116],[87.90885,21.80222],[87.90883,21.80349],[87.91208,21.80458],[87.91208,21.80332],[87.91592,21.80562],[87.92053,21.80922],[87.92909,21.81465],[87.93554,21.8192],[87.94062,21.82345],[87.94308,21.82642],[87.94674,21.82985],[87.94922,21.8357],[87.9534,21.83725],[87.95592,21.84209],[87.95786,21.84336],[87.96125,21.84819],[87.96311,21.84934],[87.96808,21.85477],[87.96942,21.85752],[87.96915,21.85903],[87.97057,21.86271],[87.97336,21.8642],[87.9755,21.8659],[87.97763,21.86864],[87.98008,21.87296],[87.98623,21.88266],[87.99004,21.88749],[87.99152,21.88855],[87.99377,21.89136],[87.99718,21.89653],[88.00144,21.90548],[88.00426,21.90865],[88.006,21.91217],[88.00915,21.91643],[88.01198,21.92092],[88.01174,21.92284],[88.0127,21.92553],[88.01367,21.93251],[88.01529,21.93762],[88.01662,21.94021],[88.01635,21.94143],[88.01773,21.94309],[88.02046,21.94793],[88.02145,21.95151],[88.02239,21.9529],[88.02374,21.95654],[88.02494,21.95861],[88.02566,21.96186],[88.02857,21.96518],[88.03214,21.97135],[88.03439,21.97725],[88.036,21.98218],[88.04082,21.98894],[88.0415,21.99032],[88.04539,21.99554],[88.0466,21.99777],[88.04961,22.00081],[88.05234,22.00659],[88.05159,22.00987],[88.04994,22.01283],[88.05122,22.0152],[88.05359,22.01677],[88.05569,22.02018],[88.06262,22.01338],[88.06618,22.01441],[88.07332,22.01812],[88.08299,22.02172],[88.08627,22.02338],[88.08876,22.02522],[88.08963,22.02652],[88.09264,22.02789],[88.1027,22.03496],[88.11106,22.03997],[88.11366,22.04224],[88.11607,22.043],[88.12581,22.04983],[88.13399,22.05422],[88.13875,22.05554],[88.14672,22.05952],[88.15366,22.06359],[88.15931,22.06853],[88.1601,22.07007],[88.16306,22.07272],[88.16367,22.07426],[88.16631,22.07575],[88.17173,22.08007],[88.17664,22.08572],[88.17884,22.08918],[88.18029,22.09048],[88.18341,22.09445],[88.18548,22.09824],[88.18943,22.10808],[88.19054,22.1142],[88.1895,22.11712],[88.18117,22.12574],[88.18008,22.12789],[88.17758,22.13059],[88.17602,22.13346],[88.17257,22.13743],[88.17047,22.14265],[88.16883,22.14483],[88.16566,22.14689],[88.16142,22.15077],[88.16087,22.15225],[88.15712,22.15627],[88.15214,22.16291],[88.15104,22.16374],[88.14522,22.17168],[88.14104,22.17912],[88.1389,22.18078],[88.13668,22.1842],[88.13204,22.18637],[88.12922,22.1858],[88.12328,22.18697],[88.12164,22.18677],[88.1186,22.18793],[88.11174,22.18934],[88.10337,22.1922],[88.10103,22.19057],[88.09985,22.1915],[88.09772,22.19065],[88.09515,22.19099],[88.09125,22.18666],[88.08782,22.18556],[88.08585,22.18661],[88.08288,22.18693],[88.07857,22.18654],[88.075,22.18693],[88.06777,22.18895],[88.06669,22.18884],[88.06169,22.19272],[88.05406,22.19974],[88.05146,22.20335],[88.04912,22.20483],[88.04452,22.20659],[88.03835,22.20757],[88.03478,22.20893],[88.03168,22.20888],[88.02927,22.20778],[88.02842,22.20653],[88.02701,22.20188],[88.02342,22.19969],[88.01893,22.19942],[88.01184,22.20084],[88.00675,22.20263],[88,22.20648],[87.99777,22.20843],[87.99413,22.21686],[87.99212,22.22223],[87.99186,22.2245],[87.98967,22.22591],[87.98641,22.22888],[87.98201,22.23108],[87.9817,22.23189],[87.97802,22.2334],[87.97523,22.2334],[87.97617,22.22367],[87.97934,22.22041],[87.98128,22.21899],[87.98387,22.21843],[87.98318,22.21422],[87.97906,22.21832],[87.97714,22.22084],[87.9734,22.22279],[87.9723,22.22898],[87.97315,22.23259],[87.97246,22.23567],[87.97108,22.23776],[87.96802,22.24045],[87.96469,22.24236],[87.9598,22.24404],[87.95831,22.24495],[87.95288,22.25078],[87.94764,22.25475],[87.94691,22.25703],[87.94907,22.26096],[87.95277,22.26601],[87.95593,22.26973]]]]},"properties":{"OBJECTID":474,"dtname":"Purba Medinipur","stname":"West Bengal","stcode11":"19","dtcode11":"345","year_stat":"2011_c","dist_lgd":317,"state_lgd":19,"SHAPE_Length":440673.62927590107,"SHAPE_Area":4627834075.26027,"remarks":" ","d_pan_code":276,"d_pan_name":"Purba Medinipur","New_Name":"Purba Medinipur","mached":"-1"},"id":474},
{"type":"Feature","geometry":{"type":"Polygon","coordinates":[[[88.35257,22.65557],[88.34843,22.65503],[88.34621,22.65523],[88.34443,22.65621],[88.34288,22.65965],[88.34143,22.66037],[88.33833,22.66008],[88.33632,22.66242],[88.33432,22.66288],[88.32919,22.66322],[88.32485,22.6644],[88.32198,22.66663],[88.32084,22.6693],[88.31916,22.67059],[88.31616,22.66841],[88.31595,22.6654],[88.31026,22.66635],[88.30772,22.66146],[88.30518,22.66171],[88.29615,22.66377],[88.2887,22.66512],[88.28213,22.6652],[88.28191,22.66377],[88.2795,22.6639],[88.27934,22.65945],[88.28129,22.65938],[88.28133,22.658],[88.27715,22.65836],[88.27203,22.66253],[88.26802,22.66272],[88.26669,22.66055],[88.26434,22.66186],[88.2611,22.66267],[88.26045,22.6654],[88.26089,22.66845],[88.26023,22.66978],[88.25725,22.66984],[88.25604,22.67075],[88.25269,22.66975],[88.25133,22.67067],[88.24984,22.66893],[88.24859,22.66909],[88.24534,22.67149],[88.24161,22.67163],[88.24042,22.67232],[88.2416,22.67585],[88.24307,22.6783],[88.23803,22.67833],[88.23737,22.678],[88.23695,22.67461],[88.23336,22.67597],[88.23354,22.67235],[88.23184,22.67192],[88.22291,22.67236],[88.22248,22.66968],[88.22065,22.67103],[88.21883,22.67114],[88.21087,22.6704],[88.20842,22.66908],[88.20585,22.66982],[88.20443,22.6693],[88.20197,22.66955],[88.19948,22.66806],[88.19739,22.66379],[88.19663,22.66681],[88.19436,22.66801],[88.19176,22.66836],[88.18668,22.67089],[88.18217,22.67107],[88.18145,22.67052],[88.18023,22.66723],[88.17936,22.66329],[88.17707,22.66305],[88.17636,22.66121],[88.17673,22.65954],[88.17993,22.6586],[88.18175,22.65728],[88.18168,22.65442],[88.17994,22.65234],[88.17517,22.65385],[88.17498,22.65845],[88.17406,22.66185],[88.1751,22.66354],[88.17429,22.66511],[88.17211,22.66652],[88.17161,22.66768],[88.17106,22.67466],[88.17012,22.67606],[88.17201,22.67804],[88.17255,22.68009],[88.17391,22.68137],[88.17521,22.68074],[88.1763,22.68221],[88.17522,22.68553],[88.17389,22.68809],[88.17248,22.6881],[88.17201,22.68355],[88.16984,22.68207],[88.16389,22.68213],[88.15917,22.68311],[88.15643,22.68554],[88.15775,22.68813],[88.15677,22.68916],[88.15531,22.68827],[88.15542,22.68686],[88.14968,22.68679],[88.15053,22.68341],[88.15065,22.68007],[88.14937,22.67953],[88.14841,22.67557],[88.1465,22.67791],[88.14456,22.6785],[88.14343,22.68121],[88.14338,22.68318],[88.14069,22.68343],[88.13953,22.68227],[88.13973,22.68073],[88.13491,22.68076],[88.1334,22.68366],[88.13169,22.68535],[88.12236,22.68583],[88.12204,22.68801],[88.12054,22.69025],[88.1215,22.69142],[88.12036,22.6931],[88.12056,22.69474],[88.12191,22.69597],[88.11948,22.69929],[88.11631,22.69853],[88.11536,22.70019],[88.11376,22.70016],[88.11264,22.70222],[88.11031,22.70196],[88.11097,22.70576],[88.10776,22.70495],[88.10627,22.70512],[88.10418,22.70349],[88.10206,22.7055],[88.10048,22.70437],[88.10009,22.70303],[88.10541,22.70104],[88.10339,22.69848],[88.10352,22.6957],[88.10198,22.69441],[88.10179,22.69314],[88.09778,22.69213],[88.09631,22.6906],[88.09354,22.69084],[88.09196,22.6895],[88.08472,22.69028],[88.08341,22.68715],[88.07962,22.68639],[88.07835,22.68905],[88.07637,22.68833],[88.07498,22.68569],[88.07182,22.68612],[88.07047,22.68713],[88.06843,22.68691],[88.06546,22.68549],[88.06511,22.68968],[88.06892,22.69054],[88.06899,22.69271],[88.06983,22.69472],[88.07134,22.69472],[88.07234,22.69596],[88.06918,22.69922],[88.06797,22.69976],[88.0653,22.7025],[88.06522,22.70444],[88.066,22.70609],[88.06488,22.70724],[88.06646,22.70895],[88.06551,22.71017],[88.06481,22.71277],[88.06106,22.71266],[88.06019,22.71153],[88.06054,22.70674],[88.06288,22.70476],[88.06091,22.70239],[88.06116,22.69741],[88.05963,22.69851],[88.05817,22.698],[88.055,22.69839],[88.05257,22.6965],[88.05203,22.69251],[88.04978,22.69124],[88.0471,22.68791],[88.04743,22.68442],[88.04868,22.68287],[88.04773,22.67963],[88.04526,22.68062],[88.04429,22.68287],[88.04223,22.68493],[88.03591,22.68588],[88.03498,22.68531],[88.0302,22.68552],[88.02979,22.68684],[88.02704,22.68788],[88.02628,22.69008],[88.02407,22.68966],[88.0221,22.6869],[88.01569,22.68746],[88.01443,22.68634],[88.01085,22.68555],[88.00942,22.68615],[88.00718,22.6887],[88.00607,22.69133],[88.00692,22.69274],[88.00646,22.69508],[88.00408,22.69643],[88.00106,22.69628],[88,22.69858],[87.99885,22.69933],[87.99477,22.70063],[87.99291,22.70216],[87.99205,22.7053],[87.99233,22.70691],[87.99496,22.7095],[87.99647,22.71338],[87.99531,22.71709],[87.99081,22.72327],[87.98696,22.73045],[87.98708,22.73283],[87.98797,22.7339],[87.9948,22.7384],[87.99605,22.73952],[87.99806,22.74271],[87.99805,22.74505],[87.99605,22.74738],[87.9955,22.75073],[87.99535,22.75545],[87.992,22.76128],[87.99156,22.77031],[87.99038,22.77597],[87.98943,22.77815],[87.98513,22.78142],[87.98367,22.77923],[87.98116,22.78001],[87.98113,22.78206],[87.97942,22.78198],[87.97835,22.77912],[87.97601,22.77952],[87.97525,22.78094],[87.97351,22.78087],[87.97357,22.77759],[87.97175,22.77536],[87.96791,22.77447],[87.96557,22.77147],[87.96158,22.77286],[87.96136,22.77429],[87.95481,22.77241],[87.95316,22.77158],[87.95002,22.77115],[87.9502,22.76866],[87.9492,22.76477],[87.94742,22.76151],[87.94812,22.75767],[87.94731,22.75604],[87.94715,22.75032],[87.94756,22.74638],[87.94659,22.74384],[87.94861,22.74299],[87.94889,22.73933],[87.9476,22.73487],[87.9452,22.73344],[87.94435,22.73156],[87.94359,22.72546],[87.94367,22.71894],[87.94444,22.71782],[87.94371,22.71577],[87.94002,22.70881],[87.93926,22.70267],[87.93893,22.6974],[87.93778,22.69602],[87.92954,22.69679],[87.92822,22.6953],[87.92706,22.69018],[87.92597,22.68863],[87.92209,22.68854],[87.92387,22.68704],[87.92402,22.68271],[87.92719,22.67533],[87.92748,22.67333],[87.92907,22.66961],[87.9275,22.66729],[87.92718,22.66404],[87.92823,22.66026],[87.92827,22.65676],[87.92886,22.65521],[87.92812,22.65152],[87.92893,22.64825],[87.93372,22.64134],[87.93549,22.63728],[87.93535,22.63569],[87.9395,22.63173],[87.93869,22.6304],[87.93603,22.63048],[87.93299,22.63135],[87.92981,22.63123],[87.92697,22.63257],[87.92377,22.63269],[87.92107,22.63439],[87.91907,22.62957],[87.92169,22.62884],[87.9215,22.62773],[87.91941,22.62769],[87.91781,22.62869],[87.91536,22.62843],[87.91326,22.62744],[87.91138,22.62879],[87.90672,22.62859],[87.90583,22.62971],[87.90237,22.62989],[87.90043,22.62646],[87.89851,22.62426],[87.90071,22.62275],[87.90037,22.61612],[87.89869,22.61535],[87.89552,22.61515],[87.89372,22.61349],[87.89244,22.60984],[87.89088,22.60852],[87.88898,22.6098],[87.88542,22.60938],[87.88291,22.60806],[87.88242,22.60624],[87.87817,22.60465],[87.87578,22.60477],[87.87519,22.60589],[87.8731,22.60634],[87.87029,22.6058],[87.8675,22.6072],[87.86469,22.60755],[87.86259,22.60618],[87.85964,22.60549],[87.85847,22.60117],[87.85775,22.60012],[87.85518,22.59886],[87.85355,22.59737],[87.85223,22.59516],[87.8547,22.59068],[87.85593,22.58774],[87.85581,22.58646],[87.85234,22.58537],[87.84965,22.58363],[87.84899,22.58214],[87.8489,22.57814],[87.84655,22.57322],[87.84716,22.56587],[87.84679,22.56393],[87.8442,22.5615],[87.84335,22.55818],[87.84458,22.55506],[87.85057,22.55173],[87.85127,22.54834],[87.8537,22.54506],[87.85637,22.5431],[87.85911,22.54187],[87.86153,22.53998],[87.8624,22.53582],[87.86345,22.53315],[87.86631,22.53136],[87.87007,22.53228],[87.8718,22.53222],[87.87591,22.53025],[87.88228,22.52778],[87.88733,22.52514],[87.89029,22.52073],[87.89064,22.51939],[87.89139,22.51606],[87.89115,22.51484],[87.88898,22.5128],[87.88617,22.51149],[87.88453,22.50656],[87.88039,22.50342],[87.87991,22.50264],[87.87965,22.49783],[87.88145,22.4944],[87.88247,22.49144],[87.88611,22.48735],[87.89054,22.48417],[87.89259,22.48178],[87.89315,22.4801],[87.89195,22.47549],[87.89084,22.47402],[87.88676,22.47105],[87.88511,22.46935],[87.8809,22.46384],[87.8765,22.45746],[87.87513,22.45449],[87.87448,22.45121],[87.87524,22.44664],[87.87792,22.44146],[87.88173,22.43761],[87.88334,22.43845],[87.88635,22.43597],[87.89137,22.43276],[87.89805,22.43031],[87.91398,22.42647],[87.92123,22.42406],[87.92568,22.42155],[87.93134,22.41764],[87.9333,22.41578],[87.93529,22.41285],[87.93898,22.40507],[87.93977,22.40169],[87.94005,22.39584],[87.9436,22.38221],[87.94872,22.37572],[87.95382,22.36572],[87.95578,22.35646],[87.95382,22.33552],[87.95183,22.32423],[87.9518,22.32089],[87.95275,22.31625],[87.95273,22.31396],[87.94931,22.30709],[87.94909,22.30289],[87.95072,22.29481],[87.95089,22.2925],[87.95288,22.28602],[87.9548,22.27256],[87.95593,22.26973],[87.95795,22.26803],[87.96552,22.26542],[87.96836,22.26473],[87.97123,22.26386],[87.97897,22.26035],[87.98913,22.25401],[87.9947,22.25007],[87.9957,22.24846],[87.99548,22.24495],[88.00014,22.24296],[88.00459,22.2409],[88.00694,22.23914],[88.00717,22.23819],[88.00619,22.23417],[88.00822,22.23132],[88.01589,22.22334],[88.02058,22.21898],[88.02405,22.21676],[88.02786,22.21576],[88.03201,22.21509],[88.0379,22.21373],[88.05165,22.21186],[88.05494,22.2105],[88.06057,22.20577],[88.06109,22.20762],[88.06545,22.21362],[88.06955,22.21881],[88.07665,22.22648],[88.07756,22.22818],[88.08299,22.2364],[88.08386,22.24303],[88.08286,22.25139],[88.08312,22.25635],[88.08461,22.25634],[88.08811,22.25333],[88.08873,22.25],[88.08785,22.25597],[88.08316,22.25686],[88.083,22.26308],[88.08353,22.26936],[88.08503,22.27553],[88.08674,22.28104],[88.08748,22.28548],[88.09292,22.29761],[88.09589,22.30381],[88.09692,22.30702],[88.09769,22.31244],[88.09677,22.31901],[88.09601,22.32938],[88.0965,22.33355],[88.09623,22.3406],[88.09717,22.34605],[88.09694,22.349],[88.09546,22.35318],[88.09427,22.35544],[88.09232,22.3569],[88.08989,22.35977],[88.08981,22.36159],[88.09169,22.36596],[88.09769,22.37547],[88.10048,22.37842],[88.10521,22.38203],[88.12102,22.39329],[88.12328,22.3943],[88.12748,22.39692],[88.13229,22.39865],[88.13591,22.40215],[88.14097,22.40808],[88.14199,22.41045],[88.14251,22.41584],[88.14174,22.42095],[88.13919,22.42556],[88.1321,22.43417],[88.12779,22.43891],[88.12207,22.44846],[88.11934,22.45497],[88.1181,22.46272],[88.11867,22.46558],[88.12118,22.46918],[88.12314,22.4712],[88.12604,22.47328],[88.1298,22.47496],[88.14306,22.47807],[88.1467,22.47853],[88.16012,22.47903],[88.16857,22.48183],[88.17058,22.48287],[88.1738,22.48609],[88.17958,22.4913],[88.18371,22.49431],[88.18686,22.49774],[88.19235,22.50489],[88.19688,22.50901],[88.20363,22.5139],[88.20865,22.5166],[88.21308,22.51781],[88.22538,22.51877],[88.23252,22.51959],[88.23759,22.52174],[88.24011,22.52499],[88.24204,22.53032],[88.24179,22.53329],[88.2408,22.53499],[88.23687,22.53879],[88.23485,22.54191],[88.23407,22.5442],[88.23363,22.54916],[88.23422,22.55424],[88.23639,22.55777],[88.23807,22.55941],[88.24191,22.56142],[88.24882,22.5624],[88.25474,22.56161],[88.2675,22.55777],[88.26924,22.55773],[88.27417,22.5559],[88.27559,22.55603],[88.28425,22.55407],[88.28741,22.55425],[88.29437,22.55256],[88.29822,22.55194],[88.30145,22.55096],[88.30603,22.55014],[88.31032,22.54972],[88.31557,22.54979],[88.31975,22.55099],[88.32318,22.55326],[88.32195,22.55572],[88.32539,22.55871],[88.32972,22.56483],[88.33296,22.56801],[88.33963,22.57505],[88.34295,22.57881],[88.34569,22.58599],[88.34599,22.58981],[88.34819,22.59499],[88.35069,22.59923],[88.35404,22.60383],[88.35535,22.607],[88.35923,22.61246],[88.36547,22.60897],[88.36611,22.61239],[88.36583,22.61845],[88.36396,22.62645],[88.36213,22.62933],[88.35848,22.6363],[88.35768,22.64224],[88.35315,22.64808],[88.35214,22.65156],[88.35257,22.65557]]]},"properties":{"OBJECTID":486,"dtname":"Howrah","stname":"West Bengal","stcode11":"19","dtcode11":"341","year_stat":"2011_c","dist_lgd":313,"state_lgd":19,"SHAPE_Length":283406.07597637706,"SHAPE_Area":1729135976.1484723,"remarks":" ","d_pan_code":273,"d_pan_name":"Howrah","New_Name":"Howrah","mached":"-1"},"id":486},
{"type":"Feature","geometry":{"type":"Polygon","coordinates":[[[88.41183,22.94559],[88.40815,22.95353],[88.40941,22.95814],[88.40808,22.96425],[88.40643,22.97064],[88.40418,22.97628],[88.40394,22.98042],[88.40476,22.986],[88.40595,22.9894],[88.40936,22.99453],[88.4113,22.99919],[88.4185,23.01168],[88.42103,23.0164],[88.42324,23.01844],[88.4274,23.01925],[88.42969,23.0185],[88.43285,23.01823],[88.43614,23.01856],[88.44136,23.02027],[88.44537,23.02359],[88.44762,23.02606],[88.4495,23.02891],[88.45422,23.0388],[88.4561,23.04547],[88.45627,23.05125],[88.457,23.05834],[88.45765,23.06132],[88.46063,23.06871],[88.46524,23.07662],[88.46861,23.08045],[88.4705,23.0813],[88.47522,23.08108],[88.47911,23.07954],[88.48681,23.07492],[88.49094,23.07332],[88.49279,23.0733],[88.49659,23.07476],[88.49908,23.07693],[88.50041,23.08064],[88.50053,23.08486],[88.5018,23.08995],[88.50259,23.09532],[88.50371,23.09962],[88.50646,23.10801],[88.50761,23.11303],[88.50751,23.11785],[88.50702,23.12048],[88.50589,23.12338],[88.50368,23.12703],[88.50214,23.12812],[88.49764,23.12939],[88.49326,23.12876],[88.46912,23.12876],[88.46551,23.1296],[88.45827,23.12959],[88.45527,23.13039],[88.45065,23.13324],[88.44983,23.13708],[88.44997,23.14445],[88.45048,23.15011],[88.45128,23.15322],[88.4551,23.16303],[88.45692,23.16621],[88.45854,23.17342],[88.46091,23.17876],[88.46288,23.18129],[88.46428,23.18753],[88.4694,23.20072],[88.47254,23.20779],[88.47273,23.21183],[88.47211,23.21434],[88.4697,23.21912],[88.46644,23.22243],[88.46349,23.22409],[88.45628,23.22475],[88.45084,23.2245],[88.44562,23.22286],[88.43215,23.21802],[88.42555,23.21541],[88.42183,23.21278],[88.41883,23.21199],[88.41502,23.21154],[88.41318,23.20872],[88.4131,23.20596],[88.41044,23.20139],[88.40925,23.19752],[88.4071,23.1941],[88.40452,23.19237],[88.40355,23.19023],[88.40144,23.19026],[88.39779,23.1886],[88.3936,23.19085],[88.3904,23.19355],[88.38403,23.19543],[88.38397,23.19202],[88.38279,23.19023],[88.38279,23.187],[88.3823,23.18134],[88.38017,23.18013],[88.37895,23.17865],[88.37515,23.17845],[88.37507,23.17663],[88.37219,23.17783],[88.36771,23.17777],[88.3695,23.17402],[88.36678,23.17182],[88.36781,23.16999],[88.36825,23.16707],[88.37055,23.16592],[88.37372,23.16517],[88.37519,23.16396],[88.37481,23.16194],[88.3725,23.16114],[88.37133,23.16154],[88.36878,23.1602],[88.36818,23.1566],[88.36493,23.15462],[88.3628,23.15423],[88.36152,23.15294],[88.36451,23.15107],[88.36354,23.1501],[88.36357,23.14823],[88.36277,23.14309],[88.36417,23.141],[88.36321,23.13778],[88.36188,23.13741],[88.36224,23.13548],[88.3618,23.12964],[88.36082,23.12594],[88.36003,23.11999],[88.36026,23.1178],[88.3593,23.11742],[88.35575,23.11941],[88.35416,23.11928],[88.35112,23.11779],[88.34925,23.11596],[88.34483,23.11865],[88.34663,23.12304],[88.34448,23.12578],[88.34426,23.12808],[88.34307,23.13144],[88.33788,23.13181],[88.33507,23.1307],[88.33466,23.12954],[88.33214,23.12961],[88.32976,23.12862],[88.3263,23.13045],[88.32443,23.13058],[88.32196,23.133],[88.31995,23.1317],[88.31711,23.12881],[88.31632,23.12713],[88.31428,23.12811],[88.31051,23.1286],[88.30613,23.1281],[88.30291,23.12861],[88.30064,23.12667],[88.29841,23.12659],[88.29685,23.12825],[88.29668,23.13078],[88.2939,23.13065],[88.29012,23.13103],[88.28722,23.12851],[88.28417,23.13045],[88.28236,23.1309],[88.2798,23.13063],[88.27658,23.12889],[88.27306,23.12975],[88.27146,23.12872],[88.2698,23.12911],[88.26685,23.13072],[88.2641,23.13097],[88.26081,23.13286],[88.26047,23.13491],[88.25796,23.13609],[88.25428,23.13882],[88.25319,23.14086],[88.25402,23.1417],[88.25312,23.14567],[88.25418,23.14799],[88.25107,23.15018],[88.24745,23.15019],[88.24571,23.14905],[88.24606,23.14623],[88.24381,23.1465],[88.24328,23.14742],[88.24344,23.15216],[88.24211,23.15363],[88.24148,23.15584],[88.23936,23.15723],[88.2356,23.15453],[88.23237,23.15414],[88.23113,23.15542],[88.23385,23.15663],[88.23315,23.15901],[88.2257,23.15873],[88.22496,23.15699],[88.22245,23.15734],[88.22177,23.15301],[88.21999,23.15312],[88.21902,23.1557],[88.21688,23.15691],[88.21634,23.15837],[88.21472,23.15941],[88.21247,23.1576],[88.20949,23.15734],[88.20481,23.1603],[88.20355,23.16058],[88.19944,23.15947],[88.19838,23.15867],[88.19538,23.15886],[88.19463,23.15813],[88.19042,23.16023],[88.18948,23.16132],[88.18482,23.16051],[88.18282,23.15743],[88.18102,23.15733],[88.17793,23.15577],[88.17219,23.1569],[88.1696,23.15705],[88.16805,23.1556],[88.16801,23.15187],[88.16843,23.15007],[88.16572,23.14747],[88.16502,23.14555],[88.16478,23.14214],[88.16185,23.14259],[88.16008,23.13808],[88.15777,23.13741],[88.15372,23.13329],[88.15461,23.13254],[88.15458,23.12895],[88.15398,23.12476],[88.16308,23.1265],[88.15964,23.116],[88.15926,23.11262],[88.15859,23.11105],[88.1583,23.10773],[88.15881,23.10611],[88.15845,23.1019],[88.15684,23.09606],[88.15399,23.09707],[88.1517,23.09479],[88.15155,23.09253],[88.1523,23.08928],[88.15119,23.08619],[88.14858,23.08333],[88.14764,23.0813],[88.14692,23.07767],[88.14472,23.07718],[88.13985,23.07485],[88.13454,23.07704],[88.13278,23.07578],[88.13249,23.07022],[88.13014,23.06962],[88.12648,23.06599],[88.1218,23.06387],[88.12042,23.06161],[88.11886,23.0566],[88.11645,23.0529],[88.11334,23.05305],[88.10895,23.05408],[88.09986,23.05527],[88.0995,23.05409],[88.10077,23.05291],[88.09997,23.05127],[88.09849,23.05091],[88.09778,23.04735],[88.09588,23.04705],[88.09365,23.04781],[88.09161,23.04771],[88.08978,23.04656],[88.08867,23.04334],[88.08655,23.04358],[88.08641,23.04516],[88.08277,23.04581],[88.08067,23.04714],[88.07977,23.04564],[88.07501,23.047],[88.0728,23.04809],[88.06841,23.04853],[88.06775,23.04587],[88.06539,23.04628],[88.0645,23.04744],[88.06131,23.04717],[88.06073,23.04515],[88.05945,23.04427],[88.05708,23.0453],[88.05533,23.04377],[88.05327,23.04362],[88.05362,23.04648],[88.05159,23.04703],[88.05085,23.04584],[88.05102,23.04335],[88.04866,23.03997],[88.04843,23.03749],[88.049,23.03528],[88.04869,23.03298],[88.04645,23.03019],[88.04858,23.02751],[88.04853,23.02455],[88.04725,23.02143],[88.04486,23.01921],[88.03872,23.01633],[88.03659,23.01293],[88.03775,23.00943],[88.0411,23.00592],[88.04461,23.00446],[88.04682,23.00284],[88.04804,23.00073],[88.04901,22.9966],[88.04978,22.98994],[88.04726,22.98934],[88.04247,22.98929],[88.04139,22.98583],[88.0366,22.98789],[88.03721,22.98462],[88.03608,22.98269],[88.03497,22.98241],[88.03368,22.97962],[88.03137,22.98038],[88.02813,22.98042],[88.02785,22.98462],[88.02592,22.98593],[88.02555,22.98725],[88.02022,22.98773],[88.02051,22.98312],[88.02139,22.97801],[88.01964,22.97637],[88.01767,22.97801],[88.01583,22.97839],[88.01275,22.97995],[88.0068,22.98164],[88.0061,22.97925],[88.00458,22.97165],[88.00484,22.96839],[88.00666,22.96709],[88.00804,22.96796],[88.0093,22.96678],[88.01039,22.96448],[88.00972,22.963],[88.00758,22.96197],[88.00614,22.96219],[88.00466,22.96046],[88.0016,22.9608],[87.99825,22.9599],[87.99647,22.95828],[87.99614,22.95658],[87.99467,22.95654],[87.98971,22.9579],[87.9875,22.95908],[87.98691,22.96342],[87.98206,22.964],[87.98128,22.96602],[87.97953,22.96639],[87.97841,22.96305],[87.97556,22.96263],[87.97399,22.96417],[87.97209,22.96331],[87.96911,22.96444],[87.9672,22.96241],[87.96576,22.96244],[87.96345,22.95998],[87.96288,22.95586],[87.96189,22.95173],[87.95841,22.95252],[87.95772,22.95189],[87.95383,22.95413],[87.95371,22.95615],[87.95248,22.95726],[87.95085,22.95736],[87.94709,22.95512],[87.94603,22.95267],[87.94498,22.94473],[87.94391,22.94257],[87.94102,22.94093],[87.93494,22.94167],[87.9346,22.94399],[87.93221,22.94413],[87.93072,22.94594],[87.92812,22.94584],[87.92227,22.94435],[87.9222,22.94352],[87.91432,22.94454],[87.9128,22.94419],[87.91218,22.94249],[87.91067,22.94106],[87.90934,22.94157],[87.90528,22.94118],[87.90461,22.94013],[87.90043,22.93809],[87.89757,22.93726],[87.89601,22.93616],[87.89339,22.93651],[87.89269,22.93394],[87.89461,22.93355],[87.89415,22.93217],[87.89052,22.93301],[87.88897,22.93806],[87.89041,22.94387],[87.89032,22.94653],[87.89454,22.94653],[87.89206,22.94881],[87.892,22.9509],[87.89447,22.9523],[87.89327,22.95647],[87.89106,22.95656],[87.89081,22.95787],[87.8883,22.95914],[87.88817,22.96061],[87.88618,22.96119],[87.88343,22.95951],[87.87972,22.95876],[87.87721,22.95669],[87.87527,22.95682],[87.87587,22.95395],[87.87451,22.94921],[87.87593,22.94583],[87.87464,22.94303],[87.87449,22.94059],[87.87047,22.94129],[87.86535,22.94134],[87.86564,22.93971],[87.8639,22.93878],[87.86024,22.94208],[87.86022,22.9397],[87.86134,22.93862],[87.86041,22.93715],[87.85814,22.93826],[87.85819,22.94079],[87.8564,22.9419],[87.85557,22.9403],[87.85318,22.9412],[87.84932,22.93937],[87.84636,22.94018],[87.84363,22.93931],[87.84296,22.93473],[87.83863,22.93506],[87.83763,22.93627],[87.83563,22.93611],[87.8356,22.94063],[87.83457,22.9414],[87.83192,22.94138],[87.83188,22.94564],[87.82962,22.94682],[87.82957,22.94805],[87.82693,22.94923],[87.82543,22.95238],[87.82254,22.95405],[87.82248,22.95477],[87.8184,22.95572],[87.81846,22.95299],[87.8202,22.95192],[87.82058,22.95037],[87.8163,22.94965],[87.81704,22.94838],[87.81568,22.94662],[87.81311,22.94651],[87.80995,22.94475],[87.80746,22.94667],[87.80697,22.95117],[87.80361,22.95074],[87.80298,22.9413],[87.80206,22.94134],[87.80064,22.93773],[87.79711,22.93922],[87.79644,22.93871],[87.79145,22.94173],[87.79131,22.94043],[87.78756,22.93778],[87.7865,22.93492],[87.78192,22.93524],[87.78082,22.93621],[87.77942,22.93447],[87.777,22.93441],[87.77615,22.93617],[87.77938,22.93628],[87.78082,22.93721],[87.78108,22.94209],[87.78218,22.94419],[87.78016,22.94595],[87.77918,22.94776],[87.77506,22.94723],[87.77504,22.94866],[87.77785,22.94879],[87.77919,22.94956],[87.77932,22.95607],[87.77747,22.95598],[87.77782,22.96057],[87.77497,22.96062],[87.77449,22.96156],[87.77566,22.96662],[87.77454,22.9672],[87.76994,22.96272],[87.76645,22.9633],[87.76542,22.96113],[87.76196,22.96122],[87.75867,22.96283],[87.75546,22.96135],[87.75164,22.96077],[87.74809,22.96166],[87.74752,22.9629],[87.74259,22.96606],[87.74087,22.96869],[87.74049,22.97123],[87.7407,22.97702],[87.74037,22.98045],[87.73879,22.98525],[87.73472,22.98966],[87.72984,22.99357],[87.72672,22.9969],[87.72737,22.99749],[87.7253,23.00002],[87.72378,23.00285],[87.71667,23.0068],[87.71215,23.01063],[87.70885,23.01329],[87.70547,23.01779],[87.70459,23.0203],[87.70323,23.02638],[87.70084,23.02757],[87.69242,23.02419],[87.68766,23.0252],[87.68687,23.02456],[87.68599,23.02109],[87.68656,23.01981],[87.69012,23.01815],[87.69386,23.01959],[87.69899,23.01838],[87.69902,23.01542],[87.69615,23.01377],[87.69687,23.01221],[87.69622,23.00997],[87.69623,23.00709],[87.69692,23.00587],[87.69626,23.00174],[87.6973,22.99996],[87.69603,22.99632],[87.69435,22.99397],[87.69255,22.99277],[87.68962,22.99322],[87.68833,22.99241],[87.68528,22.99234],[87.68238,22.993],[87.67969,22.99143],[87.6788,22.9926],[87.67512,22.99211],[87.67316,22.99113],[87.6728,22.98879],[87.67128,22.98751],[87.66827,22.98655],[87.65542,22.9872],[87.65456,22.98843],[87.64872,22.98843],[87.64407,22.98792],[87.64186,22.98669],[87.63893,22.98253],[87.63893,22.98154],[87.64104,22.98053],[87.64261,22.97883],[87.64214,22.97471],[87.64155,22.97363],[87.64059,22.96681],[87.64522,22.96626],[87.64874,22.96632],[87.64909,22.96352],[87.6503,22.96257],[87.65009,22.95683],[87.6492,22.95023],[87.65093,22.94876],[87.64969,22.93976],[87.64912,22.93805],[87.64786,22.93776],[87.6471,22.93372],[87.64512,22.93333],[87.64518,22.9316],[87.64389,22.93085],[87.64415,22.92683],[87.64379,22.92337],[87.64159,22.92114],[87.64034,22.91854],[87.63414,22.91965],[87.63271,22.91963],[87.63088,22.91818],[87.62572,22.91547],[87.62165,22.91219],[87.62092,22.91099],[87.62139,22.90826],[87.62103,22.90558],[87.61957,22.90297],[87.62084,22.9025],[87.62797,22.90266],[87.62888,22.90077],[87.63113,22.89902],[87.62705,22.89904],[87.62583,22.89767],[87.62606,22.89505],[87.62312,22.89412],[87.61969,22.89412],[87.61635,22.89231],[87.61481,22.88946],[87.61075,22.88873],[87.61048,22.8911],[87.60206,22.89037],[87.60083,22.89529],[87.60062,22.89758],[87.59556,22.89862],[87.59165,22.89528],[87.58661,22.8941],[87.58425,22.89605],[87.58389,22.89829],[87.58472,22.90015],[87.58183,22.90328],[87.58246,22.90568],[87.58065,22.90648],[87.57863,22.90854],[87.57688,22.90899],[87.57524,22.91101],[87.5716,22.90984],[87.57155,22.91445],[87.56691,22.91683],[87.56539,22.91604],[87.56392,22.91845],[87.56176,22.91915],[87.55893,22.9189],[87.55834,22.91983],[87.55433,22.9198],[87.55209,22.91855],[87.54589,22.92159],[87.54166,22.92235],[87.53967,22.92415],[87.53831,22.92335],[87.53639,22.92444],[87.53474,22.92884],[87.53138,22.93059],[87.52534,22.93013],[87.52222,22.93049],[87.52228,22.92663],[87.5238,22.92516],[87.52241,22.9239],[87.5223,22.92121],[87.52359,22.92062],[87.52385,22.91881],[87.52234,22.91724],[87.5188,22.91589],[87.51676,22.91709],[87.51011,22.91742],[87.50804,22.91813],[87.50585,22.91687],[87.50577,22.91456],[87.50487,22.91221],[87.50557,22.91013],[87.5052,22.90578],[87.50589,22.90346],[87.51088,22.90307],[87.51064,22.89723],[87.52045,22.89669],[87.52179,22.89837],[87.52448,22.89858],[87.52727,22.89748],[87.52722,22.89389],[87.52306,22.89344],[87.52277,22.88941],[87.52602,22.88883],[87.52563,22.8861],[87.52931,22.8853],[87.53231,22.88334],[87.53304,22.88071],[87.53255,22.87869],[87.53086,22.87639],[87.52901,22.87636],[87.52859,22.87279],[87.52717,22.87135],[87.52149,22.87147],[87.51992,22.87215],[87.51702,22.87031],[87.51606,22.86653],[87.52225,22.86591],[87.5253,22.86435],[87.52889,22.86545],[87.53162,22.86682],[87.53373,22.86706],[87.53808,22.86616],[87.5433,22.86544],[87.55116,22.8666],[87.55301,22.86658],[87.55362,22.86767],[87.55568,22.86743],[87.55943,22.85973],[87.56446,22.85791],[87.56465,22.85659],[87.56692,22.85653],[87.56759,22.85463],[87.56969,22.85271],[87.56921,22.85134],[87.57036,22.85011],[87.57322,22.85003],[87.5791,22.84713],[87.58022,22.84455],[87.58307,22.84531],[87.58613,22.84545],[87.58688,22.8432],[87.58967,22.842],[87.59615,22.8433],[87.59758,22.84279],[87.59893,22.84461],[87.60445,22.8493],[87.60797,22.8493],[87.60976,22.85053],[87.61398,22.84866],[87.61606,22.84624],[87.61724,22.84658],[87.62173,22.84589],[87.62237,22.8436],[87.62119,22.84057],[87.62439,22.83675],[87.62371,22.83544],[87.62462,22.83419],[87.62245,22.8327],[87.6243,22.8315],[87.62465,22.82948],[87.62392,22.82819],[87.62594,22.82668],[87.6264,22.82426],[87.6275,22.82395],[87.62936,22.82136],[87.62824,22.81829],[87.62956,22.81658],[87.62922,22.81361],[87.62986,22.81196],[87.63241,22.8112],[87.63543,22.80927],[87.63712,22.8096],[87.6402,22.80695],[87.63953,22.80566],[87.64327,22.80519],[87.64504,22.80424],[87.64735,22.80389],[87.64791,22.80532],[87.65009,22.8037],[87.64958,22.80188],[87.6538,22.80131],[87.65511,22.80256],[87.65769,22.80349],[87.65914,22.80316],[87.6611,22.80452],[87.6626,22.80649],[87.66616,22.80462],[87.66965,22.80574],[87.67001,22.80439],[87.67266,22.80486],[87.67557,22.80647],[87.67569,22.80352],[87.67945,22.80018],[87.68363,22.80066],[87.68306,22.79781],[87.68541,22.79744],[87.68415,22.79365],[87.68109,22.79179],[87.6807,22.78928],[87.6793,22.78879],[87.67774,22.78568],[87.67701,22.78292],[87.67863,22.77988],[87.68064,22.77935],[87.68593,22.77601],[87.68755,22.77785],[87.68958,22.77781],[87.69078,22.77943],[87.69302,22.77917],[87.69433,22.78119],[87.6991,22.77951],[87.70239,22.77936],[87.70238,22.78188],[87.70543,22.78638],[87.70673,22.78662],[87.70854,22.78539],[87.71032,22.78533],[87.71472,22.7869],[87.71703,22.78663],[87.71817,22.78861],[87.72333,22.78804],[87.72531,22.78856],[87.72678,22.78677],[87.72635,22.78229],[87.72678,22.77944],[87.72576,22.7784],[87.72516,22.77562],[87.72679,22.77508],[87.72843,22.77558],[87.73346,22.77486],[87.73363,22.7772],[87.73634,22.77741],[87.73975,22.77827],[87.739,22.77349],[87.74055,22.77366],[87.74389,22.77081],[87.74454,22.76817],[87.74435,22.76508],[87.74471,22.76019],[87.74294,22.75748],[87.74147,22.75724],[87.74074,22.75155],[87.74122,22.74736],[87.74455,22.74542],[87.74482,22.74238],[87.74341,22.74215],[87.74351,22.73941],[87.74106,22.73744],[87.74204,22.73642],[87.74573,22.73701],[87.74751,22.73665],[87.75,22.7341],[87.75156,22.73076],[87.75413,22.73014],[87.75501,22.72904],[87.75672,22.72465],[87.76078,22.72385],[87.76039,22.72235],[87.76209,22.72041],[87.76352,22.7173],[87.7639,22.71269],[87.76449,22.70962],[87.76563,22.70815],[87.76367,22.70478],[87.7612,22.70291],[87.75993,22.70053],[87.76045,22.69726],[87.76278,22.69769],[87.76301,22.69558],[87.76463,22.68806],[87.76642,22.68728],[87.76802,22.68516],[87.77202,22.68431],[87.77242,22.68137],[87.77349,22.67942],[87.77527,22.67786],[87.77758,22.67474],[87.77834,22.67305],[87.7782,22.67033],[87.78409,22.66486],[87.78389,22.66176],[87.78454,22.66109],[87.78967,22.65873],[87.79123,22.65387],[87.79361,22.65208],[87.79761,22.65245],[87.79868,22.65089],[87.79854,22.64689],[87.80095,22.64242],[87.80093,22.63915],[87.80181,22.63642],[87.80335,22.63386],[87.80513,22.63269],[87.8083,22.63262],[87.81124,22.63582],[87.8132,22.6352],[87.81498,22.63281],[87.81322,22.62868],[87.81265,22.62247],[87.81412,22.61892],[87.81439,22.61498],[87.81654,22.61391],[87.81982,22.61395],[87.82348,22.61604],[87.82455,22.61609],[87.82567,22.61378],[87.82469,22.60995],[87.82587,22.60729],[87.83598,22.60447],[87.8426,22.60338],[87.84671,22.60119],[87.85092,22.59741],[87.85223,22.59516],[87.85355,22.59737],[87.85518,22.59886],[87.85775,22.60012],[87.85847,22.60117],[87.85964,22.60549],[87.86259,22.60618],[87.86469,22.60755],[87.8675,22.6072],[87.87029,22.6058],[87.8731,22.60634],[87.87519,22.60589],[87.87578,22.60477],[87.87817,22.60465],[87.88242,22.60624],[87.88291,22.60806],[87.88542,22.60938],[87.88898,22.6098],[87.89088,22.60852],[87.89244,22.60984],[87.89372,22.61349],[87.89552,22.61515],[87.89869,22.61535],[87.90037,22.61612],[87.90071,22.62275],[87.89851,22.62426],[87.90043,22.62646],[87.90237,22.62989],[87.90583,22.62971],[87.90672,22.62859],[87.91138,22.62879],[87.91326,22.62744],[87.91536,22.62843],[87.91781,22.62869],[87.91941,22.62769],[87.9215,22.62773],[87.92169,22.62884],[87.91907,22.62957],[87.92107,22.63439],[87.92377,22.63269],[87.92697,22.63257],[87.92981,22.63123],[87.93299,22.63135],[87.93603,22.63048],[87.93869,22.6304],[87.9395,22.63173],[87.93535,22.63569],[87.93549,22.63728],[87.93372,22.64134],[87.92893,22.64825],[87.92812,22.65152],[87.92886,22.65521],[87.92827,22.65676],[87.92823,22.66026],[87.92718,22.66404],[87.9275,22.66729],[87.92907,22.66961],[87.92748,22.67333],[87.92719,22.67533],[87.92402,22.68271],[87.92387,22.68704],[87.92209,22.68854],[87.92597,22.68863],[87.92706,22.69018],[87.92822,22.6953],[87.92954,22.69679],[87.93778,22.69602],[87.93893,22.6974],[87.93926,22.70267],[87.94002,22.70881],[87.94371,22.71577],[87.94444,22.71782],[87.94367,22.71894],[87.94359,22.72546],[87.94435,22.73156],[87.9452,22.73344],[87.9476,22.73487],[87.94889,22.73933],[87.94861,22.74299],[87.94659,22.74384],[87.94756,22.74638],[87.94715,22.75032],[87.94731,22.75604],[87.94812,22.75767],[87.94742,22.76151],[87.9492,22.76477],[87.9502,22.76866],[87.95002,22.77115],[87.95316,22.77158],[87.95481,22.77241],[87.96136,22.77429],[87.96158,22.77286],[87.96557,22.77147],[87.96791,22.77447],[87.97175,22.77536],[87.97357,22.77759],[87.97351,22.78087],[87.97525,22.78094],[87.97601,22.77952],[87.97835,22.77912],[87.97942,22.78198],[87.98113,22.78206],[87.98116,22.78001],[87.98367,22.77923],[87.98513,22.78142],[87.98943,22.77815],[87.99038,22.77597],[87.99156,22.77031],[87.992,22.76128],[87.99535,22.75545],[87.9955,22.75073],[87.99605,22.74738],[87.99805,22.74505],[87.99806,22.74271],[87.99605,22.73952],[87.9948,22.7384],[87.98797,22.7339],[87.98708,22.73283],[87.98696,22.73045],[87.99081,22.72327],[87.99531,22.71709],[87.99647,22.71338],[87.99496,22.7095],[87.99233,22.70691],[87.99205,22.7053],[87.99291,22.70216],[87.99477,22.70063],[87.99885,22.69933],[88,22.69858],[88.00106,22.69628],[88.00408,22.69643],[88.00646,22.69508],[88.00692,22.69274],[88.00607,22.69133],[88.00718,22.6887],[88.00942,22.68615],[88.01085,22.68555],[88.01443,22.68634],[88.01569,22.68746],[88.0221,22.6869],[88.02407,22.68966],[88.02628,22.69008],[88.02704,22.68788],[88.02979,22.68684],[88.0302,22.68552],[88.03498,22.68531],[88.03591,22.68588],[88.04223,22.68493],[88.04429,22.68287],[88.04526,22.68062],[88.04773,22.67963],[88.04868,22.68287],[88.04743,22.68442],[88.0471,22.68791],[88.04978,22.69124],[88.05203,22.69251],[88.05257,22.6965],[88.055,22.69839],[88.05817,22.698],[88.05963,22.69851],[88.06116,22.69741],[88.06091,22.70239],[88.06288,22.70476],[88.06054,22.70674],[88.06019,22.71153],[88.06106,22.71266],[88.06481,22.71277],[88.06551,22.71017],[88.06646,22.70895],[88.06488,22.70724],[88.066,22.70609],[88.06522,22.70444],[88.0653,22.7025],[88.06797,22.69976],[88.06918,22.69922],[88.07234,22.69596],[88.07134,22.69472],[88.06983,22.69472],[88.06899,22.69271],[88.06892,22.69054],[88.06511,22.68968],[88.06546,22.68549],[88.06843,22.68691],[88.07047,22.68713],[88.07182,22.68612],[88.07498,22.68569],[88.07637,22.68833],[88.07835,22.68905],[88.07962,22.68639],[88.08341,22.68715],[88.08472,22.69028],[88.09196,22.6895],[88.09354,22.69084],[88.09631,22.6906],[88.09778,22.69213],[88.10179,22.69314],[88.10198,22.69441],[88.10352,22.6957],[88.10339,22.69848],[88.10541,22.70104],[88.10009,22.70303],[88.10048,22.70437],[88.10206,22.7055],[88.10418,22.70349],[88.10627,22.70512],[88.10776,22.70495],[88.11097,22.70576],[88.11031,22.70196],[88.11264,22.70222],[88.11376,22.70016],[88.11536,22.70019],[88.11631,22.69853],[88.11948,22.69929],[88.12191,22.69597],[88.12056,22.69474],[88.12036,22.6931],[88.1215,22.69142],[88.12054,22.69025],[88.12204,22.68801],[88.12236,22.68583],[88.13169,22.68535],[88.1334,22.68366],[88.13491,22.68076],[88.13973,22.68073],[88.13953,22.68227],[88.14069,22.68343],[88.14338,22.68318],[88.14343,22.68121],[88.14456,22.6785],[88.1465,22.67791],[88.14841,22.67557],[88.14937,22.67953],[88.15065,22.68007],[88.15053,22.68341],[88.14968,22.68679],[88.15542,22.68686],[88.15531,22.68827],[88.15677,22.68916],[88.15775,22.68813],[88.15643,22.68554],[88.15917,22.68311],[88.16389,22.68213],[88.16984,22.68207],[88.17201,22.68355],[88.17248,22.6881],[88.17389,22.68809],[88.17522,22.68553],[88.1763,22.68221],[88.17521,22.68074],[88.17391,22.68137],[88.17255,22.68009],[88.17201,22.67804],[88.17012,22.67606],[88.17106,22.67466],[88.17161,22.66768],[88.17211,22.66652],[88.17429,22.66511],[88.1751,22.66354],[88.17406,22.66185],[88.17498,22.65845],[88.17517,22.65385],[88.17994,22.65234],[88.18168,22.65442],[88.18175,22.65728],[88.17993,22.6586],[88.17673,22.65954],[88.17636,22.66121],[88.17707,22.66305],[88.17936,22.66329],[88.18023,22.66723],[88.18145,22.67052],[88.18217,22.67107],[88.18668,22.67089],[88.19176,22.66836],[88.19436,22.66801],[88.19663,22.66681],[88.19739,22.66379],[88.19948,22.66806],[88.20197,22.66955],[88.20443,22.6693],[88.20585,22.66982],[88.20842,22.66908],[88.21087,22.6704],[88.21883,22.67114],[88.22065,22.67103],[88.22248,22.66968],[88.22291,22.67236],[88.23184,22.67192],[88.23354,22.67235],[88.23336,22.67597],[88.23695,22.67461],[88.23737,22.678],[88.23803,22.67833],[88.24307,22.6783],[88.2416,22.67585],[88.24042,22.67232],[88.24161,22.67163],[88.24534,22.67149],[88.24859,22.66909],[88.24984,22.66893],[88.25133,22.67067],[88.25269,22.66975],[88.25604,22.67075],[88.25725,22.66984],[88.26023,22.66978],[88.26089,22.66845],[88.26045,22.6654],[88.2611,22.66267],[88.26434,22.66186],[88.26669,22.66055],[88.26802,22.66272],[88.27203,22.66253],[88.27715,22.65836],[88.28133,22.658],[88.28129,22.65938],[88.27934,22.65945],[88.2795,22.6639],[88.28191,22.66377],[88.28213,22.6652],[88.2887,22.66512],[88.29615,22.66377],[88.30518,22.66171],[88.30772,22.66146],[88.31026,22.66635],[88.31595,22.6654],[88.31616,22.66841],[88.31916,22.67059],[88.32084,22.6693],[88.32198,22.66663],[88.32485,22.6644],[88.32919,22.66322],[88.33432,22.66288],[88.33632,22.66242],[88.33833,22.66008],[88.34143,22.66037],[88.34288,22.65965],[88.34443,22.65621],[88.34621,22.65523],[88.34843,22.65503],[88.35257,22.65557],[88.35426,22.66365],[88.35575,22.66957],[88.35701,22.67285],[88.36176,22.68025],[88.36346,22.68556],[88.36302,22.69743],[88.36111,22.70717],[88.35899,22.71186],[88.35887,22.71468],[88.35919,22.72756],[88.35985,22.73279],[88.35995,22.73637],[88.3622,22.74294],[88.36219,22.74511],[88.36014,22.75005],[88.35468,22.75545],[88.34572,22.76084],[88.34346,22.76181],[88.33979,22.76532],[88.33666,22.76901],[88.33495,22.77048],[88.33285,22.7751],[88.3318,22.77854],[88.33199,22.78122],[88.33352,22.78431],[88.33908,22.78802],[88.34693,22.79173],[88.34934,22.79364],[88.35256,22.79699],[88.35452,22.80041],[88.35217,22.80155],[88.35521,22.81383],[88.35638,22.81522],[88.35584,22.8203],[88.35644,22.82404],[88.35811,22.82599],[88.36149,22.82832],[88.3633,22.82866],[88.37219,22.8291],[88.37397,22.82992],[88.37627,22.83251],[88.37702,22.83627],[88.37483,22.83645],[88.37487,22.84121],[88.37006,22.8485],[88.36918,22.85159],[88.36978,22.85543],[88.371,22.85967],[88.37303,22.86207],[88.37743,22.86584],[88.38026,22.86729],[88.383,22.86981],[88.38402,22.86801],[88.38785,22.86891],[88.3976,22.87232],[88.40063,22.87407],[88.40395,22.87728],[88.40674,22.88157],[88.40828,22.88666],[88.40833,22.89054],[88.4079,22.89617],[88.40456,22.90739],[88.40214,22.91231],[88.40132,22.91508],[88.40204,22.91927],[88.40383,22.92305],[88.40873,22.92835],[88.41192,22.9374],[88.4125,22.94328],[88.41183,22.94559]]]},"properties":{"OBJECTID":490,"dtname":"Hooghly","stname":"West Bengal","stcode11":"19","dtcode11":"338","year_stat":"2011_c","dist_lgd":312,"state_lgd":19,"SHAPE_Length":560710.0780252401,"SHAPE_Area":3732162904.551169,"remarks":" ","d_pan_code":272,"d_pan_name":"Hooghly","New_Name":"Hooghly","mached":"-1"},"id":490},
{"type":"Feature","geometry":{"type":"Polygon","coordinates":[[[89.10075,26.84251],[89.10224,26.84921],[89.10347,26.85276],[89.10413,26.85684],[89.10625,26.86035],[89.10325,26.86241],[89.09251,26.8726],[89.09428,26.88209],[89.0957,26.89167],[89.07963,26.89701],[89.07913,26.89814],[89.06945,26.90369],[89.05799,26.90077],[89.04903,26.89906],[89.04871,26.89936],[89.0509,26.91597],[89.04076,26.92295],[89.02999,26.92312],[89.02157,26.94069],[89.00554,26.93071],[88.99181,26.92187],[88.98035,26.91719],[88.9638,26.92488],[88.95628,26.92821],[88.94439,26.93389],[88.94397,26.93428],[88.94887,26.93762],[88.94906,26.93872],[88.94726,26.94125],[88.95059,26.94453],[88.95202,26.94524],[88.95361,26.94734],[88.95359,26.95196],[88.95459,26.9539],[88.9544,26.95955],[88.95218,26.96312],[88.95248,26.96841],[88.93559,26.98247],[88.92168,26.99393],[88.91971,26.99327],[88.91604,26.98928],[88.91169,26.98671],[88.91047,26.98244],[88.90865,26.97946],[88.90406,26.97557],[88.90291,26.9732],[88.90122,26.97146],[88.89781,26.96895],[88.89713,26.96608],[88.89282,26.96375],[88.8878,26.95864],[88.88502,26.95631],[88.88445,26.95498],[88.88422,26.94944],[88.88294,26.94768],[88.88031,26.94662],[88.87713,26.94436],[88.87535,26.94676],[88.87489,26.94867],[88.87515,26.9513],[88.87428,26.95319],[88.87415,26.9576],[88.87174,26.95921],[88.87111,26.96252],[88.87253,26.96417],[88.86154,26.96488],[88.85288,26.96561],[88.85224,26.96635],[88.85205,26.96947],[88.84808,26.97439],[88.84434,26.9753],[88.84209,26.97847],[88.83799,26.97844],[88.83105,26.98454],[88.82798,26.98477],[88.82452,26.98428],[88.82376,26.98485],[88.82296,26.98807],[88.8217,26.98871],[88.81905,26.98843],[88.81796,26.98928],[88.8126,26.99177],[88.81022,26.99189],[88.80984,26.99095],[88.80508,26.99103],[88.80016,26.9904],[88.79578,26.99129],[88.79287,26.99102],[88.79063,26.98718],[88.78978,26.9848],[88.78637,26.97843],[88.7845,26.97637],[88.78206,26.97509],[88.77533,26.97481],[88.77394,26.97308],[88.7718,26.9718],[88.76982,26.96864],[88.766,26.96918],[88.76202,26.96894],[88.75981,26.96652],[88.75756,26.96497],[88.75616,26.96293],[88.75598,26.96124],[88.7572,26.95631],[88.75706,26.95101],[88.75825,26.93981],[88.75947,26.9304],[88.75935,26.92588],[88.74614,26.92586],[88.73976,26.9261],[88.72991,26.9261],[88.70716,26.92663],[88.70004,26.92692],[88.68873,26.92675],[88.67604,26.92731],[88.66363,26.9275],[88.66463,26.93384],[88.66589,26.93533],[88.66866,26.94133],[88.67222,26.94636],[88.6729,26.94822],[88.66962,26.95266],[88.66676,26.95729],[88.66256,26.96289],[88.66036,26.96877],[88.6578,26.96774],[88.65544,26.96444],[88.65674,26.96353],[88.65623,26.9602],[88.65404,26.95595],[88.65002,26.95013],[88.64959,26.94752],[88.64786,26.9423],[88.64377,26.93877],[88.64199,26.93629],[88.63901,26.93432],[88.63713,26.92912],[88.63902,26.92527],[88.63824,26.92039],[88.63825,26.91641],[88.63723,26.91357],[88.63616,26.90667],[88.63179,26.90596],[88.62112,26.90558],[88.61884,26.90353],[88.62023,26.90227],[88.61927,26.89961],[88.61533,26.89748],[88.61246,26.89194],[88.60796,26.89154],[88.60846,26.88988],[88.60734,26.88848],[88.60705,26.88593],[88.60809,26.88392],[88.60766,26.88167],[88.60408,26.88232],[88.60001,26.88421],[88.59762,26.88434],[88.59451,26.88584],[88.59206,26.88799],[88.59011,26.88736],[88.58769,26.88781],[88.58622,26.88889],[88.58363,26.88891],[88.58097,26.89026],[88.57675,26.89074],[88.57325,26.89199],[88.56865,26.88797],[88.5628,26.88344],[88.56079,26.88232],[88.55568,26.8803],[88.54783,26.88039],[88.54587,26.88064],[88.54434,26.87846],[88.54265,26.87717],[88.54263,26.87521],[88.54079,26.8753],[88.5329,26.87239],[88.50933,26.86551],[88.50055,26.87034],[88.49608,26.87307],[88.49097,26.87483],[88.48677,26.87663],[88.48212,26.87727],[88.48022,26.87879],[88.47565,26.87983],[88.47533,26.87722],[88.47766,26.87708],[88.47969,26.87516],[88.47933,26.87146],[88.47981,26.86863],[88.48184,26.86705],[88.48368,26.86436],[88.48822,26.86074],[88.49079,26.85825],[88.49303,26.85491],[88.49578,26.85374],[88.50238,26.84867],[88.50594,26.84903],[88.50914,26.84653],[88.51036,26.84427],[88.51063,26.8409],[88.51013,26.83938],[88.50816,26.83921],[88.50332,26.84],[88.50097,26.84103],[88.4997,26.84231],[88.49951,26.84637],[88.49687,26.8496],[88.49247,26.85009],[88.49003,26.85271],[88.48599,26.85418],[88.48286,26.8533],[88.47572,26.84864],[88.47406,26.84795],[88.47066,26.84762],[88.45974,26.84289],[88.45462,26.84053],[88.45238,26.84059],[88.44859,26.83987],[88.44549,26.83838],[88.44438,26.83723],[88.44118,26.83716],[88.44074,26.83639],[88.44127,26.83267],[88.43728,26.82818],[88.43559,26.82475],[88.43628,26.82329],[88.43394,26.82068],[88.43064,26.82067],[88.4303,26.81794],[88.43345,26.81529],[88.43565,26.81153],[88.43407,26.8102],[88.43378,26.80557],[88.43489,26.80358],[88.4345,26.802],[88.4319,26.8011],[88.4295,26.80125],[88.43055,26.79933],[88.4298,26.79803],[88.43124,26.79719],[88.43109,26.79552],[88.43718,26.79569],[88.43865,26.79427],[88.43874,26.79175],[88.44199,26.7905],[88.44147,26.78933],[88.43899,26.78865],[88.4389,26.78745],[88.44175,26.78572],[88.44199,26.78465],[88.43995,26.78378],[88.4397,26.7824],[88.43471,26.78377],[88.43383,26.78018],[88.43161,26.77842],[88.43311,26.77733],[88.43465,26.77806],[88.4357,26.77673],[88.43763,26.77593],[88.43631,26.77429],[88.43759,26.7713],[88.43733,26.7689],[88.43564,26.76861],[88.43408,26.76569],[88.43539,26.75792],[88.43189,26.75842],[88.43259,26.75543],[88.43036,26.75335],[88.42847,26.7575],[88.42683,26.75912],[88.42607,26.75716],[88.42739,26.75502],[88.42609,26.7538],[88.42422,26.75522],[88.42303,26.75375],[88.42442,26.75045],[88.42742,26.74789],[88.42445,26.74607],[88.42281,26.74585],[88.42327,26.74284],[88.42304,26.737],[88.42512,26.7351],[88.42435,26.73268],[88.42179,26.72813],[88.42158,26.72708],[88.42389,26.72282],[88.4258,26.72405],[88.42819,26.72473],[88.42971,26.72684],[88.43399,26.72524],[88.43356,26.72395],[88.4359,26.71961],[88.43575,26.71824],[88.43734,26.71565],[88.43945,26.71537],[88.4426,26.71633],[88.4439,26.71184],[88.44741,26.70651],[88.44909,26.70527],[88.44893,26.70395],[88.44728,26.70266],[88.44645,26.69972],[88.44472,26.69852],[88.44291,26.69472],[88.43798,26.69401],[88.4369,26.69273],[88.43194,26.6932],[88.42851,26.69656],[88.42718,26.69586],[88.42574,26.69693],[88.42087,26.6963],[88.41582,26.69646],[88.41488,26.69707],[88.415,26.69919],[88.41379,26.7],[88.40947,26.69934],[88.40834,26.69717],[88.4062,26.69642],[88.40165,26.69308],[88.40159,26.69182],[88.39984,26.68697],[88.39744,26.68372],[88.39181,26.6816],[88.39021,26.67984],[88.38995,26.67801],[88.39243,26.67586],[88.39794,26.67424],[88.40042,26.67242],[88.40042,26.66475],[88.39981,26.66136],[88.39858,26.65861],[88.39904,26.65674],[88.40083,26.654],[88.40107,26.64991],[88.3999,26.64244],[88.40646,26.64012],[88.40926,26.63485],[88.41519,26.63317],[88.41607,26.63162],[88.41617,26.628],[88.41445,26.62262],[88.41801,26.62156],[88.41683,26.61459],[88.41797,26.60673],[88.41862,26.60505],[88.41998,26.59865],[88.41991,26.59556],[88.41924,26.59049],[88.42029,26.58921],[88.42259,26.58277],[88.4224,26.57824],[88.42146,26.57106],[88.42278,26.56603],[88.42447,26.56514],[88.42912,26.55465],[88.43227,26.54841],[88.43716,26.54407],[88.44286,26.54411],[88.44346,26.5415],[88.44336,26.53929],[88.44827,26.53529],[88.4556,26.53623],[88.45518,26.53898],[88.45843,26.54023],[88.45783,26.5432],[88.45889,26.54712],[88.46199,26.54672],[88.46256,26.54376],[88.46488,26.54423],[88.46665,26.54386],[88.47591,26.54447],[88.47819,26.54192],[88.48375,26.54128],[88.48508,26.54045],[88.48468,26.53829],[88.48235,26.53617],[88.48259,26.5303],[88.48588,26.53076],[88.48823,26.53249],[88.48965,26.53196],[88.48865,26.52888],[88.48861,26.52654],[88.48598,26.52715],[88.48607,26.52533],[88.489,26.52621],[88.49005,26.52507],[88.48919,26.52248],[88.48872,26.51791],[88.49066,26.51437],[88.49025,26.51135],[88.49247,26.51188],[88.49518,26.51173],[88.49967,26.5125],[88.50049,26.5139],[88.50007,26.51565],[88.50273,26.5152],[88.50702,26.51648],[88.50811,26.51617],[88.50867,26.51294],[88.51015,26.51257],[88.51068,26.51074],[88.51532,26.51059],[88.51993,26.51126],[88.52139,26.51051],[88.52224,26.50615],[88.52147,26.5034],[88.51869,26.50206],[88.51997,26.50058],[88.51953,26.49825],[88.5214,26.49811],[88.52329,26.49611],[88.52472,26.49161],[88.52461,26.4893],[88.52285,26.48929],[88.52287,26.48671],[88.52749,26.48746],[88.52797,26.48607],[88.52415,26.48564],[88.5242,26.48477],[88.52732,26.48481],[88.52633,26.48319],[88.52648,26.48138],[88.52936,26.48181],[88.53022,26.4812],[88.551,26.48431],[88.55676,26.4848],[88.55694,26.48373],[88.55462,26.4803],[88.55497,26.47841],[88.55263,26.47702],[88.55262,26.47532],[88.55689,26.47487],[88.55644,26.47305],[88.55895,26.47349],[88.56024,26.47255],[88.55765,26.47027],[88.5591,26.46657],[88.56205,26.46752],[88.562,26.46553],[88.5599,26.46448],[88.5595,26.46177],[88.56291,26.4605],[88.56268,26.45874],[88.55816,26.45874],[88.55953,26.45749],[88.56493,26.4575],[88.57103,26.45672],[88.57388,26.45691],[88.57879,26.45666],[88.58046,26.45553],[88.58297,26.45561],[88.58347,26.45416],[88.58502,26.45329],[88.58435,26.45028],[88.58865,26.45078],[88.59034,26.44964],[88.59295,26.44981],[88.59313,26.45221],[88.59512,26.45306],[88.59565,26.46201],[88.59545,26.46813],[88.59621,26.46963],[88.59559,26.47085],[88.60144,26.47071],[88.60353,26.47098],[88.62289,26.47108],[88.62286,26.47066],[88.62563,26.4508],[88.62684,26.45085],[88.6283,26.44104],[88.62508,26.43881],[88.62318,26.43832],[88.62376,26.43501],[88.62564,26.43508],[88.62607,26.43356],[88.62812,26.43458],[88.63045,26.43467],[88.63082,26.4314],[88.63515,26.43198],[88.63604,26.43012],[88.63827,26.42948],[88.64292,26.42996],[88.64372,26.42869],[88.6498,26.42959],[88.65011,26.42793],[88.6517,26.42534],[88.65106,26.42166],[88.64908,26.42021],[88.64502,26.41985],[88.64446,26.41875],[88.64854,26.41748],[88.65037,26.41744],[88.65057,26.41552],[88.6544,26.41565],[88.65527,26.41673],[88.66045,26.41632],[88.66177,26.41164],[88.66282,26.40986],[88.66772,26.40955],[88.66781,26.40719],[88.67009,26.40753],[88.67792,26.40773],[88.67972,26.40634],[88.68438,26.40666],[88.68579,26.40577],[88.68743,26.40099],[88.6845,26.40118],[88.68189,26.40199],[88.67691,26.40172],[88.6738,26.40089],[88.67353,26.402],[88.66997,26.39761],[88.67198,26.39745],[88.67233,26.3957],[88.67388,26.39519],[88.67812,26.39558],[88.67971,26.39418],[88.68487,26.39438],[88.68625,26.39563],[88.68853,26.39595],[88.68773,26.39251],[88.68605,26.39172],[88.68807,26.38931],[88.68675,26.38831],[88.68826,26.38668],[88.69413,26.38757],[88.69413,26.38855],[88.69786,26.38885],[88.69945,26.39007],[88.70227,26.38844],[88.70216,26.38575],[88.69603,26.38533],[88.69098,26.38453],[88.69004,26.38309],[88.68743,26.38268],[88.68493,26.38334],[88.68212,26.3822],[88.68266,26.38048],[88.68103,26.38012],[88.6813,26.3779],[88.68661,26.37881],[88.68671,26.37681],[88.68534,26.37553],[88.68679,26.37379],[88.68769,26.37155],[88.68892,26.36495],[88.69059,26.36333],[88.69389,26.36374],[88.69493,26.36311],[88.6955,26.36084],[88.69149,26.35995],[88.69384,26.35641],[88.69514,26.35723],[88.6985,26.35716],[88.69783,26.35557],[88.69798,26.3515],[88.69667,26.34689],[88.6951,26.34559],[88.6951,26.34413],[88.69803,26.34368],[88.69965,26.34159],[88.70402,26.34187],[88.70322,26.33982],[88.70294,26.33632],[88.70224,26.33536],[88.70469,26.33248],[88.70711,26.33388],[88.71015,26.33468],[88.71048,26.3372],[88.71242,26.33774],[88.71177,26.34043],[88.71292,26.34112],[88.71261,26.34325],[88.71459,26.34385],[88.72209,26.34283],[88.72386,26.34292],[88.72432,26.3411],[88.72615,26.34127],[88.72639,26.34411],[88.72935,26.34463],[88.72963,26.34801],[88.73592,26.34797],[88.7352,26.35001],[88.73297,26.35034],[88.73326,26.35383],[88.73759,26.35327],[88.73602,26.35198],[88.73636,26.34944],[88.73971,26.34871],[88.74397,26.34872],[88.74587,26.34707],[88.74564,26.34463],[88.74258,26.3441],[88.74282,26.34232],[88.74434,26.34081],[88.7442,26.33935],[88.74279,26.3367],[88.73946,26.3368],[88.73869,26.33503],[88.73736,26.33504],[88.73417,26.33044],[88.73388,26.32849],[88.73734,26.32872],[88.74152,26.32986],[88.74573,26.33243],[88.74874,26.33193],[88.74808,26.32872],[88.74703,26.32602],[88.74651,26.32239],[88.7406,26.32274],[88.73921,26.32371],[88.73751,26.32344],[88.73065,26.32362],[88.73159,26.3192],[88.73124,26.31835],[88.72632,26.31751],[88.72611,26.3157],[88.72446,26.31464],[88.72231,26.31479],[88.72024,26.31388],[88.71917,26.3156],[88.71699,26.31756],[88.70997,26.31688],[88.70823,26.3153],[88.70635,26.31469],[88.70046,26.31479],[88.69891,26.31437],[88.69887,26.31278],[88.69523,26.31443],[88.69327,26.31399],[88.69258,26.31699],[88.69112,26.31929],[88.6926,26.32135],[88.69144,26.32273],[88.69228,26.3256],[88.69679,26.32575],[88.69573,26.32873],[88.691,26.32888],[88.6908,26.32577],[88.68974,26.323],[88.67931,26.32215],[88.67827,26.32015],[88.67513,26.32007],[88.67609,26.31744],[88.67587,26.31435],[88.67459,26.31422],[88.6753,26.31137],[88.67699,26.31298],[88.67931,26.3133],[88.68103,26.31232],[88.68256,26.31251],[88.68309,26.30845],[88.67879,26.30783],[88.67798,26.30695],[88.6783,26.30427],[88.67981,26.30318],[88.6802,26.30144],[88.67893,26.30097],[88.67867,26.29883],[88.67068,26.2982],[88.66804,26.29717],[88.66827,26.29203],[88.66967,26.28955],[88.66618,26.28925],[88.66646,26.28505],[88.66748,26.28267],[88.66964,26.28076],[88.66738,26.27808],[88.66763,26.27195],[88.67211,26.27226],[88.67225,26.26849],[88.67187,26.26684],[88.66849,26.26727],[88.6665,26.26479],[88.6674,26.2634],[88.67204,26.26307],[88.67815,26.26414],[88.67948,26.2589],[88.68633,26.26305],[88.68474,26.26542],[88.68602,26.26757],[88.68796,26.26664],[88.69008,26.26665],[88.69011,26.26853],[88.69249,26.26905],[88.69187,26.27244],[88.68745,26.27266],[88.68619,26.27367],[88.68607,26.27675],[88.68868,26.27761],[88.6893,26.27905],[88.69129,26.27775],[88.69156,26.27642],[88.69619,26.27728],[88.69584,26.27946],[88.69855,26.28041],[88.69974,26.28417],[88.7036,26.28425],[88.70383,26.28553],[88.70818,26.28535],[88.70957,26.28662],[88.71403,26.28571],[88.71247,26.28265],[88.71826,26.28237],[88.72115,26.28328],[88.72298,26.28639],[88.7259,26.29002],[88.72719,26.29298],[88.72985,26.29293],[88.72969,26.29461],[88.73398,26.29438],[88.7386,26.29345],[88.74123,26.29542],[88.7426,26.29925],[88.74613,26.29947],[88.74732,26.30105],[88.74873,26.30086],[88.7479,26.29878],[88.74752,26.29551],[88.7532,26.29534],[88.75421,26.29454],[88.75858,26.29476],[88.75986,26.30021],[88.76017,26.30313],[88.75952,26.30539],[88.75825,26.30683],[88.75664,26.31067],[88.7579,26.3131],[88.75652,26.31694],[88.75656,26.32126],[88.75738,26.32252],[88.75693,26.32471],[88.75896,26.32668],[88.75942,26.32904],[88.76112,26.33142],[88.76115,26.33324],[88.76002,26.33505],[88.75822,26.3362],[88.75427,26.33769],[88.75397,26.34051],[88.75433,26.34358],[88.75069,26.34717],[88.74888,26.35407],[88.74807,26.35546],[88.74923,26.36086],[88.75365,26.36429],[88.7537,26.36664],[88.75618,26.36841],[88.7571,26.37543],[88.76098,26.38112],[88.76345,26.3838],[88.76583,26.38893],[88.76691,26.38928],[88.76946,26.39273],[88.76981,26.39482],[88.77405,26.39562],[88.77501,26.39854],[88.77792,26.39862],[88.78177,26.39767],[88.78383,26.39793],[88.78411,26.3957],[88.7862,26.39284],[88.78953,26.39234],[88.78932,26.38781],[88.7915,26.38435],[88.7953,26.38066],[88.79877,26.3758],[88.80347,26.37592],[88.80492,26.3782],[88.80809,26.37923],[88.80988,26.37754],[88.8122,26.37834],[88.8141,26.37742],[88.81631,26.37812],[88.81986,26.37744],[88.82745,26.37853],[88.83531,26.38066],[88.8381,26.38403],[88.83959,26.38685],[88.84078,26.3856],[88.84394,26.38452],[88.8463,26.3844],[88.85049,26.38506],[88.85315,26.38642],[88.85248,26.39002],[88.85448,26.3936],[88.85634,26.39414],[88.85864,26.39301],[88.86188,26.39371],[88.86492,26.39224],[88.86781,26.39361],[88.86985,26.39936],[88.87261,26.40119],[88.87507,26.40167],[88.87981,26.40475],[88.88004,26.40769],[88.88163,26.40847],[88.8818,26.41179],[88.88277,26.41318],[88.88414,26.41816],[88.88462,26.42133],[88.88366,26.42556],[88.8869,26.42621],[88.88825,26.42974],[88.88714,26.43172],[88.88986,26.43307],[88.88779,26.43644],[88.88728,26.43819],[88.89567,26.43882],[88.89903,26.4383],[88.90046,26.44015],[88.90298,26.44072],[88.90572,26.44491],[88.90703,26.44953],[88.90881,26.45231],[88.91203,26.45151],[88.91441,26.45259],[88.91444,26.45412],[88.91327,26.45639],[88.91373,26.4576],[88.9171,26.45991],[88.91698,26.46118],[88.91269,26.46172],[88.91261,26.46441],[88.91031,26.46511],[88.91018,26.46942],[88.90608,26.46847],[88.90479,26.4658],[88.9032,26.46566],[88.8993,26.46789],[88.89929,26.47064],[88.90207,26.47267],[88.90571,26.4714],[88.90567,26.47277],[88.9036,26.47388],[88.90448,26.47651],[88.90839,26.47684],[88.9108,26.47338],[88.91421,26.47124],[88.9174,26.47044],[88.92207,26.47076],[88.92631,26.47068],[88.92589,26.46794],[88.92709,26.46597],[88.9296,26.46501],[88.93326,26.46556],[88.93699,26.46551],[88.93831,26.46896],[88.94064,26.47269],[88.94279,26.47426],[88.94629,26.47529],[88.94224,26.48232],[88.93974,26.48517],[88.94119,26.48797],[88.94296,26.4939],[88.94341,26.49733],[88.94301,26.499],[88.94108,26.49952],[88.93979,26.50158],[88.94001,26.50426],[88.94189,26.50585],[88.94598,26.50588],[88.95169,26.5055],[88.95482,26.50765],[88.95486,26.51067],[88.95671,26.51162],[88.9568,26.51466],[88.96164,26.52276],[88.96217,26.52494],[88.96718,26.52481],[88.96787,26.52676],[88.97056,26.53129],[88.96975,26.53436],[88.96769,26.53789],[88.96784,26.53956],[88.96919,26.54289],[88.96903,26.54636],[88.98004,26.53943],[88.98417,26.53721],[88.98562,26.53544],[88.99255,26.53355],[88.99724,26.53345],[89.00202,26.53211],[89.00212,26.53092],[89.0091,26.52847],[89.01036,26.52845],[89.01231,26.52645],[89.02174,26.52273],[89.0274,26.51825],[89.03575,26.51681],[89.03738,26.51767],[89.04081,26.52075],[89.04879,26.52662],[89.05046,26.52734],[89.05196,26.53044],[89.04885,26.53399],[89.05673,26.53343],[89.06141,26.53417],[89.0624,26.53756],[89.06589,26.53684],[89.06934,26.53739],[89.07146,26.53645],[89.07372,26.53709],[89.07547,26.5366],[89.07644,26.53503],[89.07972,26.53492],[89.07911,26.53188],[89.08131,26.5322],[89.08248,26.53067],[89.08503,26.53086],[89.08471,26.52629],[89.08604,26.52662],[89.08718,26.52483],[89.09224,26.52619],[89.09171,26.52419],[89.09362,26.52373],[89.09553,26.52229],[89.10098,26.52241],[89.10296,26.52102],[89.10619,26.52063],[89.10755,26.52122],[89.10873,26.5201],[89.11545,26.5223],[89.12351,26.52201],[89.12628,26.52127],[89.12328,26.52251],[89.12138,26.52411],[89.12125,26.52563],[89.12384,26.52776],[89.12274,26.53122],[89.11947,26.53246],[89.11879,26.53342],[89.11931,26.53776],[89.1182,26.54037],[89.11688,26.54004],[89.11684,26.53585],[89.11607,26.53472],[89.11289,26.53489],[89.10979,26.53658],[89.10872,26.53867],[89.10901,26.54033],[89.11111,26.54185],[89.11374,26.54168],[89.11435,26.5427],[89.11244,26.5452],[89.11283,26.54872],[89.10833,26.55268],[89.10593,26.55308],[89.10415,26.55544],[89.10561,26.55808],[89.11069,26.5587],[89.11111,26.56056],[89.10787,26.56408],[89.10626,26.56392],[89.10418,26.5618],[89.10179,26.56183],[89.09884,26.56622],[89.09946,26.56835],[89.10227,26.56777],[89.10396,26.56844],[89.10253,26.57121],[89.10315,26.57344],[89.10162,26.57486],[89.1025,26.57655],[89.10529,26.57655],[89.10489,26.58222],[89.1067,26.58403],[89.10761,26.58595],[89.10755,26.58801],[89.10943,26.59109],[89.10729,26.5917],[89.10654,26.5892],[89.10409,26.58585],[89.10269,26.58838],[89.10528,26.59025],[89.10513,26.59205],[89.10259,26.59325],[89.1001,26.5915],[89.09712,26.59211],[89.09404,26.59195],[89.09382,26.59448],[89.09164,26.59663],[89.08983,26.59529],[89.08883,26.59264],[89.08662,26.59236],[89.08708,26.59579],[89.08546,26.59655],[89.0829,26.59235],[89.08076,26.59245],[89.0806,26.59574],[89.07927,26.59738],[89.07785,26.59722],[89.07697,26.59524],[89.07474,26.59321],[89.07257,26.59417],[89.07461,26.59589],[89.07208,26.5981],[89.06907,26.59708],[89.06658,26.59779],[89.0658,26.60157],[89.06389,26.60434],[89.06213,26.6044],[89.0621,26.60643],[89.06119,26.60785],[89.06119,26.61103],[89.05856,26.61167],[89.0562,26.60969],[89.05338,26.60965],[89.05148,26.60886],[89.05044,26.61052],[89.05313,26.61134],[89.05261,26.61617],[89.04969,26.61937],[89.05063,26.62027],[89.05361,26.62132],[89.05245,26.62404],[89.05115,26.62422],[89.0494,26.62296],[89.04742,26.62456],[89.05015,26.62576],[89.04846,26.62917],[89.04878,26.63071],[89.04733,26.63204],[89.04499,26.63646],[89.04511,26.63841],[89.04716,26.63991],[89.04634,26.64259],[89.04861,26.64449],[89.04793,26.64806],[89.04964,26.64844],[89.05272,26.65576],[89.05398,26.65603],[89.0545,26.65912],[89.05851,26.66186],[89.06017,26.66595],[89.06418,26.67143],[89.06315,26.6738],[89.06172,26.67485],[89.06178,26.68079],[89.06269,26.68279],[89.06477,26.68402],[89.06539,26.68745],[89.06408,26.68885],[89.06652,26.6906],[89.06574,26.69296],[89.06856,26.69786],[89.06932,26.70054],[89.06898,26.70466],[89.07056,26.70734],[89.07049,26.7172],[89.07169,26.71832],[89.07462,26.72322],[89.07556,26.72706],[89.07705,26.72877],[89.07942,26.72926],[89.07938,26.72768],[89.08128,26.72751],[89.08217,26.72957],[89.08047,26.72987],[89.08,26.73246],[89.07802,26.73295],[89.07735,26.73892],[89.0761,26.7433],[89.07816,26.74568],[89.08133,26.7477],[89.08124,26.7488],[89.07927,26.75005],[89.07816,26.75359],[89.07449,26.75959],[89.07523,26.76193],[89.07783,26.76535],[89.0809,26.77581],[89.0841,26.77953],[89.08957,26.78463],[89.09057,26.78601],[89.09219,26.79019],[89.09225,26.79397],[89.09152,26.7979],[89.09175,26.79934],[89.09422,26.80146],[89.09551,26.80487],[89.09817,26.80738],[89.09864,26.80977],[89.09817,26.81362],[89.09935,26.81735],[89.09871,26.81835],[89.09268,26.8194],[89.09283,26.82087],[89.09169,26.82533],[89.09223,26.8283],[89.09206,26.8307],[89.09354,26.8311],[89.0979,26.83344],[89.10004,26.84188],[89.10075,26.84251]]]},"properties":{"OBJECTID":495,"dtname":"Jalpaiguri","stname":"West Bengal","stcode11":"19","dtcode11":"328","year_stat":"2011_c","dist_lgd":314,"state_lgd":19,"SHAPE_Length":522510.66387563245,"SHAPE_Area":4314661024.038256,"remarks":" ","d_pan_code":274,"d_pan_name":"Jalpaiguri","New_Name":"Jalpaiguri","mached":"-1"},"id":495},
{"type":"Feature","geometry":{"type":"Polygon","coordinates":[[[88.46108,22.52256],[88.45559,22.52437],[88.44798,22.5266],[88.44227,22.52708],[88.43975,22.52807],[88.43934,22.52999],[88.43409,22.5363],[88.43009,22.53948],[88.4281,22.54047],[88.42293,22.54599],[88.42058,22.54885],[88.41343,22.5539],[88.41348,22.55568],[88.41035,22.55913],[88.40847,22.56255],[88.40384,22.573],[88.40191,22.58016],[88.40046,22.58346],[88.39537,22.59189],[88.39226,22.59521],[88.39201,22.59619],[88.3928,22.59943],[88.3933,22.60414],[88.39335,22.60873],[88.39284,22.61115],[88.39318,22.61357],[88.39232,22.61816],[88.39119,22.61869],[88.38643,22.61811],[88.38413,22.61883],[88.37625,22.61813],[88.36895,22.61876],[88.36583,22.61845],[88.36611,22.61239],[88.36547,22.60897],[88.35923,22.61246],[88.35535,22.607],[88.35404,22.60383],[88.35069,22.59923],[88.34819,22.59499],[88.34599,22.58981],[88.34569,22.58599],[88.34295,22.57881],[88.33963,22.57505],[88.33296,22.56801],[88.32972,22.56483],[88.32539,22.55871],[88.32195,22.55572],[88.32318,22.55326],[88.31975,22.55099],[88.31557,22.54979],[88.31032,22.54972],[88.30603,22.55014],[88.30145,22.55096],[88.29822,22.55194],[88.29437,22.55256],[88.28741,22.55425],[88.28425,22.55407],[88.27559,22.55603],[88.27417,22.5559],[88.26924,22.55773],[88.2675,22.55777],[88.25474,22.56161],[88.24882,22.5624],[88.24191,22.56142],[88.23807,22.55941],[88.23639,22.55777],[88.23422,22.55424],[88.23363,22.54916],[88.24003,22.54925],[88.24649,22.54738],[88.25,22.54516],[88.25128,22.54655],[88.25353,22.54747],[88.25513,22.54613],[88.25513,22.54308],[88.25797,22.54133],[88.25856,22.5398],[88.25733,22.53782],[88.25744,22.53655],[88.25969,22.53314],[88.26109,22.53464],[88.26425,22.53462],[88.26506,22.53695],[88.26917,22.53825],[88.27469,22.54122],[88.2758,22.54257],[88.27757,22.54298],[88.2815,22.54151],[88.28667,22.54012],[88.28926,22.54007],[88.29161,22.53853],[88.29192,22.53564],[88.29072,22.531],[88.29116,22.52987],[88.28957,22.52813],[88.28943,22.52664],[88.29084,22.52503],[88.29016,22.52346],[88.29004,22.52069],[88.29165,22.51709],[88.29396,22.51741],[88.29912,22.51692],[88.30063,22.51623],[88.30185,22.51383],[88.30237,22.51106],[88.30532,22.50802],[88.30598,22.50397],[88.30717,22.49999],[88.30789,22.49913],[88.31109,22.49801],[88.31146,22.49261],[88.31056,22.49089],[88.30641,22.49084],[88.30356,22.49027],[88.30036,22.48603],[88.29706,22.48325],[88.29423,22.48207],[88.289,22.4833],[88.28258,22.48588],[88.2763,22.48814],[88.27541,22.48788],[88.27121,22.49098],[88.26862,22.4904],[88.26831,22.48709],[88.27276,22.48558],[88.27433,22.48441],[88.27727,22.48432],[88.27978,22.47921],[88.28407,22.47508],[88.28827,22.47206],[88.28957,22.4706],[88.29041,22.46585],[88.28971,22.45984],[88.28799,22.45597],[88.29464,22.45492],[88.30367,22.4556],[88.30399,22.45828],[88.30733,22.45937],[88.30854,22.45897],[88.30948,22.45713],[88.31098,22.45647],[88.31608,22.45693],[88.31893,22.45752],[88.31974,22.45964],[88.32108,22.46563],[88.32367,22.46738],[88.32896,22.46804],[88.33375,22.46682],[88.33168,22.46441],[88.33244,22.46227],[88.33417,22.46156],[88.3364,22.46217],[88.33917,22.46215],[88.34101,22.46322],[88.34441,22.46162],[88.34467,22.45758],[88.34587,22.45673],[88.35056,22.45692],[88.35257,22.45851],[88.35427,22.46109],[88.35679,22.46123],[88.3587,22.46291],[88.35962,22.46084],[88.36192,22.45902],[88.36135,22.45736],[88.36197,22.45529],[88.3653,22.45415],[88.36797,22.4557],[88.37017,22.45639],[88.36891,22.45288],[88.37203,22.45203],[88.37486,22.45697],[88.37659,22.4555],[88.37994,22.45607],[88.38072,22.45799],[88.38271,22.45943],[88.37957,22.46339],[88.38054,22.46581],[88.3842,22.46517],[88.38755,22.46609],[88.39161,22.46787],[88.39347,22.46756],[88.39691,22.47176],[88.39544,22.47271],[88.39641,22.47393],[88.39835,22.47201],[88.40016,22.47388],[88.40345,22.47395],[88.40558,22.47502],[88.40688,22.47872],[88.40869,22.47896],[88.41387,22.47733],[88.41492,22.47865],[88.41508,22.48207],[88.41705,22.48451],[88.41605,22.48653],[88.41655,22.48758],[88.41438,22.49043],[88.4121,22.49123],[88.40715,22.48991],[88.40631,22.49087],[88.40718,22.49276],[88.40904,22.49386],[88.4116,22.49393],[88.41323,22.49483],[88.4132,22.49765],[88.41116,22.49797],[88.41028,22.50175],[88.41505,22.50472],[88.41605,22.50645],[88.41568,22.50967],[88.41634,22.5142],[88.41724,22.51578],[88.41895,22.5158],[88.42011,22.51741],[88.42005,22.52334],[88.42218,22.52354],[88.42404,22.52134],[88.42623,22.52014],[88.42714,22.51857],[88.43104,22.51718],[88.43398,22.51753],[88.43651,22.51577],[88.43649,22.51376],[88.43974,22.50949],[88.44154,22.50958],[88.44425,22.51175],[88.44843,22.50853],[88.45466,22.50958],[88.45589,22.51507],[88.45831,22.51675],[88.45787,22.51784],[88.46049,22.52016],[88.46108,22.52256]]]},"properties":{"OBJECTID":511,"dtname":"Kolkata","stname":"West Bengal","stcode11":"19","dtcode11":"342","year_stat":"2011_c","dist_lgd":315,"state_lgd":19,"SHAPE_Length":106432.43971500474,"SHAPE_Area":218320564.70742035,"remarks":" ","d_pan_code":0,"d_pan_name":"","New_Name":"Kolkata","mached":null},"id":511},
{"type":"Feature","geometry":{"type":"Polygon","coordinates":[[[88.07331,25.48431],[88.07132,25.48426],[88.07041,25.48551],[88.06792,25.48675],[88.06775,25.48778],[88.0654,25.49013],[88.05856,25.49027],[88.05627,25.49119],[88.05198,25.48998],[88.04983,25.48596],[88.04623,25.48773],[88.04482,25.48918],[88.03894,25.48945],[88.03685,25.49048],[88.03509,25.49215],[88.03056,25.49142],[88.02585,25.49614],[88.02288,25.49777],[88.02269,25.50176],[88.01806,25.50186],[88.01412,25.49938],[88.01197,25.50037],[88.00964,25.5025],[88.00995,25.50577],[88.0126,25.508],[88.01352,25.51121],[88.01133,25.51096],[88.00756,25.51125],[88.00672,25.51014],[88.00702,25.50716],[88.00591,25.50498],[88.00679,25.50225],[88.00735,25.49851],[88.00698,25.49705],[88.00317,25.49754],[87.9954,25.49981],[87.99375,25.50155],[87.99282,25.5071],[87.99511,25.50797],[87.99415,25.51199],[87.993,25.51242],[87.98902,25.51181],[87.98747,25.51369],[87.98511,25.51508],[87.98542,25.5161],[87.99346,25.5218],[87.9912,25.52303],[87.9909,25.52538],[87.98754,25.52559],[87.98478,25.52641],[87.98078,25.52454],[87.97655,25.5247],[87.97411,25.52692],[87.97146,25.5301],[87.96915,25.53386],[87.96786,25.53429],[87.9669,25.53639],[87.96408,25.5369],[87.96364,25.5393],[87.95933,25.53895],[87.95825,25.53785],[87.9558,25.53749],[87.95455,25.53959],[87.95342,25.53977],[87.95148,25.53841],[87.94708,25.53908],[87.94696,25.53621],[87.9442,25.53568],[87.9417,25.53658],[87.94014,25.53553],[87.93738,25.53545],[87.93215,25.53663],[87.92772,25.5372],[87.92555,25.53377],[87.92156,25.534],[87.91696,25.53134],[87.91806,25.5288],[87.91837,25.52659],[87.91738,25.52574],[87.91394,25.52654],[87.91273,25.52577],[87.90856,25.51923],[87.90851,25.51831],[87.91068,25.51708],[87.91073,25.51488],[87.90727,25.5123],[87.90682,25.51136],[87.90871,25.50864],[87.90439,25.50939],[87.90302,25.50808],[87.90203,25.50525],[87.8976,25.50556],[87.89856,25.51075],[87.89474,25.51264],[87.89285,25.51267],[87.89237,25.5149],[87.89018,25.51827],[87.88714,25.51819],[87.88553,25.51901],[87.88333,25.51694],[87.88528,25.51218],[87.88677,25.51036],[87.88677,25.50895],[87.88541,25.50698],[87.88325,25.50558],[87.87989,25.5042],[87.87482,25.50469],[87.87417,25.50203],[87.87219,25.49968],[87.87109,25.4974],[87.86895,25.49671],[87.86781,25.49385],[87.8666,25.48826],[87.86638,25.48552],[87.86533,25.48417],[87.86489,25.47995],[87.8667,25.47758],[87.86727,25.47451],[87.86886,25.47301],[87.8694,25.46949],[87.8661,25.46743],[87.86323,25.46411],[87.86253,25.46409],[87.86345,25.46911],[87.86132,25.46928],[87.86053,25.47108],[87.8558,25.47098],[87.85469,25.46686],[87.85282,25.46669],[87.84766,25.46721],[87.84655,25.46663],[87.84024,25.46776],[87.83922,25.46758],[87.83964,25.46137],[87.83757,25.46091],[87.83226,25.46108],[87.83013,25.46085],[87.83096,25.45625],[87.83096,25.45221],[87.8289,25.44857],[87.82718,25.44747],[87.82572,25.44545],[87.82685,25.44156],[87.82637,25.43962],[87.82478,25.43795],[87.82268,25.43708],[87.81785,25.4365],[87.81451,25.43563],[87.81167,25.43555],[87.8053,25.44071],[87.80231,25.44473],[87.79694,25.44501],[87.79678,25.4475],[87.79426,25.44754],[87.79336,25.44916],[87.78726,25.4504],[87.78355,25.43717],[87.78133,25.43254],[87.77977,25.43147],[87.77412,25.43182],[87.774,25.42962],[87.77235,25.42948],[87.77079,25.42826],[87.76993,25.42621],[87.77432,25.42353],[87.77407,25.41827],[87.77633,25.41269],[87.77535,25.41099],[87.77506,25.40877],[87.77045,25.40957],[87.76794,25.41344],[87.76573,25.41459],[87.76451,25.41378],[87.76388,25.4075],[87.77253,25.40422],[87.76936,25.39939],[87.76812,25.39893],[87.76749,25.39586],[87.76842,25.39372],[87.7669,25.38892],[87.76613,25.38843],[87.76588,25.38527],[87.76966,25.37898],[87.77367,25.37693],[87.77929,25.37308],[87.78517,25.37348],[87.78882,25.37314],[87.79231,25.37355],[87.79234,25.37054],[87.79359,25.36742],[87.79222,25.36402],[87.7915,25.35804],[87.79018,25.34432],[87.78824,25.33834],[87.79158,25.33398],[87.79596,25.3262],[87.7973,25.32522],[87.80506,25.32456],[87.81627,25.31992],[87.82359,25.31569],[87.82636,25.31352],[87.83093,25.3073],[87.83369,25.30482],[87.83903,25.30109],[87.84848,25.29816],[87.85543,25.29689],[87.85566,25.29429],[87.85721,25.29293],[87.86019,25.28578],[87.86143,25.28142],[87.86155,25.27774],[87.86241,25.27411],[87.86069,25.26963],[87.8573,25.26974],[87.85397,25.26487],[87.8534,25.26265],[87.85533,25.26051],[87.85527,25.25527],[87.85165,25.25328],[87.8489,25.25397],[87.84281,25.25143],[87.84023,25.24983],[87.83662,25.24581],[87.83668,25.24261],[87.83615,25.24139],[87.83355,25.23904],[87.8273,25.23529],[87.81828,25.23885],[87.81031,25.24232],[87.80689,25.2426],[87.80462,25.24372],[87.80093,25.247],[87.80127,25.24921],[87.79822,25.24985],[87.79671,25.25198],[87.79468,25.25227],[87.78769,25.25458],[87.78179,25.25625],[87.77633,25.25659],[87.76718,25.26098],[87.75931,25.26178],[87.74745,25.26383],[87.74288,25.26404],[87.73688,25.26215],[87.71307,25.25798],[87.71738,25.25619],[87.71917,25.25665],[87.73406,25.25517],[87.7362,25.25511],[87.74838,25.25358],[87.7521,25.25222],[87.75864,25.25155],[87.76462,25.25146],[87.76692,25.2507],[87.7683,25.2493],[87.77186,25.24741],[87.77321,25.24714],[87.77986,25.24698],[87.78664,25.24739],[87.78866,25.24373],[87.78999,25.23981],[87.7908,25.23442],[87.79092,25.23016],[87.79056,25.21799],[87.78913,25.20013],[87.78778,25.1913],[87.78262,25.17643],[87.78094,25.16853],[87.77612,25.14979],[87.7744,25.14405],[87.7738,25.13612],[87.77351,25.12548],[87.77436,25.12136],[87.77903,25.1177],[87.78368,25.11153],[87.78544,25.1097],[87.78967,25.10442],[87.79079,25.10211],[87.7929,25.09535],[87.79651,25.09034],[87.79855,25.08803],[87.80237,25.08289],[87.80344,25.07795],[87.80454,25.07451],[87.80579,25.07265],[87.80798,25.07165],[87.81362,25.07069],[87.82914,25.06683],[87.834,25.06526],[87.83832,25.06333],[87.84871,25.05943],[87.85728,25.05463],[87.85917,25.05296],[87.86524,25.04585],[87.87105,25.03962],[87.87304,25.03775],[87.88862,25.01765],[87.89128,25.01479],[87.89936,25.00678],[87.90115,25.00569],[87.90593,25.00389],[87.91464,25.00178],[87.92273,25.00058],[87.92625,24.99852],[87.93192,24.99597],[87.93633,24.99277],[87.94054,24.99085],[87.9433,24.98716],[87.94482,24.98414],[87.94943,24.98094],[87.95102,24.97858],[87.95326,24.97708],[87.95775,24.97089],[87.95841,24.96688],[87.95832,24.96067],[87.95895,24.9578],[87.95895,24.9508],[87.96001,24.94841],[87.96165,24.9429],[87.9628,24.93706],[87.96283,24.93453],[87.9619,24.93216],[87.95962,24.92901],[87.95948,24.9278],[87.96083,24.92208],[87.95503,24.91333],[87.95374,24.90902],[87.95293,24.90776],[87.94976,24.90494],[87.94207,24.89993],[87.93971,24.89814],[87.93605,24.89693],[87.93324,24.89556],[87.9233,24.88959],[87.91961,24.88693],[87.91541,24.88317],[87.91331,24.87922],[87.91005,24.87473],[87.90081,24.86501],[87.89678,24.86094],[87.89667,24.85777],[87.89746,24.85583],[87.90203,24.84883],[87.9036,24.84433],[87.90554,24.84199],[87.91068,24.83354],[87.91352,24.8298],[87.91405,24.82852],[87.91652,24.82577],[87.91695,24.82457],[87.92358,24.81688],[87.92776,24.81229],[87.92914,24.80943],[87.93249,24.80738],[87.93648,24.80406],[87.9385,24.80387],[87.94175,24.80144],[87.94327,24.79977],[87.94749,24.79753],[87.94982,24.79482],[87.9513,24.79131],[87.95448,24.78784],[87.95889,24.78377],[87.96067,24.78147],[87.96166,24.77855],[87.96509,24.77227],[87.96699,24.7698],[87.96662,24.76108],[87.96725,24.75733],[87.96823,24.75596],[87.96859,24.75058],[87.96672,24.74645],[87.9669,24.74133],[87.96844,24.73144],[87.96767,24.72646],[87.96494,24.71739],[87.96583,24.71399],[87.96391,24.70655],[87.96053,24.70375],[87.95692,24.69657],[87.96145,24.68782],[87.96414,24.68227],[87.96872,24.67621],[87.97653,24.66675],[87.98038,24.66367],[87.98747,24.65933],[87.99022,24.65796],[87.99744,24.65544],[88.00289,24.65552],[88.00656,24.66074],[88.00692,24.66346],[88.00808,24.66737],[88.0088,24.66789],[88.01369,24.67461],[88.03954,24.70188],[88.04197,24.70394],[88.0418,24.70479],[88.04413,24.706],[88.04872,24.70951],[88.05197,24.71235],[88.05373,24.71087],[88.05586,24.71464],[88.06285,24.7216],[88.06335,24.72355],[88.0663,24.72862],[88.06706,24.73211],[88.06884,24.73665],[88.0725,24.74364],[88.07003,24.74675],[88.06576,24.75071],[88.06881,24.75315],[88.07056,24.7562],[88.07455,24.76075],[88.06886,24.76375],[88.07111,24.76778],[88.06831,24.76915],[88.07245,24.77296],[88.0752,24.77028],[88.07787,24.7691],[88.08902,24.7829],[88.09469,24.78049],[88.09863,24.77978],[88.1061,24.77957],[88.10634,24.78691],[88.10502,24.78671],[88.10566,24.79399],[88.10496,24.79845],[88.10612,24.80259],[88.10753,24.80439],[88.11061,24.81219],[88.11463,24.81646],[88.11998,24.82077],[88.12354,24.82311],[88.12463,24.81931],[88.12846,24.81007],[88.13078,24.80494],[88.13536,24.80478],[88.13628,24.80528],[88.13475,24.81151],[88.13404,24.81616],[88.13384,24.82242],[88.1341,24.82987],[88.133,24.83374],[88.13191,24.83601],[88.13378,24.8362],[88.13466,24.83403],[88.14091,24.83438],[88.13963,24.836],[88.14074,24.83859],[88.14129,24.84182],[88.14488,24.84354],[88.14457,24.8497],[88.14692,24.85014],[88.1515,24.84956],[88.15511,24.85038],[88.15932,24.85016],[88.15974,24.84856],[88.16404,24.84995],[88.16391,24.85221],[88.16225,24.85797],[88.16614,24.85849],[88.16592,24.85977],[88.1718,24.8606],[88.17502,24.86015],[88.17546,24.8618],[88.1725,24.86252],[88.16589,24.86342],[88.16406,24.8661],[88.15943,24.87199],[88.15947,24.87345],[88.16193,24.8757],[88.16338,24.87612],[88.16374,24.87796],[88.16108,24.8804],[88.15849,24.88131],[88.15543,24.8816],[88.15537,24.88364],[88.15268,24.88441],[88.15709,24.89181],[88.15884,24.89193],[88.16073,24.889],[88.16648,24.88982],[88.16784,24.88896],[88.16945,24.89194],[88.16685,24.89442],[88.16489,24.89525],[88.16266,24.89342],[88.16151,24.8937],[88.16203,24.89727],[88.15964,24.89807],[88.15524,24.8988],[88.15391,24.89959],[88.15546,24.90176],[88.15354,24.90495],[88.15349,24.90673],[88.14683,24.91268],[88.14221,24.9144],[88.14037,24.91404],[88.13892,24.92134],[88.13834,24.92857],[88.13854,24.93055],[88.13754,24.93505],[88.13804,24.93616],[88.1455,24.93673],[88.14604,24.93441],[88.14882,24.93351],[88.1498,24.93246],[88.15752,24.93352],[88.15902,24.93712],[88.15926,24.9396],[88.15839,24.94137],[88.16242,24.94065],[88.16435,24.94199],[88.165,24.94621],[88.16696,24.94637],[88.16884,24.9476],[88.17021,24.95036],[88.175,24.94873],[88.17366,24.9471],[88.17549,24.94624],[88.17974,24.95013],[88.18069,24.95044],[88.18358,24.95389],[88.18668,24.95168],[88.19019,24.95221],[88.19363,24.95438],[88.19893,24.95655],[88.20719,24.95822],[88.21397,24.95862],[88.22484,24.96001],[88.22821,24.9588],[88.23029,24.95698],[88.23193,24.95255],[88.23646,24.94648],[88.2408,24.94247],[88.24594,24.93886],[88.24981,24.93559],[88.25365,24.93122],[88.25626,24.92717],[88.26052,24.91918],[88.26178,24.91574],[88.26386,24.9087],[88.2644,24.90586],[88.26445,24.89807],[88.26388,24.89387],[88.26238,24.88882],[88.25958,24.88264],[88.25827,24.87755],[88.26354,24.87774],[88.26577,24.87713],[88.26686,24.87829],[88.26741,24.88731],[88.26898,24.89125],[88.27046,24.8937],[88.27358,24.89679],[88.27767,24.89692],[88.27577,24.89178],[88.27813,24.88805],[88.27956,24.88819],[88.28135,24.89079],[88.28319,24.88911],[88.28624,24.88917],[88.28651,24.887],[88.29032,24.889],[88.29397,24.88928],[88.29446,24.8883],[88.29685,24.88824],[88.29705,24.88622],[88.30133,24.88606],[88.30074,24.88219],[88.29846,24.88244],[88.29828,24.88056],[88.29951,24.87935],[88.30053,24.87562],[88.30178,24.87517],[88.30128,24.87334],[88.30264,24.87166],[88.30527,24.87248],[88.30651,24.87602],[88.30749,24.87751],[88.30977,24.87773],[88.31288,24.88019],[88.31244,24.88163],[88.31485,24.88162],[88.31671,24.88065],[88.31714,24.88301],[88.32106,24.88347],[88.3221,24.87888],[88.32086,24.87613],[88.32538,24.87212],[88.32648,24.87048],[88.33062,24.87014],[88.33311,24.87095],[88.33262,24.87243],[88.3353,24.87478],[88.33412,24.87737],[88.33759,24.87854],[88.33899,24.87846],[88.33924,24.88043],[88.34288,24.88437],[88.34322,24.88727],[88.34539,24.88964],[88.34463,24.8911],[88.34701,24.89243],[88.34621,24.8953],[88.3444,24.89776],[88.34396,24.89954],[88.34164,24.8989],[88.34067,24.89997],[88.33787,24.89924],[88.33626,24.8982],[88.33278,24.89715],[88.33457,24.90056],[88.33405,24.90483],[88.33202,24.90523],[88.32872,24.904],[88.32775,24.90432],[88.32631,24.91129],[88.32427,24.91668],[88.32475,24.91816],[88.32687,24.9186],[88.32902,24.91713],[88.33004,24.91772],[88.33018,24.91997],[88.33171,24.91983],[88.33338,24.91841],[88.3355,24.91832],[88.33655,24.9193],[88.33491,24.92118],[88.33462,24.92699],[88.33656,24.92637],[88.33849,24.92679],[88.33712,24.92905],[88.33718,24.93109],[88.33894,24.93176],[88.33952,24.93407],[88.34129,24.93524],[88.34027,24.9375],[88.34009,24.9396],[88.3409,24.94063],[88.34426,24.94263],[88.3476,24.94296],[88.3492,24.94459],[88.35111,24.94465],[88.35218,24.94249],[88.35472,24.94206],[88.35532,24.94424],[88.35841,24.94811],[88.36048,24.94887],[88.35919,24.95073],[88.36029,24.95212],[88.36233,24.95181],[88.36404,24.95329],[88.36617,24.95287],[88.36514,24.95023],[88.36576,24.94836],[88.36529,24.9464],[88.36668,24.94491],[88.36931,24.9456],[88.37097,24.94254],[88.37358,24.94357],[88.37745,24.94299],[88.37952,24.94028],[88.38105,24.93932],[88.38459,24.93915],[88.38736,24.93952],[88.38725,24.94229],[88.38876,24.9436],[88.39014,24.9418],[88.39417,24.94149],[88.39884,24.94532],[88.3992,24.9478],[88.40189,24.9506],[88.40091,24.95195],[88.40055,24.95482],[88.39901,24.95515],[88.39752,24.9579],[88.39913,24.95919],[88.39718,24.9605],[88.39519,24.95947],[88.39384,24.96019],[88.39316,24.96315],[88.39599,24.96468],[88.39468,24.96617],[88.39525,24.96908],[88.39775,24.97095],[88.39925,24.97312],[88.40354,24.97349],[88.4039,24.97602],[88.40471,24.97693],[88.4051,24.97972],[88.40824,24.97841],[88.40999,24.97671],[88.41082,24.97353],[88.41595,24.97318],[88.41721,24.97416],[88.41628,24.9802],[88.41232,24.9823],[88.41485,24.98324],[88.41828,24.98256],[88.41661,24.98515],[88.41172,24.98548],[88.41238,24.98979],[88.41446,24.99451],[88.41359,24.99688],[88.412,24.99815],[88.4182,24.99836],[88.42045,25.00006],[88.4193,25.0018],[88.42126,25.00423],[88.42209,25.00692],[88.42538,25.00654],[88.42736,25.008],[88.43026,25.00807],[88.43427,25.00544],[88.43636,25.00637],[88.43671,25.01118],[88.43517,25.01327],[88.43663,25.01425],[88.43753,25.01152],[88.43943,25.01333],[88.44147,25.02003],[88.4392,25.02296],[88.44128,25.02302],[88.44404,25.025],[88.44518,25.02691],[88.44432,25.03003],[88.44558,25.03167],[88.44566,25.03321],[88.45039,25.0338],[88.45254,25.03664],[88.45093,25.03934],[88.44712,25.04171],[88.44298,25.04247],[88.43953,25.0423],[88.43784,25.04308],[88.4357,25.04938],[88.43544,25.0551],[88.43849,25.05763],[88.44234,25.06256],[88.44234,25.06591],[88.4457,25.07091],[88.44793,25.07222],[88.4487,25.0739],[88.45108,25.07517],[88.45287,25.0793],[88.44814,25.08021],[88.44631,25.08318],[88.44722,25.08784],[88.44686,25.09258],[88.4441,25.09971],[88.44428,25.10205],[88.44511,25.1029],[88.44776,25.10917],[88.44758,25.11043],[88.44552,25.11334],[88.44207,25.11498],[88.44301,25.11838],[88.44237,25.11902],[88.4414,25.1241],[88.44142,25.12751],[88.44485,25.12756],[88.44745,25.12807],[88.44831,25.13087],[88.45083,25.13076],[88.454,25.13242],[88.45495,25.13399],[88.45669,25.13402],[88.45866,25.13557],[88.45686,25.13866],[88.46049,25.14079],[88.45938,25.14525],[88.45756,25.14732],[88.45803,25.14832],[88.46132,25.14926],[88.45964,25.15236],[88.45704,25.15308],[88.45739,25.15476],[88.45948,25.15913],[88.4594,25.16097],[88.4573,25.16053],[88.4564,25.16266],[88.45645,25.16474],[88.45277,25.16375],[88.45024,25.16816],[88.4491,25.17157],[88.44458,25.17329],[88.44252,25.17359],[88.44186,25.17527],[88.44437,25.17798],[88.44544,25.18015],[88.44391,25.18108],[88.44185,25.18462],[88.44284,25.18783],[88.4421,25.19014],[88.44303,25.19317],[88.44295,25.19626],[88.44179,25.19968],[88.43865,25.1969],[88.43748,25.19876],[88.43734,25.20171],[88.43778,25.20727],[88.44281,25.21033],[88.44501,25.21308],[88.44452,25.21695],[88.44245,25.21882],[88.44146,25.21651],[88.43915,25.21662],[88.4391,25.21898],[88.44161,25.22117],[88.44394,25.22186],[88.44825,25.22028],[88.45025,25.22219],[88.44828,25.22412],[88.44868,25.22541],[88.45104,25.22659],[88.44885,25.22886],[88.45013,25.23119],[88.45308,25.232],[88.45349,25.23302],[88.45145,25.23585],[88.45486,25.2379],[88.45562,25.23885],[88.45912,25.24563],[88.45952,25.24895],[88.46059,25.25283],[88.4586,25.25528],[88.46163,25.26043],[88.46175,25.2627],[88.46272,25.2649],[88.46183,25.2687],[88.46352,25.26874],[88.46369,25.27074],[88.46242,25.27105],[88.46039,25.27005],[88.45884,25.26795],[88.4566,25.26656],[88.4553,25.26704],[88.45417,25.26555],[88.45363,25.26337],[88.45723,25.26251],[88.4561,25.26104],[88.44973,25.26284],[88.44673,25.26542],[88.44646,25.26935],[88.44323,25.27221],[88.44177,25.2757],[88.44012,25.27697],[88.4392,25.28021],[88.44103,25.28272],[88.44202,25.28517],[88.44457,25.28729],[88.44649,25.29067],[88.44564,25.29373],[88.44778,25.29665],[88.44738,25.29811],[88.44888,25.30144],[88.44893,25.30671],[88.44761,25.30738],[88.44343,25.31316],[88.43798,25.31356],[88.43697,25.31462],[88.43141,25.31532],[88.42997,25.31384],[88.4262,25.31467],[88.42542,25.31588],[88.42316,25.31536],[88.42287,25.31425],[88.41885,25.31417],[88.41762,25.31279],[88.41801,25.31156],[88.42931,25.30925],[88.42989,25.30554],[88.42939,25.30341],[88.42647,25.30286],[88.42608,25.30163],[88.42199,25.30124],[88.41546,25.2998],[88.41216,25.29997],[88.41305,25.29831],[88.41272,25.29683],[88.40676,25.29564],[88.40557,25.29441],[88.39943,25.29341],[88.39493,25.30225],[88.39305,25.30298],[88.39023,25.29789],[88.38868,25.29817],[88.38701,25.29601],[88.38507,25.29596],[88.38295,25.29121],[88.37973,25.28885],[88.36825,25.28956],[88.36189,25.29109],[88.36153,25.29389],[88.35928,25.29687],[88.35642,25.29987],[88.35512,25.29973],[88.35428,25.29732],[88.35189,25.29722],[88.34838,25.29952],[88.34564,25.30016],[88.34164,25.30251],[88.33821,25.30276],[88.33081,25.30444],[88.33024,25.30415],[88.33108,25.29931],[88.332,25.29696],[88.33078,25.29626],[88.32285,25.29681],[88.32267,25.29853],[88.32003,25.2991],[88.32001,25.30014],[88.31789,25.30071],[88.31603,25.29973],[88.31036,25.29998],[88.30978,25.29906],[88.3061,25.30034],[88.3041,25.29881],[88.2998,25.29849],[88.3001,25.30695],[88.2965,25.30734],[88.29464,25.30635],[88.29438,25.30856],[88.29112,25.30888],[88.29096,25.31216],[88.28751,25.31225],[88.288,25.31564],[88.27787,25.31636],[88.27476,25.31589],[88.2734,25.31506],[88.26988,25.30503],[88.27014,25.30343],[88.27032,25.3016],[88.26536,25.29821],[88.26192,25.2969],[88.25998,25.29736],[88.25812,25.2959],[88.25434,25.2963],[88.25313,25.2937],[88.25202,25.29362],[88.24796,25.29497],[88.24628,25.29427],[88.24156,25.29395],[88.23518,25.29505],[88.23612,25.29982],[88.23758,25.30155],[88.23671,25.30407],[88.23352,25.30643],[88.22719,25.30966],[88.21924,25.31166],[88.21514,25.31337],[88.20852,25.30711],[88.20393,25.30178],[88.20056,25.29609],[88.19736,25.29346],[88.19608,25.29065],[88.19298,25.28991],[88.1917,25.2805],[88.18994,25.27983],[88.18664,25.28107],[88.18615,25.28596],[88.18487,25.28661],[88.18312,25.28938],[88.18166,25.28967],[88.1804,25.29315],[88.17939,25.29438],[88.17477,25.29767],[88.17126,25.29929],[88.16771,25.29965],[88.16535,25.30093],[88.16174,25.30193],[88.16122,25.30414],[88.15905,25.30095],[88.15616,25.29824],[88.15307,25.29801],[88.15017,25.29867],[88.14893,25.29821],[88.14907,25.29634],[88.145,25.2969],[88.14394,25.29477],[88.14408,25.29248],[88.14499,25.2906],[88.14273,25.28443],[88.1407,25.28176],[88.13945,25.27763],[88.13985,25.27619],[88.14605,25.27509],[88.14914,25.27405],[88.15011,25.27287],[88.14914,25.26944],[88.14467,25.26611],[88.14299,25.26379],[88.14353,25.2621],[88.14167,25.25691],[88.14079,25.25643],[88.13513,25.25597],[88.13315,25.25512],[88.12654,25.24889],[88.1274,25.24689],[88.12579,25.2463],[88.12467,25.24912],[88.12572,25.25057],[88.12658,25.25384],[88.12331,25.2561],[88.12279,25.25903],[88.12466,25.26014],[88.12514,25.26571],[88.12271,25.26644],[88.12066,25.26802],[88.12134,25.27152],[88.11545,25.27325],[88.10752,25.27436],[88.10451,25.27363],[88.09962,25.27506],[88.10089,25.27703],[88.10397,25.27669],[88.1062,25.28012],[88.10684,25.28218],[88.10915,25.28616],[88.10861,25.28665],[88.10243,25.28798],[88.10204,25.28908],[88.10477,25.29098],[88.10597,25.29248],[88.10895,25.29474],[88.1126,25.29394],[88.12037,25.29372],[88.12271,25.29278],[88.12559,25.29293],[88.12634,25.29781],[88.1239,25.29896],[88.12397,25.30335],[88.12358,25.30812],[88.12223,25.30902],[88.1178,25.31005],[88.11808,25.31226],[88.11608,25.31181],[88.11436,25.31265],[88.1125,25.31585],[88.11137,25.31612],[88.11175,25.31887],[88.10856,25.3199],[88.10871,25.32256],[88.10814,25.32605],[88.10904,25.32804],[88.11225,25.33102],[88.11335,25.33253],[88.11461,25.33695],[88.11607,25.3392],[88.11998,25.34162],[88.11889,25.34379],[88.11584,25.34661],[88.11492,25.34837],[88.11625,25.35051],[88.11781,25.35031],[88.12173,25.35269],[88.122,25.35417],[88.12099,25.35699],[88.1219,25.35888],[88.12231,25.36206],[88.1219,25.36646],[88.11866,25.36511],[88.11711,25.36592],[88.11796,25.36732],[88.118,25.37103],[88.11537,25.37186],[88.11134,25.37463],[88.10964,25.37668],[88.10456,25.37857],[88.10198,25.38075],[88.09909,25.38096],[88.09883,25.389],[88.107,25.3906],[88.10888,25.39505],[88.10725,25.39847],[88.10575,25.40062],[88.10927,25.40411],[88.11399,25.40677],[88.11377,25.4085],[88.11062,25.40825],[88.10828,25.4068],[88.10777,25.40434],[88.10631,25.40321],[88.10218,25.40463],[88.10072,25.40705],[88.10068,25.41026],[88.10704,25.41349],[88.10961,25.41605],[88.10906,25.418],[88.10175,25.41884],[88.09756,25.41752],[88.0939,25.42088],[88.09596,25.42756],[88.09865,25.42809],[88.10172,25.42976],[88.104,25.43224],[88.10671,25.43337],[88.10942,25.43226],[88.1123,25.43351],[88.11287,25.43582],[88.11169,25.43638],[88.10752,25.43563],[88.10539,25.43474],[88.10064,25.43189],[88.09721,25.43551],[88.09759,25.44209],[88.09455,25.44413],[88.09124,25.44478],[88.0855,25.44778],[88.08011,25.4541],[88.07931,25.45663],[88.07922,25.46832],[88.07884,25.47039],[88.07524,25.47542],[88.07411,25.47817],[88.07331,25.48431]]]},"properties":{"OBJECTID":525,"dtname":"Malda","stname":"West Bengal","stcode11":"19","dtcode11":"332","year_stat":"2011_c","dist_lgd":316,"state_lgd":19,"SHAPE_Length":560154.4992822742,"SHAPE_Area":4423440426.702941,"remarks":" ","d_pan_code":275,"d_pan_name":"Malda","New_Name":"Malda","mached":"-1"},"id":525},
{"type":"Feature","geometry":{"type":"Polygon","coordinates":[[[88.0088,24.66789],[88.00808,24.66737],[88.00692,24.66346],[88.00656,24.66074],[88.00289,24.65552],[87.99744,24.65544],[87.99022,24.65796],[87.98747,24.65933],[87.98038,24.66367],[87.97653,24.66675],[87.96872,24.67621],[87.96414,24.68227],[87.96145,24.68782],[87.95692,24.69657],[87.96053,24.70375],[87.96391,24.70655],[87.96583,24.71399],[87.96494,24.71739],[87.96767,24.72646],[87.96844,24.73144],[87.9669,24.74133],[87.96672,24.74645],[87.96859,24.75058],[87.96823,24.75596],[87.96725,24.75733],[87.96662,24.76108],[87.96699,24.7698],[87.96509,24.77227],[87.96166,24.77855],[87.96067,24.78147],[87.95889,24.78377],[87.95448,24.78784],[87.9513,24.79131],[87.94982,24.79482],[87.94749,24.79753],[87.94327,24.79977],[87.94175,24.80144],[87.9385,24.80387],[87.93648,24.80406],[87.93249,24.80738],[87.92914,24.80943],[87.92776,24.81229],[87.92358,24.81688],[87.91695,24.82457],[87.91652,24.82577],[87.91405,24.82852],[87.91352,24.8298],[87.91068,24.83354],[87.90554,24.84199],[87.9036,24.84433],[87.90203,24.84883],[87.89746,24.85583],[87.89667,24.85777],[87.89176,24.85646],[87.89194,24.85391],[87.89386,24.84974],[87.89593,24.84992],[87.89809,24.84648],[87.89895,24.84261],[87.89835,24.83851],[87.89887,24.83708],[87.89625,24.83637],[87.89705,24.83521],[87.89604,24.8307],[87.89648,24.82894],[87.89777,24.82768],[87.90091,24.82784],[87.90139,24.82642],[87.90027,24.8241],[87.898,24.82273],[87.89619,24.82286],[87.89262,24.82489],[87.89202,24.82649],[87.89037,24.8269],[87.88813,24.82356],[87.88577,24.82367],[87.88718,24.82577],[87.88701,24.82724],[87.88554,24.8281],[87.88462,24.82574],[87.88439,24.82322],[87.88261,24.82327],[87.88439,24.82839],[87.88275,24.82953],[87.88117,24.82378],[87.87933,24.82249],[87.87646,24.82192],[87.8749,24.82302],[87.87585,24.82457],[87.87507,24.82575],[87.87237,24.82476],[87.87053,24.82629],[87.86912,24.82464],[87.87019,24.8203],[87.87438,24.81801],[87.87479,24.81585],[87.87441,24.81374],[87.87548,24.81305],[87.87462,24.8084],[87.88095,24.80763],[87.8816,24.80537],[87.88074,24.79834],[87.87838,24.79602],[87.87922,24.7917],[87.87781,24.78941],[87.87445,24.79083],[87.87534,24.79301],[87.8752,24.79485],[87.8726,24.79565],[87.87094,24.79494],[87.86955,24.7931],[87.87079,24.79058],[87.86864,24.78865],[87.86889,24.78678],[87.86787,24.78593],[87.86875,24.78414],[87.86684,24.77902],[87.87014,24.77865],[87.86923,24.77503],[87.86591,24.77347],[87.86542,24.77171],[87.86268,24.7695],[87.86118,24.7694],[87.85943,24.76614],[87.8575,24.7656],[87.85416,24.76271],[87.85044,24.76199],[87.84795,24.76345],[87.84326,24.76859],[87.84227,24.76804],[87.8378,24.76776],[87.83613,24.7682],[87.83598,24.77832],[87.84024,24.77783],[87.84086,24.7814],[87.8421,24.7857],[87.84077,24.78637],[87.84071,24.78941],[87.83734,24.79019],[87.83573,24.78995],[87.83493,24.78826],[87.8332,24.78866],[87.8323,24.78652],[87.83159,24.78255],[87.83134,24.77465],[87.8306,24.77105],[87.82978,24.76947],[87.82796,24.77032],[87.82448,24.77051],[87.82266,24.76962],[87.82028,24.76527],[87.81719,24.76161],[87.81639,24.75969],[87.81656,24.75806],[87.81891,24.75727],[87.82291,24.75481],[87.82841,24.75507],[87.83131,24.75284],[87.83134,24.75018],[87.83221,24.74883],[87.83455,24.74892],[87.83672,24.74616],[87.84109,24.74355],[87.84302,24.74002],[87.84836,24.74033],[87.8514,24.73924],[87.85483,24.7372],[87.85716,24.73635],[87.85876,24.7346],[87.86058,24.7338],[87.86296,24.73446],[87.86561,24.73203],[87.86751,24.73294],[87.87413,24.73208],[87.87535,24.7332],[87.87594,24.73522],[87.87939,24.74035],[87.87855,24.74179],[87.88302,24.74132],[87.88553,24.73909],[87.88474,24.73725],[87.88735,24.73655],[87.88889,24.73372],[87.88821,24.73],[87.88846,24.72836],[87.89027,24.72756],[87.89001,24.72522],[87.89226,24.72555],[87.89528,24.72436],[87.89864,24.72369],[87.89984,24.72437],[87.90229,24.72431],[87.90486,24.72502],[87.9044,24.72237],[87.90734,24.72214],[87.90695,24.71792],[87.90724,24.71497],[87.90328,24.71464],[87.90098,24.71182],[87.90035,24.7101],[87.89992,24.70518],[87.90292,24.70514],[87.90185,24.69764],[87.90114,24.69412],[87.89806,24.68834],[87.89414,24.68701],[87.89308,24.68467],[87.89006,24.68345],[87.88775,24.67999],[87.88919,24.6767],[87.89071,24.67521],[87.89362,24.67435],[87.89712,24.67255],[87.90478,24.67244],[87.90901,24.67],[87.90844,24.66717],[87.91358,24.66595],[87.91661,24.66575],[87.91734,24.66251],[87.9163,24.65829],[87.91321,24.65553],[87.91185,24.65514],[87.91087,24.65342],[87.91094,24.6506],[87.91182,24.6479],[87.91263,24.64178],[87.91414,24.63771],[87.91127,24.63797],[87.90993,24.6314],[87.90641,24.6312],[87.90367,24.63161],[87.90044,24.63365],[87.89785,24.63385],[87.89543,24.63305],[87.89185,24.6341],[87.88984,24.63305],[87.88792,24.63034],[87.88864,24.62634],[87.89218,24.62593],[87.89727,24.6264],[87.90032,24.62559],[87.90075,24.62698],[87.90347,24.62776],[87.90577,24.62928],[87.90601,24.62362],[87.90603,24.61501],[87.90273,24.61428],[87.89616,24.61434],[87.89265,24.61354],[87.89,24.61446],[87.88684,24.61702],[87.8817,24.61688],[87.87876,24.61812],[87.87598,24.61457],[87.87837,24.61206],[87.88289,24.61219],[87.88498,24.61127],[87.8873,24.60778],[87.89233,24.60627],[87.89254,24.60975],[87.90426,24.61032],[87.91077,24.61043],[87.91129,24.60103],[87.91295,24.60078],[87.91303,24.59873],[87.91203,24.59754],[87.91405,24.59662],[87.91328,24.59346],[87.90868,24.58998],[87.90633,24.58873],[87.90433,24.58964],[87.9011,24.58938],[87.89947,24.58819],[87.89774,24.58491],[87.89509,24.58425],[87.89229,24.58445],[87.89174,24.58345],[87.89183,24.57806],[87.89149,24.57161],[87.89171,24.56866],[87.88977,24.56558],[87.89033,24.56433],[87.89046,24.56105],[87.89126,24.5574],[87.89123,24.55388],[87.88932,24.55103],[87.88977,24.54809],[87.89089,24.54692],[87.88985,24.54473],[87.8907,24.54289],[87.89237,24.54179],[87.8988,24.54068],[87.90159,24.5425],[87.90342,24.54249],[87.90709,24.54067],[87.9116,24.54225],[87.91558,24.5413],[87.91675,24.54274],[87.91986,24.54259],[87.92377,24.54397],[87.92384,24.54055],[87.92565,24.53928],[87.92749,24.53673],[87.92908,24.53651],[87.93131,24.53767],[87.93383,24.53582],[87.93486,24.53422],[87.9379,24.53137],[87.93794,24.52858],[87.93882,24.52675],[87.94049,24.52559],[87.93911,24.5206],[87.94036,24.51963],[87.94546,24.51919],[87.95005,24.518],[87.95013,24.51559],[87.94813,24.51472],[87.94675,24.51127],[87.94705,24.5076],[87.94453,24.50061],[87.94781,24.49964],[87.94721,24.49687],[87.94615,24.49469],[87.94387,24.49471],[87.94308,24.4901],[87.94494,24.48734],[87.94697,24.48894],[87.95014,24.4895],[87.95256,24.48781],[87.95469,24.48835],[87.9625,24.48711],[87.96472,24.4859],[87.9661,24.48366],[87.96444,24.48047],[87.965,24.47909],[87.96759,24.47747],[87.97103,24.47712],[87.97195,24.47546],[87.97414,24.47373],[87.97412,24.47167],[87.97545,24.46897],[87.97517,24.46577],[87.97378,24.46371],[87.97702,24.46152],[87.97667,24.45841],[87.97296,24.4564],[87.97233,24.45417],[87.97217,24.44751],[87.97397,24.44439],[87.97565,24.44011],[87.9746,24.43259],[87.97553,24.42771],[87.97504,24.42596],[87.97847,24.42302],[87.97763,24.41745],[87.97853,24.41462],[87.97653,24.41488],[87.97463,24.41401],[87.97558,24.41145],[87.97405,24.41076],[87.97178,24.40502],[87.97099,24.39825],[87.97254,24.39649],[87.97284,24.39389],[87.97097,24.39222],[87.97166,24.38903],[87.97006,24.38647],[87.96987,24.38227],[87.96927,24.37983],[87.97291,24.37801],[87.97353,24.37659],[87.9714,24.3724],[87.96896,24.3724],[87.967,24.37157],[87.95948,24.37339],[87.95746,24.36846],[87.95835,24.36692],[87.95684,24.36415],[87.95562,24.36371],[87.95487,24.35947],[87.95582,24.35474],[87.95797,24.35076],[87.95689,24.34842],[87.95707,24.3423],[87.95884,24.33898],[87.9599,24.33915],[87.9636,24.33771],[87.96283,24.33687],[87.96384,24.3348],[87.96705,24.337],[87.97043,24.33629],[87.97071,24.33784],[87.97256,24.33836],[87.97447,24.33688],[87.97657,24.33875],[87.97798,24.33716],[87.98023,24.3379],[87.98137,24.33751],[87.98166,24.33558],[87.9803,24.33489],[87.98164,24.33337],[87.98322,24.33316],[87.98571,24.33453],[87.98635,24.33263],[87.98843,24.33126],[87.99203,24.33063],[87.99103,24.32821],[87.9923,24.32605],[87.99558,24.32337],[87.99675,24.32135],[87.99497,24.32072],[87.99699,24.31835],[87.99446,24.31826],[87.99142,24.31566],[87.99119,24.31479],[87.99452,24.31297],[87.99744,24.31342],[88.00114,24.31318],[88.00294,24.31434],[88.00454,24.31301],[88.00607,24.31317],[88.00746,24.31458],[88.00934,24.31297],[88.01199,24.31454],[88.01434,24.30938],[88.01635,24.31094],[88.01774,24.31037],[88.01639,24.30807],[88.01652,24.30511],[88.01588,24.30329],[88.01417,24.30173],[88.01524,24.30004],[88.01521,24.2985],[88.01632,24.29602],[88.01542,24.29398],[88.01922,24.2913],[88.01706,24.28845],[88.0137,24.28721],[88.01282,24.28456],[88.01522,24.28472],[88.01604,24.28293],[88.01592,24.27997],[88.01713,24.27928],[88.01669,24.27563],[88.01754,24.2719],[88.01717,24.26972],[88.01916,24.2688],[88.01917,24.26687],[88.02233,24.26498],[88.02227,24.26295],[88.02504,24.26154],[88.02408,24.25585],[88.02283,24.25484],[88.02231,24.25059],[88.02241,24.24838],[88.02476,24.24816],[88.02321,24.24482],[88.01943,24.24289],[88.01689,24.24354],[88.01444,24.24244],[88.01006,24.24394],[88.00652,24.24319],[88.00319,24.24388],[87.99722,24.24303],[87.99696,24.24051],[87.99771,24.23813],[87.9957,24.23227],[87.99765,24.23065],[87.99768,24.22754],[88,24.22617],[88.00207,24.22677],[88.0042,24.22598],[88.00591,24.2236],[88.00496,24.22152],[88.00603,24.21957],[88.00376,24.21952],[88.00204,24.21844],[88.00218,24.21604],[88.00325,24.21505],[88.00094,24.21397],[88,24.21152],[87.99801,24.2111],[87.99492,24.2082],[87.99251,24.208],[87.99138,24.2065],[87.99014,24.2085],[87.99188,24.21016],[87.99036,24.21307],[87.98667,24.2128],[87.98662,24.21087],[87.98942,24.21061],[87.989,24.20555],[87.98616,24.19977],[87.98485,24.19372],[87.98321,24.19135],[87.98138,24.19042],[87.97885,24.19068],[87.97638,24.19157],[87.97356,24.19441],[87.9704,24.19098],[87.9673,24.18938],[87.96428,24.19057],[87.95737,24.19005],[87.95326,24.19242],[87.95061,24.1934],[87.949,24.19321],[87.94756,24.19592],[87.94563,24.19536],[87.94112,24.19613],[87.93746,24.19765],[87.93734,24.19945],[87.93498,24.19929],[87.93433,24.20063],[87.93082,24.20024],[87.92668,24.19877],[87.92646,24.19704],[87.92457,24.19558],[87.92182,24.19529],[87.92026,24.19143],[87.92014,24.18847],[87.92257,24.18753],[87.92232,24.18513],[87.92482,24.18447],[87.92958,24.18502],[87.93015,24.18256],[87.93243,24.18126],[87.9353,24.18126],[87.93575,24.18021],[87.93297,24.17696],[87.93186,24.17441],[87.92997,24.17503],[87.92841,24.17237],[87.92593,24.17321],[87.92415,24.16971],[87.92204,24.16927],[87.92036,24.16753],[87.91894,24.16794],[87.91487,24.16461],[87.91467,24.16325],[87.91219,24.16242],[87.90989,24.16229],[87.90925,24.16406],[87.90669,24.16614],[87.90528,24.16538],[87.90525,24.16309],[87.90181,24.16277],[87.89936,24.16184],[87.89969,24.15874],[87.90291,24.15845],[87.90308,24.15392],[87.89765,24.15381],[87.89899,24.15045],[87.89686,24.14636],[87.8987,24.14365],[87.90234,24.14403],[87.90276,24.14283],[87.90759,24.14303],[87.90861,24.14381],[87.91024,24.13723],[87.91024,24.1348],[87.90863,24.13392],[87.90704,24.13164],[87.90479,24.12953],[87.90519,24.12694],[87.90432,24.12591],[87.90187,24.12673],[87.89956,24.12218],[87.89635,24.11798],[87.89501,24.1172],[87.89261,24.11713],[87.89105,24.11574],[87.89202,24.11417],[87.89343,24.11494],[87.89514,24.11369],[87.89482,24.11183],[87.89603,24.11133],[87.89601,24.10915],[87.89491,24.10683],[87.8967,24.10505],[87.90257,24.10428],[87.90396,24.1061],[87.908,24.1073],[87.90797,24.10453],[87.90911,24.10289],[87.91246,24.0998],[87.91053,24.09534],[87.90906,24.09461],[87.90978,24.09127],[87.90604,24.09158],[87.90198,24.091],[87.89928,24.0897],[87.89983,24.08704],[87.89956,24.08526],[87.89664,24.08199],[87.89537,24.08161],[87.89426,24.07569],[87.89545,24.0749],[87.89503,24.07225],[87.89374,24.06778],[87.89671,24.0665],[87.89678,24.06439],[87.8978,24.06132],[87.89795,24.05838],[87.89726,24.05072],[87.89575,24.0476],[87.89682,24.04517],[87.89313,24.04358],[87.89218,24.04394],[87.88731,24.04374],[87.88235,24.04297],[87.87852,24.0412],[87.87475,24.04004],[87.87388,24.03628],[87.87366,24.03246],[87.86971,24.02926],[87.86968,24.02766],[87.86582,24.02721],[87.86491,24.02618],[87.86278,24.02664],[87.86042,24.02614],[87.85986,24.02297],[87.85998,24.0207],[87.86172,24.01931],[87.86503,24.01847],[87.86889,24.01688],[87.86927,24.01124],[87.86779,24.01054],[87.86662,24.00849],[87.86539,24.00492],[87.86507,24.00255],[87.86413,24.00114],[87.86142,24.00061],[87.86061,23.99934],[87.85762,23.9987],[87.85629,23.99036],[87.85834,23.98847],[87.8606,23.98451],[87.85827,23.98264],[87.85913,23.98102],[87.85848,23.97568],[87.85669,23.97482],[87.8563,23.9731],[87.85333,23.97334],[87.85097,23.97287],[87.84786,23.97135],[87.84916,23.9671],[87.86056,23.96495],[87.86393,23.95955],[87.86308,23.958],[87.86151,23.95064],[87.86105,23.94673],[87.865,23.94342],[87.86714,23.94347],[87.86736,23.94148],[87.86645,23.93752],[87.86519,23.9351],[87.86157,23.93356],[87.86089,23.92864],[87.86243,23.92772],[87.862,23.92604],[87.8657,23.92251],[87.86652,23.92086],[87.86609,23.91924],[87.86401,23.91878],[87.86003,23.92092],[87.85833,23.92023],[87.85702,23.91779],[87.85417,23.91785],[87.85198,23.91645],[87.84855,23.91584],[87.84416,23.91625],[87.84324,23.91446],[87.84406,23.91189],[87.84284,23.90961],[87.84385,23.90846],[87.84316,23.90509],[87.84557,23.90434],[87.84582,23.90338],[87.84879,23.90186],[87.8484,23.89923],[87.84639,23.89501],[87.84632,23.89352],[87.8479,23.88841],[87.85059,23.88768],[87.85297,23.88602],[87.8522,23.88392],[87.85321,23.88251],[87.85672,23.8829],[87.86217,23.8812],[87.86367,23.87836],[87.86231,23.8755],[87.85858,23.87355],[87.85822,23.87216],[87.86188,23.87085],[87.86543,23.87111],[87.86758,23.87174],[87.86986,23.86978],[87.86939,23.86837],[87.87016,23.86695],[87.86987,23.86203],[87.87027,23.86002],[87.87317,23.8585],[87.87515,23.85494],[87.87726,23.85478],[87.87719,23.8586],[87.87934,23.86015],[87.88454,23.86147],[87.88633,23.86243],[87.8869,23.86006],[87.88536,23.85659],[87.88672,23.85544],[87.89106,23.84914],[87.89027,23.84419],[87.88915,23.84132],[87.89055,23.84],[87.89306,23.83931],[87.89575,23.83941],[87.90037,23.83835],[87.90344,23.83868],[87.90408,23.84356],[87.90478,23.84529],[87.91161,23.84508],[87.91418,23.84424],[87.91531,23.84178],[87.91823,23.84164],[87.91869,23.84316],[87.92563,23.84095],[87.92727,23.83776],[87.93049,23.8367],[87.93104,23.83506],[87.93478,23.83371],[87.93399,23.83153],[87.93159,23.83157],[87.92905,23.82673],[87.9297,23.82571],[87.94421,23.82014],[87.94611,23.81909],[87.94704,23.81723],[87.94876,23.81634],[87.94918,23.81259],[87.95051,23.8122],[87.95483,23.80913],[87.9576,23.81063],[87.96575,23.80921],[87.96507,23.80508],[87.96652,23.80495],[87.96688,23.80771],[87.96721,23.81607],[87.96662,23.82457],[87.96995,23.82588],[87.97127,23.82802],[87.97149,23.831],[87.97477,23.83189],[87.97384,23.83426],[87.96735,23.83485],[87.9661,23.83597],[87.96646,23.83804],[87.96874,23.83948],[87.969,23.8408],[87.96642,23.84159],[87.96857,23.84435],[87.97178,23.84451],[87.97194,23.84096],[87.97617,23.84115],[87.97742,23.84388],[87.98012,23.84452],[87.98381,23.84241],[87.98819,23.84055],[87.99179,23.84204],[87.99749,23.84203],[87.9992,23.83993],[88.00059,23.83966],[88.00668,23.84461],[88.01009,23.84222],[88.01397,23.83811],[88.01609,23.83725],[88.01789,23.83288],[88.01748,23.83163],[88.01825,23.82889],[88.01973,23.82802],[88.02306,23.8281],[88.0244,23.82589],[88.02556,23.82129],[88.0286,23.81955],[88.02972,23.81781],[88.0297,23.81558],[88.02785,23.81333],[88.02699,23.81138],[88.02729,23.80952],[88.02936,23.80794],[88.03055,23.80527],[88.03095,23.80114],[88.03066,23.79669],[88.03923,23.79467],[88.03915,23.79341],[88.04162,23.79174],[88.04525,23.79045],[88.04646,23.78936],[88.04681,23.78736],[88.04633,23.78444],[88.04773,23.78309],[88.05968,23.78129],[88.05984,23.78032],[88.05902,23.77361],[88.05833,23.77228],[88.0552,23.7717],[88.05302,23.77187],[88.05114,23.77352],[88.04676,23.77355],[88.04577,23.77281],[88.04122,23.77362],[88.04135,23.77117],[88.03927,23.77065],[88.03885,23.7685],[88.03659,23.76526],[88.03603,23.76212],[88.03677,23.75938],[88.03848,23.75924],[88.03907,23.75766],[88.0395,23.75231],[88.03928,23.75064],[88.04004,23.74873],[88.03992,23.74567],[88.04655,23.74498],[88.04676,23.74137],[88.04955,23.74062],[88.05176,23.73908],[88.05274,23.73166],[88.05265,23.72726],[88.05503,23.72647],[88.05774,23.72385],[88.06007,23.72346],[88.06029,23.72233],[88.06441,23.72598],[88.06713,23.72476],[88.07443,23.72465],[88.07551,23.72381],[88.08073,23.72316],[88.0801,23.72556],[88.08095,23.72624],[88.08416,23.72504],[88.0858,23.72895],[88.08795,23.73214],[88.08836,23.73467],[88.09263,23.7358],[88.09376,23.739],[88.09295,23.74106],[88.09383,23.74315],[88.09416,23.75005],[88.09363,23.75231],[88.09619,23.75221],[88.10554,23.75385],[88.10942,23.75249],[88.11346,23.75229],[88.115,23.74922],[88.11936,23.7497],[88.1191,23.7507],[88.12116,23.7521],[88.12318,23.75179],[88.12385,23.75068],[88.12762,23.74686],[88.12828,23.74431],[88.13108,23.74269],[88.13226,23.74062],[88.12899,23.7403],[88.12882,23.73755],[88.13238,23.73684],[88.13296,23.73383],[88.13514,23.73556],[88.13669,23.73564],[88.13743,23.73724],[88.13958,23.73725],[88.1409,23.73412],[88.1425,23.73318],[88.14522,23.73325],[88.14577,23.73416],[88.14888,23.73412],[88.15059,23.73507],[88.15333,23.73548],[88.15553,23.73661],[88.15667,23.74394],[88.1581,23.74822],[88.15806,23.75113],[88.16258,23.75571],[88.16858,23.75591],[88.17128,23.75652],[88.17794,23.75907],[88.17855,23.76216],[88.18099,23.7626],[88.1824,23.76621],[88.18595,23.76851],[88.18678,23.77005],[88.18874,23.77015],[88.19162,23.76705],[88.19491,23.76559],[88.19873,23.76868],[88.20217,23.76989],[88.20694,23.76732],[88.20995,23.76536],[88.21557,23.7606],[88.21858,23.75909],[88.2229,23.75842],[88.22625,23.75862],[88.23155,23.75968],[88.2341,23.7609],[88.23959,23.76474],[88.24136,23.76727],[88.24144,23.76835],[88.23801,23.77501],[88.23479,23.7845],[88.23472,23.79125],[88.23419,23.79626],[88.23494,23.80142],[88.23736,23.8048],[88.24026,23.80383],[88.25,23.80432],[88.25173,23.80156],[88.2577,23.8024],[88.25887,23.80354],[88.2599,23.80685],[88.26291,23.80744],[88.26368,23.80892],[88.26548,23.80987],[88.2685,23.81048],[88.26887,23.81218],[88.27178,23.80904],[88.27616,23.80827],[88.27776,23.80722],[88.28271,23.80624],[88.28841,23.80556],[88.29086,23.80606],[88.29464,23.8052],[88.29564,23.8056],[88.29582,23.81079],[88.29821,23.81036],[88.30366,23.81091],[88.30712,23.80982],[88.30912,23.80977],[88.31075,23.8083],[88.31513,23.80724],[88.31855,23.80802],[88.3195,23.80924],[88.31887,23.81078],[88.31887,23.81365],[88.31792,23.81689],[88.31918,23.81893],[88.31949,23.8231],[88.32529,23.82155],[88.33224,23.82223],[88.3383,23.82126],[88.34546,23.82216],[88.34844,23.82222],[88.35027,23.82422],[88.35102,23.82621],[88.35162,23.83043],[88.35337,23.82698],[88.35766,23.82614],[88.36286,23.8258],[88.36322,23.82334],[88.3643,23.82285],[88.36783,23.82362],[88.36683,23.81861],[88.36795,23.81699],[88.36996,23.81568],[88.37245,23.81567],[88.37762,23.81377],[88.38342,23.81364],[88.38616,23.8148],[88.38698,23.81711],[88.38656,23.81962],[88.38773,23.8221],[88.39581,23.82081],[88.40045,23.82083],[88.4028,23.82149],[88.40774,23.82183],[88.40887,23.82057],[88.40797,23.81876],[88.40941,23.81714],[88.40859,23.81545],[88.40621,23.81504],[88.40785,23.81083],[88.41034,23.80872],[88.4098,23.80583],[88.41858,23.80396],[88.4207,23.80773],[88.42316,23.81507],[88.42712,23.82275],[88.42896,23.82537],[88.43286,23.83585],[88.43411,23.83814],[88.43526,23.84189],[88.43956,23.84935],[88.44283,23.85348],[88.44628,23.85572],[88.44824,23.85631],[88.4506,23.85537],[88.45577,23.84913],[88.45701,23.84638],[88.45773,23.84287],[88.45757,23.83964],[88.45666,23.83669],[88.45468,23.83368],[88.44853,23.82815],[88.44773,23.82625],[88.44892,23.82451],[88.45137,23.82334],[88.45931,23.82394],[88.46451,23.82365],[88.47225,23.82206],[88.47662,23.82195],[88.478,23.82393],[88.47886,23.82809],[88.47832,23.82975],[88.47474,23.83489],[88.47373,23.837],[88.47367,23.8397],[88.47534,23.84435],[88.47696,23.84986],[88.4775,23.85354],[88.4775,23.85775],[88.4759,23.86536],[88.47406,23.87048],[88.46836,23.88031],[88.46295,23.88864],[88.46609,23.89127],[88.46773,23.89206],[88.4777,23.90041],[88.48216,23.90318],[88.4858,23.90297],[88.48788,23.90108],[88.4909,23.8963],[88.49346,23.89327],[88.49739,23.88931],[88.50237,23.88561],[88.50487,23.88517],[88.50708,23.88652],[88.50908,23.88864],[88.51014,23.8909],[88.51086,23.89559],[88.5102,23.89944],[88.50703,23.90524],[88.50367,23.90706],[88.49739,23.91096],[88.49246,23.91255],[88.48649,23.91363],[88.47735,23.91584],[88.47349,23.91661],[88.46684,23.91888],[88.46336,23.92057],[88.4613,23.92205],[88.45804,23.9253],[88.45718,23.92696],[88.45817,23.92963],[88.46673,23.94018],[88.47055,23.94196],[88.47242,23.9415],[88.47578,23.93847],[88.48015,23.9357],[88.48562,23.93506],[88.49007,23.93621],[88.49218,23.93716],[88.49513,23.94083],[88.4964,23.94424],[88.49705,23.94987],[88.49899,23.9509],[88.50217,23.94943],[88.5056,23.94876],[88.50785,23.94948],[88.50951,23.9514],[88.51078,23.95619],[88.51273,23.9568],[88.51472,23.95573],[88.51925,23.95142],[88.5213,23.95047],[88.52265,23.95068],[88.52456,23.95417],[88.52487,23.95792],[88.52416,23.96492],[88.52282,23.97057],[88.52118,23.97456],[88.51885,23.97809],[88.51512,23.98185],[88.5136,23.98411],[88.51161,23.98888],[88.51241,23.99281],[88.5139,23.99408],[88.51855,23.99548],[88.51974,23.99538],[88.52551,23.99358],[88.52915,23.9929],[88.53365,23.99302],[88.53734,23.99411],[88.54175,23.99675],[88.54387,23.99982],[88.54491,24.00568],[88.54628,24.01133],[88.54951,24.02145],[88.54992,24.02502],[88.54982,24.0285],[88.54843,24.03526],[88.54974,24.039],[88.55351,24.04098],[88.55634,24.04141],[88.55886,24.04087],[88.56221,24.03949],[88.56685,24.0364],[88.57091,24.0345],[88.57698,24.0331],[88.57878,24.0324],[88.58289,24.02948],[88.59031,24.02081],[88.59095,24.01758],[88.59072,24.01337],[88.5922,24.00678],[88.59468,24.00161],[88.59704,23.99884],[88.60276,23.99403],[88.60664,23.9903],[88.60962,23.98666],[88.6113,23.98513],[88.61587,23.98259],[88.62062,23.98225],[88.62387,23.98289],[88.62872,23.98498],[88.63284,23.98892],[88.63522,23.99186],[88.63909,23.99896],[88.64213,24.0038],[88.6485,24.00728],[88.64938,24.00871],[88.65031,24.01215],[88.65022,24.01429],[88.6484,24.01913],[88.64713,24.02076],[88.64462,24.0226],[88.64202,24.02314],[88.63804,24.02295],[88.63339,24.02382],[88.63203,24.02507],[88.63077,24.02811],[88.63072,24.03069],[88.63146,24.03395],[88.63754,24.04086],[88.64026,24.04319],[88.64551,24.04984],[88.64716,24.0535],[88.64715,24.05884],[88.64789,24.06266],[88.6507,24.06906],[88.65179,24.0702],[88.65398,24.07099],[88.65679,24.07334],[88.66358,24.07343],[88.66522,24.07376],[88.67198,24.07745],[88.67465,24.07816],[88.67845,24.077],[88.68022,24.07699],[88.68171,24.07874],[88.68177,24.0801],[88.68057,24.08204],[88.67735,24.0832],[88.67484,24.08349],[88.66699,24.08179],[88.66742,24.08378],[88.66865,24.08539],[88.67914,24.08765],[88.6854,24.08945],[88.68986,24.09242],[88.69181,24.0931],[88.69467,24.09269],[88.70031,24.09461],[88.70143,24.10395],[88.70085,24.10814],[88.69997,24.10954],[88.69811,24.11037],[88.69468,24.10956],[88.69319,24.11115],[88.69489,24.11426],[88.69541,24.11649],[88.69748,24.12053],[88.70102,24.12168],[88.7047,24.11945],[88.707,24.11914],[88.7085,24.11996],[88.73014,24.13546],[88.74649,24.14706],[88.74401,24.15056],[88.74338,24.15208],[88.74133,24.16052],[88.74034,24.16331],[88.73654,24.16681],[88.73346,24.169],[88.73158,24.17159],[88.73146,24.17749],[88.73348,24.19319],[88.73341,24.19547],[88.73407,24.19963],[88.73421,24.20647],[88.73526,24.2115],[88.7348,24.21367],[88.73499,24.21897],[88.7345,24.22223],[88.73614,24.22852],[88.73702,24.23565],[88.73908,24.24693],[88.74061,24.25127],[88.74096,24.25392],[88.73903,24.25946],[88.73777,24.26103],[88.73816,24.26551],[88.73735,24.27006],[88.7358,24.27303],[88.73544,24.2765],[88.73391,24.27902],[88.7315,24.28503],[88.72929,24.28979],[88.72675,24.29312],[88.72478,24.29779],[88.72207,24.29993],[88.71432,24.30451],[88.70623,24.3117],[88.69659,24.31535],[88.69438,24.31555],[88.68135,24.31587],[88.67001,24.31441],[88.66424,24.31473],[88.66119,24.31402],[88.65899,24.31439],[88.65253,24.30503],[88.64984,24.30562],[88.64893,24.31092],[88.64736,24.31086],[88.64166,24.3086],[88.63429,24.30686],[88.63289,24.30799],[88.62849,24.30509],[88.62718,24.30827],[88.62356,24.31568],[88.61506,24.3147],[88.60669,24.31515],[88.6061,24.31026],[88.60332,24.3101],[88.59531,24.31207],[88.58774,24.31453],[88.58719,24.32405],[88.57357,24.32577],[88.56769,24.32665],[88.56537,24.31989],[88.56311,24.31638],[88.56148,24.31214],[88.55513,24.29334],[88.54686,24.30843],[88.5416,24.31775],[88.52712,24.34438],[88.51861,24.34243],[88.5079,24.34248],[88.50365,24.34645],[88.49662,24.35342],[88.49601,24.35443],[88.48879,24.3552],[88.48371,24.35702],[88.47157,24.36307],[88.4685,24.36475],[88.4611,24.36943],[88.4518,24.37555],[88.44643,24.37858],[88.43368,24.38276],[88.43034,24.38373],[88.4249,24.38319],[88.41965,24.38144],[88.41299,24.37748],[88.41227,24.37681],[88.40165,24.37442],[88.39899,24.37409],[88.39493,24.37269],[88.38934,24.37188],[88.38684,24.37217],[88.38014,24.37425],[88.3743,24.37388],[88.36978,24.37313],[88.36661,24.37297],[88.3643,24.37339],[88.35834,24.37347],[88.35564,24.37389],[88.34529,24.37655],[88.33565,24.38052],[88.32827,24.38487],[88.32577,24.38774],[88.31794,24.39459],[88.31547,24.39575],[88.31094,24.40145],[88.3027,24.40721],[88.29415,24.414],[88.28899,24.41879],[88.28493,24.42216],[88.28358,24.42586],[88.2814,24.42971],[88.27713,24.43491],[88.2755,24.4378],[88.27192,24.44058],[88.26616,24.4437],[88.26328,24.44597],[88.25888,24.44716],[88.24895,24.44825],[88.24333,24.45019],[88.23723,24.45293],[88.2331,24.45371],[88.22751,24.4555],[88.22022,24.45657],[88.21456,24.45676],[88.20596,24.4592],[88.20443,24.45936],[88.2002,24.46188],[88.1984,24.4625],[88.19319,24.46648],[88.19133,24.46845],[88.19116,24.47127],[88.18997,24.47417],[88.18497,24.48151],[88.18046,24.48612],[88.17568,24.49041],[88.17355,24.49305],[88.16671,24.49788],[88.16292,24.49949],[88.15827,24.5021],[88.15371,24.50372],[88.14953,24.50379],[88.14713,24.50687],[88.14076,24.51124],[88.13642,24.51664],[88.13271,24.52035],[88.13032,24.52337],[88.12427,24.52847],[88.12007,24.53365],[88.11695,24.53625],[88.11453,24.53767],[88.1092,24.54344],[88.10562,24.54624],[88.09692,24.55645],[88.08947,24.56686],[88.08789,24.57199],[88.08456,24.57757],[88.08277,24.5817],[88.07549,24.59227],[88.07113,24.59789],[88.06919,24.60328],[88.06196,24.61336],[88.05701,24.61876],[88.05234,24.62513],[88.04316,24.63922],[88.04118,24.64331],[88.03946,24.64481],[88.0337,24.64713],[88.02794,24.64984],[88.02366,24.65539],[88.01227,24.66462],[88.0088,24.66789]]]},"properties":{"OBJECTID":534,"dtname":"Murshidabad","stname":"West Bengal","stcode11":"19","dtcode11":"333","year_stat":"2011_c","dist_lgd":319,"state_lgd":19,"SHAPE_Length":659460.0590098796,"SHAPE_Area":6452892600.093872,"remarks":" ","d_pan_code":278,"d_pan_name":"Murshidabad","New_Name":"Murshidabad","mached":"-1"},"id":534},
{"type":"Feature","geometry":{"type":"Polygon","coordinates":[[[88.75189,23.24019],[88.74984,23.2422],[88.74691,23.24418],[88.73859,23.24689],[88.73641,23.24697],[88.73135,23.24917],[88.727,23.25232],[88.72325,23.25401],[88.71904,23.25473],[88.71862,23.25612],[88.7198,23.2582],[88.72129,23.26412],[88.72442,23.27153],[88.72273,23.27345],[88.71741,23.27405],[88.71437,23.27531],[88.71138,23.27822],[88.71102,23.27977],[88.71184,23.282],[88.71177,23.28594],[88.71045,23.28851],[88.70652,23.2915],[88.70349,23.29194],[88.69833,23.29133],[88.69708,23.29336],[88.69708,23.29802],[88.69628,23.30175],[88.69852,23.30451],[88.7019,23.30641],[88.70655,23.30999],[88.70851,23.31253],[88.70985,23.31289],[88.7122,23.3123],[88.71264,23.31074],[88.70916,23.30962],[88.70739,23.30823],[88.70624,23.30511],[88.70798,23.30364],[88.71122,23.30566],[88.71377,23.30596],[88.71943,23.3039],[88.71969,23.30137],[88.71877,23.29856],[88.72091,23.29751],[88.72464,23.2983],[88.72657,23.29953],[88.72741,23.30291],[88.72667,23.30843],[88.72695,23.31416],[88.72494,23.31826],[88.73042,23.31958],[88.73164,23.3189],[88.73077,23.3165],[88.72871,23.31324],[88.72943,23.31062],[88.7318,23.30803],[88.73491,23.3061],[88.73705,23.30527],[88.74055,23.30496],[88.74236,23.3055],[88.7453,23.30782],[88.74579,23.30961],[88.74564,23.31273],[88.74606,23.31507],[88.74971,23.32114],[88.74933,23.32199],[88.74597,23.32397],[88.74488,23.3268],[88.7437,23.32791],[88.74154,23.32811],[88.73556,23.3274],[88.73266,23.32807],[88.73488,23.33329],[88.73497,23.33732],[88.73636,23.34004],[88.73881,23.3425],[88.73829,23.34495],[88.73694,23.34615],[88.73318,23.34704],[88.73235,23.34882],[88.73203,23.35199],[88.73434,23.35328],[88.74051,23.34972],[88.74357,23.34876],[88.74616,23.34914],[88.74651,23.35059],[88.74385,23.35373],[88.74402,23.35508],[88.74638,23.35633],[88.74663,23.35838],[88.74786,23.36214],[88.74989,23.36244],[88.75328,23.36162],[88.75597,23.36004],[88.7577,23.35979],[88.75956,23.36064],[88.7632,23.36441],[88.76543,23.36788],[88.76555,23.36884],[88.76369,23.37201],[88.7621,23.37322],[88.75854,23.37411],[88.76038,23.37633],[88.75904,23.37676],[88.7592,23.38057],[88.76087,23.38063],[88.76136,23.38443],[88.75872,23.3851],[88.75691,23.3862],[88.75639,23.38841],[88.75405,23.38873],[88.75257,23.3913],[88.75428,23.39363],[88.75439,23.39508],[88.75033,23.39643],[88.74897,23.39841],[88.74926,23.40055],[88.75095,23.40266],[88.75335,23.4021],[88.75904,23.40594],[88.7608,23.4075],[88.76115,23.4102],[88.75899,23.41054],[88.75799,23.4118],[88.75847,23.41312],[88.75456,23.41419],[88.75446,23.41563],[88.75646,23.42267],[88.75807,23.42449],[88.76018,23.42417],[88.76079,23.42791],[88.75963,23.42861],[88.76255,23.43671],[88.76194,23.43836],[88.76325,23.44178],[88.76348,23.44417],[88.76506,23.44735],[88.76497,23.44854],[88.76872,23.44843],[88.77032,23.44625],[88.7718,23.44658],[88.77376,23.44511],[88.77857,23.4431],[88.78,23.44155],[88.78004,23.43866],[88.78231,23.44037],[88.78388,23.4395],[88.78404,23.44247],[88.78477,23.44417],[88.78733,23.44329],[88.78933,23.44423],[88.79333,23.44414],[88.79384,23.44681],[88.79058,23.44879],[88.79196,23.45129],[88.7908,23.45165],[88.79174,23.45439],[88.78953,23.4591],[88.79285,23.46105],[88.79027,23.46162],[88.79078,23.46288],[88.78919,23.46428],[88.78886,23.46634],[88.78757,23.46732],[88.78731,23.46908],[88.789,23.46988],[88.7909,23.4719],[88.78974,23.47293],[88.79294,23.47744],[88.79412,23.48101],[88.79641,23.48161],[88.7998,23.48327],[88.79952,23.48515],[88.7963,23.48655],[88.79666,23.48825],[88.79933,23.4917],[88.79796,23.4934],[88.79795,23.4955],[88.80079,23.49712],[88.79985,23.49837],[88.79534,23.50103],[88.79495,23.50216],[88.792,23.50281],[88.78977,23.50173],[88.7875,23.49766],[88.78531,23.49682],[88.78331,23.49901],[88.78391,23.50227],[88.77901,23.5003],[88.77639,23.49982],[88.77328,23.49861],[88.77134,23.49655],[88.76963,23.49217],[88.76824,23.49011],[88.7685,23.48828],[88.77127,23.48698],[88.77501,23.48239],[88.77489,23.47981],[88.76981,23.47986],[88.76669,23.48196],[88.76516,23.48418],[88.76321,23.48879],[88.76055,23.4899],[88.75787,23.48886],[88.75714,23.48787],[88.75715,23.48521],[88.75996,23.48269],[88.76171,23.48025],[88.76091,23.47839],[88.75812,23.47795],[88.75482,23.47862],[88.75177,23.47986],[88.7491,23.48178],[88.7463,23.48294],[88.745,23.48066],[88.7433,23.48234],[88.74439,23.48302],[88.74297,23.48466],[88.74166,23.48806],[88.73857,23.49091],[88.73194,23.49587],[88.73088,23.49488],[88.72957,23.4964],[88.7312,23.49832],[88.7304,23.50373],[88.72806,23.50787],[88.72513,23.51183],[88.72337,23.51295],[88.72136,23.51209],[88.71879,23.51193],[88.71586,23.50888],[88.71424,23.50867],[88.71233,23.50976],[88.70823,23.51488],[88.70572,23.51726],[88.70276,23.51685],[88.70006,23.51556],[88.69575,23.51731],[88.69537,23.52013],[88.69649,23.52396],[88.69498,23.52575],[88.6929,23.5241],[88.6915,23.52538],[88.69173,23.5307],[88.68867,23.53151],[88.68706,23.53082],[88.68515,23.52891],[88.68393,23.52985],[88.6859,23.53231],[88.68618,23.5378],[88.68289,23.54149],[88.67998,23.54383],[88.67796,23.54612],[88.67371,23.54883],[88.66983,23.54729],[88.66716,23.5458],[88.66334,23.54784],[88.66014,23.54912],[88.66019,23.55284],[88.65705,23.55487],[88.65392,23.55779],[88.65358,23.55976],[88.65502,23.56245],[88.65478,23.56391],[88.65258,23.56781],[88.65245,23.57006],[88.65103,23.57325],[88.65055,23.5763],[88.64843,23.58098],[88.6509,23.5836],[88.65056,23.58537],[88.64741,23.58691],[88.64517,23.58897],[88.6441,23.59154],[88.63876,23.59074],[88.63928,23.59279],[88.63922,23.5968],[88.63838,23.59769],[88.64198,23.60013],[88.64381,23.60398],[88.64363,23.60694],[88.64611,23.60845],[88.64518,23.60938],[88.64308,23.60864],[88.64066,23.60911],[88.64091,23.61022],[88.63823,23.61074],[88.6371,23.60674],[88.63317,23.60924],[88.631,23.60819],[88.63006,23.60911],[88.62772,23.60654],[88.62494,23.60688],[88.62157,23.60475],[88.62104,23.60263],[88.61557,23.60233],[88.61379,23.60336],[88.61037,23.60206],[88.60916,23.60054],[88.60484,23.60044],[88.60721,23.60448],[88.60151,23.60685],[88.60661,23.60996],[88.60627,23.61036],[88.59863,23.60588],[88.59684,23.60529],[88.59642,23.60366],[88.59719,23.60195],[88.59223,23.60252],[88.5901,23.60341],[88.58794,23.60342],[88.58702,23.60258],[88.583,23.60385],[88.58047,23.60309],[88.58051,23.60555],[88.58133,23.60987],[88.5833,23.61107],[88.58346,23.61256],[88.58483,23.61315],[88.58532,23.61654],[88.58777,23.61552],[88.59383,23.61697],[88.59269,23.62038],[88.59301,23.62174],[88.5926,23.62739],[88.59298,23.63134],[88.59428,23.63227],[88.59271,23.63456],[88.59278,23.6368],[88.59376,23.64081],[88.58935,23.64103],[88.58826,23.63978],[88.58623,23.6391],[88.58185,23.63916],[88.57874,23.6384],[88.57556,23.63876],[88.57193,23.63626],[88.56217,23.63709],[88.56277,23.64043],[88.56297,23.64494],[88.56266,23.64644],[88.56053,23.64687],[88.55999,23.64879],[88.55854,23.64932],[88.55988,23.65147],[88.56053,23.65395],[88.56162,23.65364],[88.56275,23.65764],[88.56626,23.65685],[88.56699,23.65882],[88.56961,23.65999],[88.5701,23.66218],[88.5694,23.66362],[88.56943,23.66606],[88.57131,23.66688],[88.57382,23.66694],[88.57266,23.66974],[88.57221,23.67375],[88.57408,23.67466],[88.57479,23.67702],[88.57412,23.68072],[88.57281,23.68391],[88.5729,23.68508],[88.56753,23.68618],[88.56776,23.6893],[88.56875,23.6893],[88.5676,23.69395],[88.56836,23.69583],[88.56714,23.69982],[88.56771,23.70232],[88.56592,23.70579],[88.56606,23.70822],[88.5653,23.70889],[88.56473,23.71307],[88.56784,23.71476],[88.56727,23.71906],[88.56886,23.72032],[88.56835,23.7257],[88.56943,23.72821],[88.5731,23.72891],[88.57369,23.73297],[88.57613,23.73343],[88.57663,23.73563],[88.57528,23.73824],[88.57367,23.7381],[88.57429,23.73371],[88.57173,23.73449],[88.57213,23.73944],[88.57429,23.73968],[88.57372,23.74247],[88.57157,23.74653],[88.57008,23.74808],[88.5727,23.74847],[88.57413,23.7496],[88.57487,23.75266],[88.57733,23.75578],[88.57792,23.75756],[88.58041,23.75789],[88.58071,23.75986],[88.58027,23.76382],[88.5804,23.76726],[88.57925,23.76953],[88.57957,23.7747],[88.57802,23.77519],[88.5716,23.77508],[88.56786,23.77661],[88.56503,23.77729],[88.56312,23.77853],[88.56286,23.77971],[88.5598,23.78089],[88.5594,23.7833],[88.55652,23.78443],[88.5593,23.78598],[88.56461,23.78475],[88.56711,23.78448],[88.57127,23.78303],[88.57326,23.78346],[88.57813,23.78658],[88.58049,23.78932],[88.5827,23.79114],[88.58111,23.79455],[88.58089,23.79613],[88.58264,23.79748],[88.58803,23.79665],[88.59234,23.79822],[88.59285,23.80084],[88.5919,23.80353],[88.59239,23.80448],[88.5962,23.80489],[88.59605,23.80639],[88.59361,23.80621],[88.59316,23.80796],[88.59138,23.80771],[88.58761,23.81047],[88.58837,23.81262],[88.59064,23.81257],[88.59037,23.8111],[88.59406,23.81121],[88.59545,23.80967],[88.59666,23.8113],[88.59846,23.8108],[88.59905,23.8128],[88.60149,23.81494],[88.60213,23.8178],[88.59966,23.82183],[88.58815,23.82799],[88.58652,23.83118],[88.58635,23.8341],[88.58712,23.83795],[88.5872,23.84392],[88.58842,23.84794],[88.59107,23.85042],[88.59159,23.85176],[88.59024,23.85381],[88.58671,23.85506],[88.58427,23.85505],[88.58216,23.85413],[88.58013,23.85174],[88.57848,23.85148],[88.57644,23.85496],[88.57798,23.85771],[88.57564,23.86155],[88.57898,23.86152],[88.58247,23.8625],[88.58234,23.8643],[88.58471,23.86618],[88.58378,23.86845],[88.58446,23.8697],[88.58622,23.86932],[88.58749,23.87145],[88.59123,23.86964],[88.59634,23.86891],[88.5991,23.86948],[88.60479,23.86406],[88.60686,23.86266],[88.60848,23.86252],[88.60973,23.86439],[88.60996,23.86607],[88.60882,23.87241],[88.60991,23.87361],[88.61323,23.87555],[88.61644,23.87651],[88.62096,23.87659],[88.62482,23.87511],[88.62547,23.87396],[88.62532,23.87164],[88.62396,23.86788],[88.62501,23.86609],[88.62674,23.8649],[88.62999,23.86546],[88.63229,23.86649],[88.63588,23.87012],[88.63774,23.87121],[88.6424,23.86917],[88.64966,23.86836],[88.65013,23.86701],[88.65374,23.86681],[88.65489,23.86861],[88.65718,23.86918],[88.66065,23.86862],[88.66133,23.87052],[88.66289,23.87002],[88.66602,23.87017],[88.66658,23.87262],[88.66504,23.87467],[88.66341,23.87813],[88.66428,23.88242],[88.66672,23.8824],[88.66747,23.88351],[88.67048,23.88389],[88.6746,23.88378],[88.67684,23.88462],[88.67802,23.8862],[88.68138,23.88751],[88.684,23.88983],[88.68646,23.89527],[88.6872,23.89847],[88.68839,23.90148],[88.69529,23.89989],[88.70017,23.89932],[88.70076,23.90108],[88.70434,23.89917],[88.70504,23.90195],[88.70305,23.90155],[88.7024,23.90351],[88.70031,23.90522],[88.70133,23.90616],[88.70176,23.90821],[88.69959,23.90834],[88.69972,23.90996],[88.70092,23.91229],[88.70331,23.91179],[88.70473,23.91257],[88.70694,23.9159],[88.713,23.9125],[88.7139,23.91293],[88.71519,23.91583],[88.72295,23.91632],[88.72432,23.9136],[88.72609,23.9129],[88.73059,23.91361],[88.72982,23.91091],[88.7334,23.91098],[88.733,23.9132],[88.73544,23.91462],[88.73289,23.92273],[88.73555,23.92293],[88.73418,23.92827],[88.73716,23.92905],[88.73662,23.9308],[88.73539,23.931],[88.73493,23.93292],[88.73783,23.93311],[88.73935,23.93223],[88.74027,23.93022],[88.74188,23.93116],[88.74172,23.93394],[88.74002,23.93829],[88.74156,23.93891],[88.7398,23.94184],[88.73902,23.94585],[88.7399,23.94672],[88.73877,23.94954],[88.74097,23.95111],[88.74025,23.95392],[88.73747,23.95336],[88.73425,23.95732],[88.73512,23.95875],[88.73361,23.95943],[88.73249,23.96113],[88.73573,23.96343],[88.73691,23.96907],[88.73697,23.97312],[88.73628,23.976],[88.73627,23.97907],[88.737,23.98132],[88.73876,23.98343],[88.74039,23.98429],[88.74559,23.98531],[88.75061,23.98523],[88.75457,23.98464],[88.75815,23.98325],[88.76385,23.98172],[88.76871,23.98146],[88.7692,23.98337],[88.76811,23.9866],[88.76536,23.99055],[88.76242,23.99677],[88.76302,23.99936],[88.7621,24.00411],[88.76116,24.00562],[88.75743,24.00658],[88.75259,24.00664],[88.74638,24.00446],[88.74502,24.00553],[88.74112,24.00252],[88.73778,23.99678],[88.73447,23.99488],[88.73036,23.99512],[88.72905,23.99611],[88.72851,23.99876],[88.73054,24.0038],[88.73164,24.01189],[88.73239,24.01362],[88.73452,24.01585],[88.73468,24.01749],[88.73665,24.01845],[88.73926,24.01858],[88.74536,24.02032],[88.74899,24.02216],[88.7539,24.02673],[88.75756,24.03141],[88.75684,24.03285],[88.74904,24.03256],[88.74392,24.03277],[88.74221,24.03331],[88.74185,24.03525],[88.738,24.03624],[88.7349,24.038],[88.73192,24.03914],[88.72553,24.04102],[88.72412,24.04284],[88.72413,24.0469],[88.72464,24.0477],[88.72797,24.04782],[88.73082,24.04722],[88.73449,24.04769],[88.73881,24.04912],[88.74111,24.04855],[88.74216,24.04997],[88.74241,24.05407],[88.74163,24.05712],[88.7382,24.06184],[88.73717,24.06207],[88.73362,24.06622],[88.73161,24.06513],[88.72782,24.06412],[88.72546,24.06544],[88.72345,24.06867],[88.72366,24.07302],[88.72075,24.07454],[88.71462,24.08115],[88.711,24.08422],[88.70668,24.08723],[88.70321,24.09055],[88.70031,24.09461],[88.69467,24.09269],[88.69181,24.0931],[88.68986,24.09242],[88.6854,24.08945],[88.67914,24.08765],[88.66865,24.08539],[88.66742,24.08378],[88.66699,24.08179],[88.67484,24.08349],[88.67735,24.0832],[88.68057,24.08204],[88.68177,24.0801],[88.68171,24.07874],[88.68022,24.07699],[88.67845,24.077],[88.67465,24.07816],[88.67198,24.07745],[88.66522,24.07376],[88.66358,24.07343],[88.65679,24.07334],[88.65398,24.07099],[88.65179,24.0702],[88.6507,24.06906],[88.64789,24.06266],[88.64715,24.05884],[88.64716,24.0535],[88.64551,24.04984],[88.64026,24.04319],[88.63754,24.04086],[88.63146,24.03395],[88.63072,24.03069],[88.63077,24.02811],[88.63203,24.02507],[88.63339,24.02382],[88.63804,24.02295],[88.64202,24.02314],[88.64462,24.0226],[88.64713,24.02076],[88.6484,24.01913],[88.65022,24.01429],[88.65031,24.01215],[88.64938,24.00871],[88.6485,24.00728],[88.64213,24.0038],[88.63909,23.99896],[88.63522,23.99186],[88.63284,23.98892],[88.62872,23.98498],[88.62387,23.98289],[88.62062,23.98225],[88.61587,23.98259],[88.6113,23.98513],[88.60962,23.98666],[88.60664,23.9903],[88.60276,23.99403],[88.59704,23.99884],[88.59468,24.00161],[88.5922,24.00678],[88.59072,24.01337],[88.59095,24.01758],[88.59031,24.02081],[88.58289,24.02948],[88.57878,24.0324],[88.57698,24.0331],[88.57091,24.0345],[88.56685,24.0364],[88.56221,24.03949],[88.55886,24.04087],[88.55634,24.04141],[88.55351,24.04098],[88.54974,24.039],[88.54843,24.03526],[88.54982,24.0285],[88.54992,24.02502],[88.54951,24.02145],[88.54628,24.01133],[88.54491,24.00568],[88.54387,23.99982],[88.54175,23.99675],[88.53734,23.99411],[88.53365,23.99302],[88.52915,23.9929],[88.52551,23.99358],[88.51974,23.99538],[88.51855,23.99548],[88.5139,23.99408],[88.51241,23.99281],[88.51161,23.98888],[88.5136,23.98411],[88.51512,23.98185],[88.51885,23.97809],[88.52118,23.97456],[88.52282,23.97057],[88.52416,23.96492],[88.52487,23.95792],[88.52456,23.95417],[88.52265,23.95068],[88.5213,23.95047],[88.51925,23.95142],[88.51472,23.95573],[88.51273,23.9568],[88.51078,23.95619],[88.50951,23.9514],[88.50785,23.94948],[88.5056,23.94876],[88.50217,23.94943],[88.49899,23.9509],[88.49705,23.94987],[88.4964,23.94424],[88.49513,23.94083],[88.49218,23.93716],[88.49007,23.93621],[88.48562,23.93506],[88.48015,23.9357],[88.47578,23.93847],[88.47242,23.9415],[88.47055,23.94196],[88.46673,23.94018],[88.45817,23.92963],[88.45718,23.92696],[88.45804,23.9253],[88.4613,23.92205],[88.46336,23.92057],[88.46684,23.91888],[88.47349,23.91661],[88.47735,23.91584],[88.48649,23.91363],[88.49246,23.91255],[88.49739,23.91096],[88.50367,23.90706],[88.50703,23.90524],[88.5102,23.89944],[88.51086,23.89559],[88.51014,23.8909],[88.50908,23.88864],[88.50708,23.88652],[88.50487,23.88517],[88.50237,23.88561],[88.49739,23.88931],[88.49346,23.89327],[88.4909,23.8963],[88.48788,23.90108],[88.4858,23.90297],[88.48216,23.90318],[88.4777,23.90041],[88.46773,23.89206],[88.46609,23.89127],[88.46295,23.88864],[88.46836,23.88031],[88.47406,23.87048],[88.4759,23.86536],[88.4775,23.85775],[88.4775,23.85354],[88.47696,23.84986],[88.47534,23.84435],[88.47367,23.8397],[88.47373,23.837],[88.47474,23.83489],[88.47832,23.82975],[88.47886,23.82809],[88.478,23.82393],[88.47662,23.82195],[88.47225,23.82206],[88.46451,23.82365],[88.45931,23.82394],[88.45137,23.82334],[88.44892,23.82451],[88.44773,23.82625],[88.44853,23.82815],[88.45468,23.83368],[88.45666,23.83669],[88.45757,23.83964],[88.45773,23.84287],[88.45701,23.84638],[88.45577,23.84913],[88.4506,23.85537],[88.44824,23.85631],[88.44628,23.85572],[88.44283,23.85348],[88.43956,23.84935],[88.43526,23.84189],[88.43411,23.83814],[88.43286,23.83585],[88.42896,23.82537],[88.42712,23.82275],[88.42316,23.81507],[88.4207,23.80773],[88.41858,23.80396],[88.4098,23.80583],[88.41034,23.80872],[88.40785,23.81083],[88.40621,23.81504],[88.40859,23.81545],[88.40941,23.81714],[88.40797,23.81876],[88.40887,23.82057],[88.40774,23.82183],[88.4028,23.82149],[88.40045,23.82083],[88.39581,23.82081],[88.38773,23.8221],[88.38656,23.81962],[88.38698,23.81711],[88.38616,23.8148],[88.38342,23.81364],[88.37762,23.81377],[88.37245,23.81567],[88.36996,23.81568],[88.36795,23.81699],[88.36683,23.81861],[88.36783,23.82362],[88.3643,23.82285],[88.36322,23.82334],[88.36286,23.8258],[88.35766,23.82614],[88.35337,23.82698],[88.35162,23.83043],[88.35102,23.82621],[88.35027,23.82422],[88.34844,23.82222],[88.34546,23.82216],[88.3383,23.82126],[88.33224,23.82223],[88.32529,23.82155],[88.31949,23.8231],[88.31918,23.81893],[88.31792,23.81689],[88.31887,23.81365],[88.31887,23.81078],[88.3195,23.80924],[88.31855,23.80802],[88.31513,23.80724],[88.31075,23.8083],[88.30912,23.80977],[88.30712,23.80982],[88.30366,23.81091],[88.29821,23.81036],[88.29582,23.81079],[88.29564,23.8056],[88.29464,23.8052],[88.29086,23.80606],[88.28841,23.80556],[88.28271,23.80624],[88.27776,23.80722],[88.27616,23.80827],[88.27178,23.80904],[88.26887,23.81218],[88.2685,23.81048],[88.26548,23.80987],[88.26368,23.80892],[88.26291,23.80744],[88.2599,23.80685],[88.25887,23.80354],[88.2577,23.8024],[88.25173,23.80156],[88.25,23.80432],[88.24026,23.80383],[88.23736,23.8048],[88.23494,23.80142],[88.23419,23.79626],[88.23472,23.79125],[88.23479,23.7845],[88.23801,23.77501],[88.24144,23.76835],[88.24136,23.76727],[88.23959,23.76474],[88.2341,23.7609],[88.23155,23.75968],[88.22625,23.75862],[88.2229,23.75842],[88.21858,23.75909],[88.21557,23.7606],[88.20995,23.76536],[88.20694,23.76732],[88.20217,23.76989],[88.19873,23.76868],[88.19491,23.76559],[88.19363,23.76145],[88.19321,23.7533],[88.1933,23.75074],[88.19486,23.74708],[88.19519,23.74353],[88.19206,23.73884],[88.19363,23.73496],[88.20027,23.73046],[88.20143,23.73018],[88.20311,23.73156],[88.20508,23.73138],[88.21395,23.72851],[88.21608,23.72901],[88.22644,23.72384],[88.23245,23.71905],[88.23299,23.71473],[88.23292,23.71179],[88.23061,23.70893],[88.22794,23.70779],[88.22677,23.70898],[88.22315,23.70889],[88.22102,23.70836],[88.21681,23.70853],[88.21487,23.70935],[88.21156,23.70995],[88.20906,23.71168],[88.20323,23.71281],[88.18886,23.7144],[88.18301,23.7155],[88.18191,23.71706],[88.17793,23.71705],[88.17724,23.71599],[88.17423,23.71636],[88.17065,23.71502],[88.16424,23.71326],[88.16322,23.71254],[88.16041,23.70901],[88.15426,23.70285],[88.14864,23.69604],[88.14442,23.68943],[88.14023,23.68053],[88.13845,23.67604],[88.13689,23.67327],[88.13499,23.66747],[88.13434,23.66251],[88.13452,23.65987],[88.13721,23.65415],[88.13945,23.65197],[88.14604,23.64705],[88.15118,23.64119],[88.15288,23.63778],[88.15318,23.63237],[88.15394,23.63074],[88.15932,23.62614],[88.16433,23.62347],[88.16699,23.62283],[88.17271,23.62217],[88.17868,23.62182],[88.18507,23.62265],[88.19129,23.62274],[88.19697,23.62232],[88.19946,23.6209],[88.20434,23.61724],[88.21232,23.61039],[88.21458,23.60788],[88.2236,23.60684],[88.22437,23.60711],[88.22493,23.61],[88.22881,23.61225],[88.22731,23.61392],[88.22847,23.61614],[88.23515,23.61685],[88.24838,23.61753],[88.25241,23.61917],[88.25465,23.61892],[88.25484,23.6167],[88.25758,23.62024],[88.26244,23.61723],[88.26462,23.61411],[88.26655,23.60986],[88.26792,23.60254],[88.27226,23.59849],[88.27611,23.59635],[88.27747,23.60651],[88.2809,23.60685],[88.2807,23.60312],[88.2812,23.59607],[88.27979,23.59282],[88.28317,23.59084],[88.28614,23.58718],[88.28435,23.5867],[88.28327,23.58449],[88.28292,23.582],[88.28451,23.57822],[88.28753,23.57813],[88.29443,23.5825],[88.30458,23.58673],[88.30763,23.58832],[88.31031,23.59121],[88.31464,23.59128],[88.3162,23.58871],[88.31819,23.58673],[88.318,23.58439],[88.32014,23.58352],[88.32071,23.57767],[88.32134,23.57662],[88.31579,23.57158],[88.3115,23.56873],[88.30649,23.56753],[88.30019,23.56526],[88.29877,23.56529],[88.29611,23.56364],[88.29335,23.56321],[88.28793,23.56166],[88.28359,23.56078],[88.27707,23.5618],[88.2761,23.56164],[88.27343,23.55926],[88.27491,23.55654],[88.27481,23.55422],[88.27302,23.54838],[88.27478,23.54603],[88.27458,23.54369],[88.27502,23.53774],[88.27824,23.53835],[88.28409,23.54005],[88.29135,23.54015],[88.29314,23.54429],[88.29849,23.54512],[88.30225,23.54386],[88.30814,23.54314],[88.31244,23.54586],[88.31443,23.54759],[88.3193,23.55068],[88.32397,23.54919],[88.32727,23.5474],[88.33622,23.54862],[88.34591,23.54911],[88.34781,23.54866],[88.35016,23.5464],[88.35414,23.54399],[88.3556,23.54662],[88.35873,23.54483],[88.35775,23.54016],[88.36031,23.53664],[88.36019,23.53574],[88.36434,23.53078],[88.36631,23.53204],[88.36803,23.52757],[88.36916,23.52326],[88.37237,23.52092],[88.37285,23.51976],[88.37545,23.51834],[88.3783,23.51566],[88.38554,23.50801],[88.3891,23.50074],[88.38573,23.49686],[88.3806,23.49235],[88.37524,23.48816],[88.37254,23.48638],[88.36244,23.48109],[88.36478,23.47309],[88.3633,23.47321],[88.36176,23.47179],[88.3567,23.46595],[88.3639,23.46127],[88.3683,23.46156],[88.36667,23.4586],[88.36181,23.45948],[88.3609,23.45864],[88.35711,23.45742],[88.35534,23.45883],[88.35341,23.45835],[88.34869,23.45921],[88.34797,23.45822],[88.34504,23.4578],[88.34284,23.45883],[88.33903,23.45751],[88.33932,23.45341],[88.34,23.45106],[88.34198,23.4493],[88.34414,23.44901],[88.34552,23.44779],[88.34579,23.44546],[88.34448,23.44483],[88.34327,23.44116],[88.34266,23.43638],[88.34371,23.4359],[88.34943,23.43598],[88.35167,23.43115],[88.35015,23.43009],[88.34373,23.42832],[88.34003,23.42573],[88.33801,23.42269],[88.3355,23.4206],[88.33271,23.42043],[88.33123,23.42095],[88.32862,23.42064],[88.32826,23.41769],[88.3311,23.41476],[88.33623,23.41482],[88.34029,23.41648],[88.34253,23.41688],[88.34951,23.41498],[88.35449,23.41173],[88.35653,23.40885],[88.35671,23.40692],[88.35608,23.401],[88.35485,23.3942],[88.35229,23.3898],[88.35025,23.38764],[88.33989,23.38036],[88.33611,23.37736],[88.33473,23.37565],[88.33315,23.37238],[88.33076,23.37051],[88.32904,23.36471],[88.32863,23.36199],[88.32894,23.35845],[88.3302,23.35434],[88.33878,23.34984],[88.34248,23.34814],[88.34288,23.34598],[88.33933,23.34004],[88.33126,23.34177],[88.33082,23.34105],[88.33123,23.33718],[88.33264,23.3354],[88.3322,23.33366],[88.32977,23.33014],[88.3332,23.33142],[88.33521,23.33126],[88.33629,23.32906],[88.33542,23.32622],[88.33105,23.32494],[88.32792,23.32344],[88.32696,23.32198],[88.32613,23.3177],[88.32643,23.31411],[88.32791,23.31105],[88.33088,23.3099],[88.33818,23.30213],[88.34142,23.3003],[88.34198,23.29843],[88.34774,23.29217],[88.3479,23.29065],[88.34339,23.29057],[88.34042,23.29266],[88.33515,23.29385],[88.33435,23.29369],[88.33299,23.28995],[88.33082,23.28272],[88.33152,23.28063],[88.34095,23.27962],[88.34464,23.27946],[88.34939,23.28048],[88.35064,23.27604],[88.35457,23.26824],[88.35541,23.26435],[88.35679,23.26433],[88.35979,23.25702],[88.36161,23.25637],[88.36295,23.25485],[88.36197,23.25273],[88.35831,23.25059],[88.35509,23.24679],[88.35382,23.2441],[88.35106,23.24069],[88.35227,23.23863],[88.35612,23.23488],[88.35683,23.23368],[88.36036,23.2303],[88.36522,23.22854],[88.36889,23.22761],[88.37252,23.22499],[88.38376,23.21871],[88.39718,23.21245],[88.39979,23.2116],[88.4072,23.21087],[88.40877,23.21035],[88.41502,23.21154],[88.41883,23.21199],[88.42183,23.21278],[88.42555,23.21541],[88.43215,23.21802],[88.44562,23.22286],[88.45084,23.2245],[88.45628,23.22475],[88.46349,23.22409],[88.46644,23.22243],[88.4697,23.21912],[88.47211,23.21434],[88.47273,23.21183],[88.47254,23.20779],[88.4694,23.20072],[88.46428,23.18753],[88.46288,23.18129],[88.46091,23.17876],[88.45854,23.17342],[88.45692,23.16621],[88.4551,23.16303],[88.45128,23.15322],[88.45048,23.15011],[88.44997,23.14445],[88.44983,23.13708],[88.45065,23.13324],[88.45527,23.13039],[88.45827,23.12959],[88.46551,23.1296],[88.46912,23.12876],[88.49326,23.12876],[88.49764,23.12939],[88.50214,23.12812],[88.50368,23.12703],[88.50589,23.12338],[88.50702,23.12048],[88.50751,23.11785],[88.50761,23.11303],[88.50646,23.10801],[88.50371,23.09962],[88.50259,23.09532],[88.5018,23.08995],[88.50053,23.08486],[88.50041,23.08064],[88.49908,23.07693],[88.49659,23.07476],[88.49279,23.0733],[88.49094,23.07332],[88.48681,23.07492],[88.47911,23.07954],[88.47522,23.08108],[88.4705,23.0813],[88.46861,23.08045],[88.46524,23.07662],[88.46063,23.06871],[88.45765,23.06132],[88.457,23.05834],[88.45627,23.05125],[88.4561,23.04547],[88.45422,23.0388],[88.4495,23.02891],[88.44762,23.02606],[88.44537,23.02359],[88.44136,23.02027],[88.43614,23.01856],[88.43285,23.01823],[88.42969,23.0185],[88.4274,23.01925],[88.42324,23.01844],[88.42103,23.0164],[88.4185,23.01168],[88.4113,22.99919],[88.40936,22.99453],[88.40595,22.9894],[88.40476,22.986],[88.40394,22.98042],[88.40418,22.97628],[88.40643,22.97064],[88.40808,22.96425],[88.40941,22.95814],[88.40815,22.95353],[88.41183,22.94559],[88.41368,22.94557],[88.41378,22.95223],[88.41747,22.95642],[88.41851,22.95679],[88.42674,22.95632],[88.43212,22.95495],[88.43967,22.95219],[88.44407,22.95192],[88.45361,22.94919],[88.45952,22.94948],[88.4631,22.95072],[88.46392,22.95037],[88.46482,22.94721],[88.46699,22.94358],[88.47006,22.94304],[88.47108,22.94078],[88.47058,22.93605],[88.48323,22.93528],[88.49106,22.937],[88.49504,22.93873],[88.50035,22.94157],[88.50454,22.94605],[88.50696,22.94625],[88.51124,22.94366],[88.51413,22.94089],[88.51302,22.93887],[88.51142,22.93436],[88.51439,22.93246],[88.51665,22.93253],[88.5173,22.93348],[88.52157,22.93401],[88.52511,22.93242],[88.5268,22.9343],[88.52881,22.93372],[88.53192,22.93158],[88.53285,22.92963],[88.53663,22.92947],[88.5382,22.92814],[88.54501,22.92475],[88.54697,22.92442],[88.5483,22.92231],[88.55265,22.92206],[88.55381,22.9227],[88.55735,22.92252],[88.5596,22.9207],[88.56525,22.92092],[88.56561,22.91575],[88.56684,22.91427],[88.56969,22.91441],[88.57035,22.91364],[88.57396,22.91288],[88.5757,22.91383],[88.5761,22.91586],[88.57988,22.91595],[88.57944,22.91315],[88.58111,22.91106],[88.58099,22.90992],[88.5832,22.90935],[88.58589,22.9104],[88.58625,22.9122],[88.59137,22.9119],[88.59346,22.91147],[88.59491,22.91024],[88.59656,22.91049],[88.60094,22.90967],[88.60288,22.90889],[88.60315,22.90641],[88.60562,22.9063],[88.60738,22.90545],[88.60916,22.90566],[88.61225,22.90896],[88.61433,22.90519],[88.61381,22.90331],[88.61695,22.89924],[88.61893,22.89905],[88.62056,22.89543],[88.61998,22.89142],[88.62072,22.88904],[88.6229,22.88857],[88.62365,22.88621],[88.62691,22.88605],[88.62705,22.88414],[88.62826,22.88276],[88.64013,22.88101],[88.64391,22.88137],[88.64436,22.88582],[88.64646,22.88591],[88.64737,22.88486],[88.64971,22.88671],[88.65254,22.88649],[88.65436,22.8844],[88.65666,22.88452],[88.65668,22.88252],[88.65857,22.87685],[88.66005,22.87805],[88.66169,22.88133],[88.66606,22.88674],[88.66838,22.89021],[88.66891,22.89448],[88.66723,22.89558],[88.66611,22.89777],[88.66463,22.90246],[88.66507,22.90424],[88.6623,22.90701],[88.66029,22.90733],[88.65675,22.91129],[88.65681,22.91593],[88.65608,22.91643],[88.65517,22.92074],[88.65534,22.92462],[88.65828,22.92573],[88.6589,22.92747],[88.66055,22.92757],[88.6607,22.92967],[88.66167,22.93066],[88.66151,22.93234],[88.66252,22.93355],[88.66166,22.93558],[88.65845,22.93573],[88.65784,22.93863],[88.65907,22.93929],[88.66303,22.93942],[88.66553,22.94074],[88.66658,22.94269],[88.66929,22.94317],[88.67601,22.94041],[88.67958,22.94441],[88.67604,22.9474],[88.66931,22.94709],[88.66756,22.94772],[88.66536,22.95053],[88.66529,22.95383],[88.6666,22.95844],[88.6661,22.96407],[88.66398,22.96505],[88.66386,22.96859],[88.66252,22.97448],[88.66305,22.98165],[88.66393,22.98514],[88.66694,22.99224],[88.67047,22.9955],[88.67464,22.99618],[88.67465,22.99898],[88.67752,22.99912],[88.67911,23.00179],[88.67828,23.00255],[88.67885,23.00749],[88.67663,23.00771],[88.677,23.01202],[88.67554,23.01466],[88.67766,23.0156],[88.67975,23.01468],[88.68223,23.01955],[88.68584,23.02337],[88.68787,23.02617],[88.68722,23.02753],[88.68682,23.03249],[88.68611,23.03403],[88.68426,23.03569],[88.68389,23.03977],[88.68251,23.0415],[88.68111,23.04505],[88.68241,23.04509],[88.6826,23.04776],[88.68481,23.04902],[88.68492,23.05132],[88.6822,23.0515],[88.6823,23.05328],[88.68621,23.05369],[88.68633,23.05682],[88.68831,23.05724],[88.68846,23.0591],[88.69011,23.05943],[88.69112,23.06072],[88.69107,23.06234],[88.69302,23.06193],[88.69329,23.06408],[88.69552,23.06484],[88.69388,23.06659],[88.69349,23.06808],[88.68895,23.06826],[88.68738,23.06758],[88.6829,23.06939],[88.68298,23.07291],[88.68248,23.07614],[88.68303,23.07866],[88.68157,23.07946],[88.68092,23.08235],[88.67897,23.08646],[88.67722,23.09233],[88.67621,23.09351],[88.67421,23.09411],[88.67497,23.09593],[88.67732,23.09552],[88.68118,23.09739],[88.68232,23.1008],[88.68582,23.1057],[88.68418,23.10628],[88.68269,23.1078],[88.68359,23.10903],[88.68559,23.1084],[88.68681,23.10886],[88.69032,23.10855],[88.69135,23.1098],[88.69455,23.11032],[88.69529,23.11621],[88.69312,23.11863],[88.69315,23.12029],[88.69476,23.12195],[88.69554,23.12432],[88.6977,23.12639],[88.70006,23.12702],[88.6998,23.12938],[88.70201,23.13135],[88.70346,23.13551],[88.70476,23.13576],[88.70092,23.14226],[88.69892,23.14663],[88.69591,23.15201],[88.69532,23.15607],[88.69703,23.15734],[88.69762,23.16628],[88.69888,23.16694],[88.70029,23.16908],[88.70163,23.16806],[88.70355,23.16821],[88.70563,23.16745],[88.70632,23.16889],[88.70899,23.16657],[88.71057,23.16648],[88.71218,23.16791],[88.71124,23.17153],[88.71194,23.17457],[88.71729,23.17437],[88.71486,23.17595],[88.71397,23.17771],[88.71581,23.18097],[88.71517,23.18259],[88.71663,23.1848],[88.71764,23.18359],[88.71921,23.1842],[88.71953,23.1874],[88.71579,23.19005],[88.71537,23.20266],[88.71584,23.2059],[88.71482,23.2075],[88.71497,23.20976],[88.71815,23.21055],[88.71563,23.21458],[88.71201,23.21562],[88.70926,23.2153],[88.70481,23.21392],[88.70235,23.21455],[88.70343,23.21679],[88.70689,23.21973],[88.71038,23.22163],[88.7115,23.22424],[88.71086,23.22666],[88.70811,23.23114],[88.7087,23.23331],[88.71109,23.23531],[88.71311,23.23797],[88.71421,23.23771],[88.71635,23.23549],[88.71904,23.23375],[88.72097,23.23468],[88.72045,23.23864],[88.72297,23.23946],[88.72666,23.23908],[88.73026,23.23926],[88.73391,23.23577],[88.73679,23.23468],[88.7433,23.23451],[88.74739,23.234],[88.75344,23.23479],[88.75423,23.2357],[88.75384,23.23752],[88.75189,23.24019]]]},"properties":{"OBJECTID":536,"dtname":"Nadia","stname":"West Bengal","stcode11":"19","dtcode11":"336","year_stat":"2011_c","dist_lgd":320,"state_lgd":19,"SHAPE_Length":763213.8844040863,"SHAPE_Area":4652592169.76917,"remarks":" ","d_pan_code":279,"d_pan_name":"Nadia","New_Name":"Nadia","mached":"-1"},"id":536},
{"type":"Feature","geometry":{"type":"Polygon","coordinates":[[[89.05967,22.12015],[89.06557,22.12382],[89.07126,22.12826],[89.07884,22.13454],[89.09012,22.14002],[89.09477,22.14279],[89.09691,22.14506],[89.09804,22.14754],[89.09871,22.15187],[89.09817,22.15471],[89.09574,22.1573],[89.09333,22.15816],[89.09115,22.15825],[89.08779,22.15649],[89.08491,22.15373],[89.07943,22.14717],[89.07685,22.14544],[89.07372,22.14521],[89.07107,22.14728],[89.06897,22.15146],[89.06509,22.16281],[89.06425,22.1644],[89.06397,22.17054],[89.06432,22.17379],[89.06654,22.17782],[89.06996,22.18233],[89.07217,22.18707],[89.07284,22.19292],[89.07161,22.19689],[89.06942,22.19967],[89.06296,22.2068],[89.05512,22.21352],[89.04754,22.22041],[89.04094,22.22759],[89.03789,22.23243],[89.03696,22.23455],[89.03627,22.23851],[89.03562,22.24858],[89.0342,22.25826],[89.03287,22.25951],[89.03032,22.26008],[89.02813,22.25933],[89.02246,22.25627],[89.01947,22.25437],[89.01659,22.25356],[89.01388,22.25396],[89.01272,22.25517],[89.01294,22.25856],[89.01474,22.26099],[89.01804,22.26354],[89.02021,22.26608],[89.02047,22.2685],[89.01972,22.26973],[89.01614,22.27174],[89.013,22.27303],[89.00982,22.27487],[89.00057,22.28138],[88.99568,22.28525],[88.9951,22.28626],[88.99458,22.29015],[88.9949,22.29334],[88.99608,22.29502],[89.00004,22.29721],[89.00437,22.29762],[89.00783,22.29836],[89.01215,22.29743],[89.01933,22.29462],[89.02271,22.29452],[89.02438,22.29604],[89.02386,22.29929],[89.02229,22.30106],[89.01622,22.30656],[89.01132,22.31448],[89.00659,22.31858],[89.00042,22.32428],[88.99728,22.32463],[88.99272,22.32291],[88.98932,22.32254],[88.98705,22.32371],[88.98448,22.3267],[88.98539,22.3358],[88.98591,22.33869],[88.98875,22.34814],[88.98791,22.35275],[88.98602,22.35759],[88.98682,22.35987],[88.98874,22.36247],[88.98935,22.36428],[88.9888,22.36637],[88.9835,22.37137],[88.98232,22.37349],[88.98364,22.37699],[88.98728,22.38115],[88.99067,22.38359],[88.99417,22.38786],[88.99378,22.3896],[88.99004,22.39354],[88.98337,22.39777],[88.97967,22.40059],[88.9741,22.40591],[88.97204,22.40846],[88.97191,22.40989],[88.97414,22.41235],[88.97697,22.41423],[88.98165,22.41654],[88.98411,22.41833],[88.98637,22.42184],[88.98866,22.42407],[88.99272,22.42613],[88.99818,22.42833],[89.00007,22.42984],[89.00014,22.43099],[88.99795,22.43455],[88.99124,22.44043],[88.98948,22.44243],[88.98849,22.44511],[88.98882,22.44721],[88.99135,22.45136],[88.99414,22.45531],[88.99402,22.45866],[88.99596,22.46601],[88.9958,22.47],[88.99267,22.4735],[88.9846,22.47944],[88.98366,22.47963],[88.98098,22.48247],[88.97829,22.48917],[88.97469,22.49624],[88.97334,22.50071],[88.97307,22.50965],[88.9714,22.52009],[88.96993,22.52446],[88.96868,22.52996],[88.96791,22.53457],[88.9663,22.53925],[88.96186,22.54873],[88.96038,22.55089],[88.95574,22.55338],[88.95195,22.55364],[88.94767,22.55437],[88.94447,22.556],[88.94153,22.55907],[88.9407,22.56135],[88.94052,22.56624],[88.94155,22.57476],[88.9411,22.57761],[88.93967,22.58236],[88.93851,22.58801],[88.93894,22.59221],[88.94084,22.59453],[88.94404,22.59703],[88.94731,22.59896],[88.95327,22.60323],[88.95531,22.60498],[88.95912,22.60995],[88.96023,22.61421],[88.96008,22.61663],[88.95892,22.61774],[88.95616,22.61876],[88.95369,22.61888],[88.94145,22.61815],[88.9375,22.61939],[88.93495,22.6212],[88.93387,22.62294],[88.93296,22.6261],[88.93249,22.63453],[88.93192,22.63892],[88.92986,22.64412],[88.92717,22.64923],[88.92839,22.65038],[88.92871,22.65251],[88.93056,22.65155],[88.93331,22.65198],[88.93349,22.65336],[88.93513,22.65483],[88.9349,22.65648],[88.9333,22.6567],[88.93557,22.65903],[88.93893,22.66039],[88.94142,22.65946],[88.94296,22.66175],[88.94494,22.66231],[88.94649,22.66905],[88.94759,22.67078],[88.94822,22.67442],[88.94789,22.67759],[88.94955,22.68024],[88.95067,22.68053],[88.95559,22.68599],[88.95889,22.68518],[88.96164,22.68522],[88.96059,22.68721],[88.96149,22.68892],[88.96237,22.69497],[88.96042,22.69776],[88.95793,22.69988],[88.95782,22.70144],[88.95611,22.70398],[88.95115,22.70698],[88.94864,22.70539],[88.94708,22.70728],[88.94434,22.70852],[88.94108,22.71107],[88.93455,22.71443],[88.93143,22.71688],[88.92797,22.71808],[88.92768,22.7202],[88.92604,22.72325],[88.92599,22.72589],[88.92521,22.72793],[88.92333,22.72835],[88.92304,22.72947],[88.91869,22.73057],[88.91588,22.73572],[88.91588,22.73968],[88.9169,22.74207],[88.91671,22.74427],[88.91796,22.74748],[88.92033,22.74866],[88.92113,22.75015],[88.92026,22.75393],[88.91665,22.75532],[88.91465,22.75376],[88.9124,22.75459],[88.9125,22.75595],[88.911,22.75773],[88.91185,22.75937],[88.91351,22.76055],[88.91312,22.76242],[88.91613,22.7679],[88.91883,22.77079],[88.92306,22.77049],[88.92582,22.76987],[88.9267,22.77425],[88.92463,22.7754],[88.92492,22.77771],[88.92391,22.77956],[88.92938,22.78023],[88.92904,22.78318],[88.93565,22.78186],[88.93624,22.78291],[88.9353,22.7849],[88.93591,22.79088],[88.93829,22.79108],[88.93866,22.79196],[88.94178,22.79021],[88.94399,22.79103],[88.94681,22.79488],[88.9496,22.7973],[88.95243,22.796],[88.95328,22.79714],[88.9569,22.79595],[88.95825,22.79658],[88.95963,22.80204],[88.95835,22.80361],[88.9599,22.80713],[88.95779,22.80854],[88.95536,22.80881],[88.95552,22.81181],[88.95817,22.81298],[88.96103,22.81557],[88.96257,22.81804],[88.96347,22.82074],[88.96413,22.82919],[88.96779,22.83922],[88.96868,22.84395],[88.96733,22.84682],[88.96314,22.85263],[88.96135,22.85463],[88.95822,22.85663],[88.95882,22.85952],[88.95759,22.86229],[88.95294,22.86486],[88.95369,22.8671],[88.95147,22.87185],[88.94965,22.87307],[88.94947,22.87731],[88.94775,22.8779],[88.94537,22.88067],[88.94203,22.87996],[88.94158,22.87778],[88.93995,22.87485],[88.93696,22.87409],[88.93344,22.87426],[88.9305,22.87279],[88.9271,22.87306],[88.92634,22.87517],[88.92459,22.87554],[88.92416,22.87808],[88.92312,22.87974],[88.92074,22.87966],[88.91882,22.87847],[88.91882,22.87728],[88.91623,22.87754],[88.91572,22.88012],[88.91365,22.88047],[88.91108,22.87939],[88.90964,22.88089],[88.90888,22.88502],[88.90542,22.88582],[88.90564,22.88804],[88.9051,22.88982],[88.90636,22.89255],[88.90459,22.89573],[88.90143,22.89639],[88.89793,22.89795],[88.8997,22.90029],[88.90055,22.90276],[88.90101,22.90609],[88.89938,22.9083],[88.89652,22.91094],[88.89571,22.91356],[88.89679,22.91407],[88.90343,22.914],[88.90554,22.91457],[88.90805,22.91752],[88.90839,22.91888],[88.90637,22.92168],[88.90376,22.92292],[88.89565,22.92604],[88.89102,22.92715],[88.88945,22.92873],[88.88685,22.93404],[88.8925,22.93753],[88.89286,22.93929],[88.89249,22.94447],[88.89291,22.94784],[88.89426,22.952],[88.89304,22.95258],[88.88598,22.95354],[88.88012,22.95407],[88.87864,22.95371],[88.87678,22.94926],[88.8748,22.94812],[88.86932,22.95144],[88.86642,22.94948],[88.86284,22.94618],[88.86084,22.94296],[88.85883,22.94431],[88.8585,22.94699],[88.85578,22.95461],[88.85514,22.95792],[88.85558,22.96381],[88.85705,22.96888],[88.85866,22.97128],[88.86584,22.97428],[88.8693,22.97644],[88.87097,22.97863],[88.86798,22.98094],[88.86595,22.98381],[88.86491,22.98709],[88.86387,22.99292],[88.86412,22.99499],[88.86541,22.99933],[88.86418,23.00136],[88.86181,23.00248],[88.85963,23.00275],[88.85175,23.00209],[88.85003,23.00319],[88.8456,23.00775],[88.84509,23.00986],[88.8466,23.01101],[88.84988,23.00892],[88.85346,23.00729],[88.85815,23.00636],[88.86858,23.00585],[88.87716,23.00323],[88.87933,23.00508],[88.88008,23.00849],[88.87878,23.00996],[88.87444,23.01015],[88.87448,23.01411],[88.872,23.01676],[88.87242,23.01894],[88.87506,23.02214],[88.87691,23.02279],[88.87766,23.02611],[88.87992,23.02573],[88.88096,23.02923],[88.88005,23.03186],[88.88177,23.03346],[88.88217,23.03641],[88.88371,23.03736],[88.88412,23.04043],[88.88053,23.04088],[88.87615,23.04414],[88.87489,23.0445],[88.87425,23.04708],[88.87513,23.0503],[88.87428,23.05151],[88.87485,23.05544],[88.87457,23.05716],[88.87506,23.06159],[88.87369,23.06189],[88.87415,23.06578],[88.86971,23.06756],[88.86782,23.06958],[88.86616,23.07447],[88.86296,23.0759],[88.86533,23.0774],[88.86519,23.07967],[88.86609,23.08067],[88.86616,23.0861],[88.87029,23.086],[88.8719,23.08846],[88.87464,23.08977],[88.87352,23.09367],[88.8735,23.09555],[88.87226,23.09737],[88.86906,23.09735],[88.86942,23.10068],[88.87121,23.10086],[88.87267,23.10198],[88.87522,23.1024],[88.87541,23.10353],[88.87996,23.10481],[88.88309,23.10441],[88.88316,23.10552],[88.88168,23.10771],[88.88202,23.11015],[88.88352,23.11086],[88.89136,23.10766],[88.89808,23.11224],[88.89987,23.11192],[88.90188,23.11746],[88.90404,23.1187],[88.90534,23.12193],[88.90592,23.12506],[88.90745,23.12519],[88.90878,23.12697],[88.91024,23.12746],[88.91033,23.12974],[88.91593,23.12959],[88.9179,23.12908],[88.91882,23.13095],[88.91979,23.13646],[88.919,23.13666],[88.92018,23.14119],[88.92327,23.14512],[88.92709,23.14336],[88.92986,23.1427],[88.93084,23.14319],[88.93057,23.14677],[88.93185,23.14859],[88.93246,23.15417],[88.93232,23.15608],[88.93058,23.1577],[88.93113,23.15995],[88.92894,23.16114],[88.92834,23.16335],[88.93402,23.16176],[88.93413,23.16453],[88.93268,23.16541],[88.93389,23.16982],[88.9351,23.17037],[88.93525,23.17208],[88.93777,23.1726],[88.93909,23.1768],[88.94421,23.1762],[88.94623,23.18057],[88.95099,23.18108],[88.95101,23.18214],[88.95623,23.1819],[88.95779,23.1832],[88.95816,23.18904],[88.95885,23.19023],[88.96192,23.19135],[88.96231,23.19314],[88.96794,23.19342],[88.97439,23.19281],[88.97486,23.19025],[88.97582,23.18878],[88.97564,23.18557],[88.97607,23.18186],[88.97911,23.18253],[88.97842,23.18455],[88.97884,23.18581],[88.97825,23.1885],[88.97989,23.18917],[88.98147,23.19249],[88.9804,23.19325],[88.98264,23.196],[88.9831,23.19769],[88.98533,23.19983],[88.98481,23.20151],[88.98703,23.20314],[88.98613,23.20458],[88.98719,23.20558],[88.98643,23.20739],[88.98412,23.20923],[88.98064,23.20952],[88.9794,23.2114],[88.98039,23.21357],[88.98257,23.21522],[88.98475,23.21579],[88.98739,23.21542],[88.99058,23.21275],[88.9944,23.21327],[88.99561,23.21492],[88.98972,23.21563],[88.98639,23.21821],[88.98502,23.22037],[88.982,23.21994],[88.98139,23.22221],[88.9795,23.22349],[88.97593,23.22443],[88.97444,23.22369],[88.97453,23.22167],[88.97691,23.21782],[88.9756,23.21797],[88.97325,23.22238],[88.97068,23.22257],[88.97028,23.22095],[88.96831,23.21946],[88.96695,23.21966],[88.96425,23.21721],[88.96407,23.21466],[88.96098,23.21437],[88.95946,23.21302],[88.95276,23.21039],[88.95224,23.21103],[88.94794,23.20801],[88.94649,23.20645],[88.94048,23.20674],[88.93281,23.21013],[88.92933,23.21221],[88.92941,23.21608],[88.92521,23.21779],[88.92351,23.2174],[88.92177,23.21867],[88.91674,23.21958],[88.91667,23.21887],[88.92126,23.218],[88.92102,23.21601],[88.91757,23.21263],[88.91638,23.21247],[88.91397,23.21417],[88.91413,23.21561],[88.91567,23.21747],[88.91667,23.22266],[88.91486,23.22367],[88.91497,23.22883],[88.9141,23.2304],[88.91214,23.23122],[88.91223,23.2339],[88.90685,23.23596],[88.90399,23.23567],[88.90237,23.23326],[88.90069,23.23375],[88.89975,23.23177],[88.89792,23.23277],[88.89514,23.23235],[88.89496,23.23091],[88.89245,23.23233],[88.89089,23.23092],[88.88676,23.2313],[88.88579,23.22858],[88.88466,23.22956],[88.8811,23.23036],[88.87716,23.23229],[88.87519,23.23259],[88.8747,23.23416],[88.86769,23.23374],[88.86679,23.23328],[88.86216,23.23423],[88.8613,23.23194],[88.86004,23.23227],[88.86033,23.23413],[88.8592,23.23495],[88.85665,23.2347],[88.85615,23.2361],[88.85382,23.23633],[88.85374,23.23411],[88.8514,23.23394],[88.85153,23.23154],[88.8501,23.23038],[88.8449,23.23051],[88.84412,23.23353],[88.84073,23.23564],[88.83913,23.23821],[88.83741,23.24305],[88.83609,23.24313],[88.83361,23.23943],[88.82811,23.23491],[88.82554,23.23326],[88.82327,23.23369],[88.82262,23.23584],[88.82328,23.23827],[88.82444,23.23994],[88.8269,23.24174],[88.8288,23.24487],[88.82604,23.24576],[88.8237,23.24731],[88.81367,23.25203],[88.81245,23.25417],[88.8098,23.25455],[88.80914,23.25123],[88.8093,23.24894],[88.81048,23.24822],[88.8082,23.24569],[88.80905,23.24491],[88.80767,23.24307],[88.80591,23.23795],[88.80682,23.2355],[88.80639,23.23287],[88.80699,23.23077],[88.80924,23.22852],[88.80921,23.226],[88.80851,23.22485],[88.81144,23.22155],[88.81023,23.22049],[88.80579,23.21878],[88.79771,23.21906],[88.79576,23.22017],[88.7915,23.21974],[88.7898,23.21834],[88.7886,23.22005],[88.78836,23.22181],[88.7855,23.2217],[88.78453,23.2227],[88.78236,23.22105],[88.77882,23.22105],[88.77759,23.2222],[88.77731,23.22389],[88.77442,23.22441],[88.77438,23.22893],[88.77298,23.22896],[88.77329,23.23101],[88.77562,23.23151],[88.77554,23.23449],[88.7773,23.23444],[88.77801,23.23624],[88.77613,23.23632],[88.77557,23.23854],[88.77428,23.23892],[88.77355,23.24142],[88.77133,23.24138],[88.76954,23.24484],[88.76744,23.24571],[88.7597,23.24576],[88.75909,23.24181],[88.75424,23.24044],[88.75189,23.24019],[88.75384,23.23752],[88.75423,23.2357],[88.75344,23.23479],[88.74739,23.234],[88.7433,23.23451],[88.73679,23.23468],[88.73391,23.23577],[88.73026,23.23926],[88.72666,23.23908],[88.72297,23.23946],[88.72045,23.23864],[88.72097,23.23468],[88.71904,23.23375],[88.71635,23.23549],[88.71421,23.23771],[88.71311,23.23797],[88.71109,23.23531],[88.7087,23.23331],[88.70811,23.23114],[88.71086,23.22666],[88.7115,23.22424],[88.71038,23.22163],[88.70689,23.21973],[88.70343,23.21679],[88.70235,23.21455],[88.70481,23.21392],[88.70926,23.2153],[88.71201,23.21562],[88.71563,23.21458],[88.71815,23.21055],[88.71497,23.20976],[88.71482,23.2075],[88.71584,23.2059],[88.71537,23.20266],[88.71579,23.19005],[88.71953,23.1874],[88.71921,23.1842],[88.71764,23.18359],[88.71663,23.1848],[88.71517,23.18259],[88.71581,23.18097],[88.71397,23.17771],[88.71486,23.17595],[88.71729,23.17437],[88.71194,23.17457],[88.71124,23.17153],[88.71218,23.16791],[88.71057,23.16648],[88.70899,23.16657],[88.70632,23.16889],[88.70563,23.16745],[88.70355,23.16821],[88.70163,23.16806],[88.70029,23.16908],[88.69888,23.16694],[88.69762,23.16628],[88.69703,23.15734],[88.69532,23.15607],[88.69591,23.15201],[88.69892,23.14663],[88.70092,23.14226],[88.70476,23.13576],[88.70346,23.13551],[88.70201,23.13135],[88.6998,23.12938],[88.70006,23.12702],[88.6977,23.12639],[88.69554,23.12432],[88.69476,23.12195],[88.69315,23.12029],[88.69312,23.11863],[88.69529,23.11621],[88.69455,23.11032],[88.69135,23.1098],[88.69032,23.10855],[88.68681,23.10886],[88.68559,23.1084],[88.68359,23.10903],[88.68269,23.1078],[88.68418,23.10628],[88.68582,23.1057],[88.68232,23.1008],[88.68118,23.09739],[88.67732,23.09552],[88.67497,23.09593],[88.67421,23.09411],[88.67621,23.09351],[88.67722,23.09233],[88.67897,23.08646],[88.68092,23.08235],[88.68157,23.07946],[88.68303,23.07866],[88.68248,23.07614],[88.68298,23.07291],[88.6829,23.06939],[88.68738,23.06758],[88.68895,23.06826],[88.69349,23.06808],[88.69388,23.06659],[88.69552,23.06484],[88.69329,23.06408],[88.69302,23.06193],[88.69107,23.06234],[88.69112,23.06072],[88.69011,23.05943],[88.68846,23.0591],[88.68831,23.05724],[88.68633,23.05682],[88.68621,23.05369],[88.6823,23.05328],[88.6822,23.0515],[88.68492,23.05132],[88.68481,23.04902],[88.6826,23.04776],[88.68241,23.04509],[88.68111,23.04505],[88.68251,23.0415],[88.68389,23.03977],[88.68426,23.03569],[88.68611,23.03403],[88.68682,23.03249],[88.68722,23.02753],[88.68787,23.02617],[88.68584,23.02337],[88.68223,23.01955],[88.67975,23.01468],[88.67766,23.0156],[88.67554,23.01466],[88.677,23.01202],[88.67663,23.00771],[88.67885,23.00749],[88.67828,23.00255],[88.67911,23.00179],[88.67752,22.99912],[88.67465,22.99898],[88.67464,22.99618],[88.67047,22.9955],[88.66694,22.99224],[88.66393,22.98514],[88.66305,22.98165],[88.66252,22.97448],[88.66386,22.96859],[88.66398,22.96505],[88.6661,22.96407],[88.6666,22.95844],[88.66529,22.95383],[88.66536,22.95053],[88.66756,22.94772],[88.66931,22.94709],[88.67604,22.9474],[88.67958,22.94441],[88.67601,22.94041],[88.66929,22.94317],[88.66658,22.94269],[88.66553,22.94074],[88.66303,22.93942],[88.65907,22.93929],[88.65784,22.93863],[88.65845,22.93573],[88.66166,22.93558],[88.66252,22.93355],[88.66151,22.93234],[88.66167,22.93066],[88.6607,22.92967],[88.66055,22.92757],[88.6589,22.92747],[88.65828,22.92573],[88.65534,22.92462],[88.65517,22.92074],[88.65608,22.91643],[88.65681,22.91593],[88.65675,22.91129],[88.66029,22.90733],[88.6623,22.90701],[88.66507,22.90424],[88.66463,22.90246],[88.66611,22.89777],[88.66723,22.89558],[88.66891,22.89448],[88.66838,22.89021],[88.66606,22.88674],[88.66169,22.88133],[88.66005,22.87805],[88.65857,22.87685],[88.65668,22.88252],[88.65666,22.88452],[88.65436,22.8844],[88.65254,22.88649],[88.64971,22.88671],[88.64737,22.88486],[88.64646,22.88591],[88.64436,22.88582],[88.64391,22.88137],[88.64013,22.88101],[88.62826,22.88276],[88.62705,22.88414],[88.62691,22.88605],[88.62365,22.88621],[88.6229,22.88857],[88.62072,22.88904],[88.61998,22.89142],[88.62056,22.89543],[88.61893,22.89905],[88.61695,22.89924],[88.61381,22.90331],[88.61433,22.90519],[88.61225,22.90896],[88.60916,22.90566],[88.60738,22.90545],[88.60562,22.9063],[88.60315,22.90641],[88.60288,22.90889],[88.60094,22.90967],[88.59656,22.91049],[88.59491,22.91024],[88.59346,22.91147],[88.59137,22.9119],[88.58625,22.9122],[88.58589,22.9104],[88.5832,22.90935],[88.58099,22.90992],[88.58111,22.91106],[88.57944,22.91315],[88.57988,22.91595],[88.5761,22.91586],[88.5757,22.91383],[88.57396,22.91288],[88.57035,22.91364],[88.56969,22.91441],[88.56684,22.91427],[88.56561,22.91575],[88.56525,22.92092],[88.5596,22.9207],[88.55735,22.92252],[88.55381,22.9227],[88.55265,22.92206],[88.5483,22.92231],[88.54697,22.92442],[88.54501,22.92475],[88.5382,22.92814],[88.53663,22.92947],[88.53285,22.92963],[88.53192,22.93158],[88.52881,22.93372],[88.5268,22.9343],[88.52511,22.93242],[88.52157,22.93401],[88.5173,22.93348],[88.51665,22.93253],[88.51439,22.93246],[88.51142,22.93436],[88.51302,22.93887],[88.51413,22.94089],[88.51124,22.94366],[88.50696,22.94625],[88.50454,22.94605],[88.50035,22.94157],[88.49504,22.93873],[88.49106,22.937],[88.48323,22.93528],[88.47058,22.93605],[88.47108,22.94078],[88.47006,22.94304],[88.46699,22.94358],[88.46482,22.94721],[88.46392,22.95037],[88.4631,22.95072],[88.45952,22.94948],[88.45361,22.94919],[88.44407,22.95192],[88.43967,22.95219],[88.43212,22.95495],[88.42674,22.95632],[88.41851,22.95679],[88.41747,22.95642],[88.41378,22.95223],[88.41368,22.94557],[88.41183,22.94559],[88.4125,22.94328],[88.41192,22.9374],[88.40873,22.92835],[88.40383,22.92305],[88.40204,22.91927],[88.40132,22.91508],[88.40214,22.91231],[88.40456,22.90739],[88.4079,22.89617],[88.40833,22.89054],[88.40828,22.88666],[88.40674,22.88157],[88.40395,22.87728],[88.40063,22.87407],[88.3976,22.87232],[88.38785,22.86891],[88.38402,22.86801],[88.383,22.86981],[88.38026,22.86729],[88.37743,22.86584],[88.37303,22.86207],[88.371,22.85967],[88.36978,22.85543],[88.36918,22.85159],[88.37006,22.8485],[88.37487,22.84121],[88.37483,22.83645],[88.37702,22.83627],[88.37627,22.83251],[88.37397,22.82992],[88.37219,22.8291],[88.3633,22.82866],[88.36149,22.82832],[88.35811,22.82599],[88.35644,22.82404],[88.35584,22.8203],[88.35638,22.81522],[88.35521,22.81383],[88.35217,22.80155],[88.35452,22.80041],[88.35256,22.79699],[88.34934,22.79364],[88.34693,22.79173],[88.33908,22.78802],[88.33352,22.78431],[88.33199,22.78122],[88.3318,22.77854],[88.33285,22.7751],[88.33495,22.77048],[88.33666,22.76901],[88.33979,22.76532],[88.34346,22.76181],[88.34572,22.76084],[88.35468,22.75545],[88.36014,22.75005],[88.36219,22.74511],[88.3622,22.74294],[88.35995,22.73637],[88.35985,22.73279],[88.35919,22.72756],[88.35887,22.71468],[88.35899,22.71186],[88.36111,22.70717],[88.36302,22.69743],[88.36346,22.68556],[88.36176,22.68025],[88.35701,22.67285],[88.35575,22.66957],[88.35426,22.66365],[88.35257,22.65557],[88.35214,22.65156],[88.35315,22.64808],[88.35768,22.64224],[88.35848,22.6363],[88.36213,22.62933],[88.36396,22.62645],[88.36583,22.61845],[88.36895,22.61876],[88.37625,22.61813],[88.38413,22.61883],[88.38643,22.61811],[88.39119,22.61869],[88.39232,22.61816],[88.39318,22.61357],[88.39284,22.61115],[88.39335,22.60873],[88.3933,22.60414],[88.3928,22.59943],[88.39201,22.59619],[88.39226,22.59521],[88.39537,22.59189],[88.40046,22.58346],[88.40191,22.58016],[88.40384,22.573],[88.40847,22.56255],[88.41035,22.55913],[88.41348,22.55568],[88.41343,22.5539],[88.42058,22.54885],[88.42293,22.54599],[88.4281,22.54047],[88.43009,22.53948],[88.43409,22.5363],[88.43934,22.52999],[88.43975,22.52807],[88.44227,22.52708],[88.44798,22.5266],[88.45559,22.52437],[88.46108,22.52256],[88.4708,22.5193],[88.47454,22.51829],[88.47878,22.51814],[88.48083,22.5195],[88.48149,22.52192],[88.48257,22.52283],[88.48344,22.52503],[88.48013,22.53272],[88.47779,22.53752],[88.47707,22.5457],[88.47719,22.54817],[88.47806,22.55067],[88.47217,22.55421],[88.46581,22.56009],[88.45823,22.56768],[88.46392,22.5655],[88.4652,22.56786],[88.46678,22.56901],[88.46594,22.57289],[88.46726,22.57383],[88.46984,22.57329],[88.47151,22.57419],[88.4731,22.57658],[88.47463,22.57538],[88.47278,22.57345],[88.47478,22.57115],[88.47677,22.56705],[88.47926,22.56657],[88.48101,22.5672],[88.48351,22.56437],[88.48348,22.56171],[88.48479,22.55962],[88.48793,22.55924],[88.49024,22.55798],[88.49308,22.55784],[88.49337,22.55482],[88.49549,22.55485],[88.49672,22.55581],[88.5,22.55611],[88.50147,22.55688],[88.50345,22.55606],[88.5045,22.55709],[88.50619,22.55682],[88.50854,22.55884],[88.51222,22.55656],[88.5115,22.55397],[88.51262,22.55186],[88.51876,22.55116],[88.5195,22.54978],[88.52225,22.55069],[88.52536,22.55248],[88.52258,22.55568],[88.52287,22.55843],[88.52201,22.56115],[88.52366,22.56475],[88.5299,22.569],[88.53509,22.57456],[88.53749,22.57456],[88.53848,22.57544],[88.538,22.57895],[88.54072,22.58158],[88.54215,22.58195],[88.54135,22.58522],[88.54299,22.58531],[88.54447,22.58667],[88.54455,22.58939],[88.54709,22.59163],[88.54728,22.59301],[88.55272,22.59146],[88.5534,22.59269],[88.54813,22.59578],[88.54655,22.59971],[88.54557,22.60013],[88.54562,22.60337],[88.54401,22.60506],[88.54652,22.60932],[88.54975,22.60811],[88.55097,22.60863],[88.55337,22.613],[88.55422,22.6162],[88.55544,22.61846],[88.55758,22.61811],[88.55958,22.62189],[88.55974,22.62507],[88.56501,22.62367],[88.5699,22.62106],[88.57449,22.61954],[88.57599,22.61775],[88.57641,22.61569],[88.5775,22.61426],[88.58198,22.61207],[88.58371,22.61258],[88.58607,22.61497],[88.58972,22.61554],[88.59372,22.61369],[88.5943,22.61257],[88.59403,22.60861],[88.5929,22.60885],[88.59176,22.60711],[88.59234,22.60307],[88.59203,22.60063],[88.59065,22.59743],[88.59131,22.59689],[88.59928,22.59605],[88.60052,22.59242],[88.60356,22.59249],[88.60624,22.59203],[88.60706,22.59102],[88.61031,22.59168],[88.61164,22.59089],[88.61256,22.58768],[88.61198,22.58392],[88.61336,22.58173],[88.61687,22.58191],[88.62018,22.58075],[88.61989,22.5828],[88.62259,22.58228],[88.62494,22.57897],[88.62706,22.57527],[88.62531,22.57175],[88.62552,22.56808],[88.62383,22.56491],[88.62338,22.56273],[88.62531,22.5626],[88.6261,22.55908],[88.62822,22.55804],[88.63028,22.55819],[88.63081,22.55713],[88.62999,22.55408],[88.63055,22.55262],[88.62944,22.54792],[88.63288,22.54573],[88.634,22.54428],[88.6369,22.54316],[88.63837,22.54148],[88.6397,22.53883],[88.64079,22.538],[88.64157,22.53561],[88.64379,22.53261],[88.64428,22.53113],[88.64869,22.52862],[88.65228,22.52826],[88.65302,22.52752],[88.65199,22.52196],[88.65072,22.51955],[88.6544,22.51818],[88.65434,22.51707],[88.65699,22.51591],[88.65654,22.5138],[88.65477,22.51316],[88.65672,22.51048],[88.65651,22.50627],[88.6522,22.50448],[88.65067,22.49966],[88.64933,22.49771],[88.64936,22.49546],[88.65371,22.49589],[88.65689,22.49453],[88.66069,22.49501],[88.66411,22.4929],[88.66578,22.49274],[88.66554,22.491],[88.66878,22.48933],[88.67569,22.48443],[88.67587,22.48135],[88.67741,22.47975],[88.67988,22.47867],[88.6856,22.47387],[88.68652,22.46744],[88.69208,22.46285],[88.69956,22.46102],[88.70415,22.46107],[88.70317,22.45881],[88.70664,22.45684],[88.7078,22.45409],[88.70807,22.45141],[88.7076,22.44941],[88.70319,22.44572],[88.7023,22.4432],[88.70225,22.44131],[88.70346,22.43778],[88.70384,22.43373],[88.70618,22.43248],[88.70815,22.43227],[88.71125,22.43002],[88.71363,22.42997],[88.71547,22.42761],[88.72221,22.42763],[88.72389,22.42619],[88.72646,22.42542],[88.7304,22.42337],[88.73167,22.42087],[88.73419,22.42062],[88.73389,22.41483],[88.73336,22.41107],[88.73557,22.41026],[88.73797,22.40745],[88.74273,22.40274],[88.74533,22.40237],[88.74774,22.40105],[88.74912,22.39952],[88.75137,22.40129],[88.7528,22.40132],[88.7555,22.39839],[88.75542,22.39741],[88.75074,22.39388],[88.75112,22.3918],[88.75305,22.39155],[88.75582,22.39281],[88.75897,22.39676],[88.76079,22.398],[88.76434,22.39491],[88.76799,22.39273],[88.76824,22.39077],[88.76197,22.38735],[88.76138,22.38569],[88.76224,22.38318],[88.7651,22.37954],[88.76771,22.37992],[88.77027,22.38374],[88.77231,22.38786],[88.77409,22.38771],[88.77286,22.38279],[88.76926,22.37775],[88.76827,22.37481],[88.77022,22.37117],[88.77328,22.37019],[88.77551,22.37105],[88.77879,22.37117],[88.78029,22.37031],[88.78322,22.36753],[88.78736,22.3696],[88.79048,22.37041],[88.79575,22.37025],[88.79736,22.37108],[88.79917,22.37348],[88.80209,22.37395],[88.80337,22.37359],[88.80846,22.37419],[88.812,22.37196],[88.81699,22.37207],[88.82013,22.37167],[88.82159,22.37022],[88.81998,22.36561],[88.82006,22.36441],[88.82179,22.36131],[88.81816,22.36061],[88.81619,22.35736],[88.81518,22.35329],[88.81107,22.34779],[88.81038,22.34428],[88.8091,22.34069],[88.80621,22.3347],[88.80342,22.33068],[88.80365,22.32844],[88.80602,22.32539],[88.8109,22.32039],[88.81071,22.31571],[88.80769,22.30953],[88.80626,22.30366],[88.80446,22.29793],[88.80437,22.29104],[88.80526,22.28652],[88.80619,22.28603],[88.81004,22.2863],[88.81321,22.28608],[88.8159,22.28434],[88.81657,22.28313],[88.81695,22.27766],[88.81522,22.27683],[88.81474,22.27218],[88.81381,22.26952],[88.81459,22.26521],[88.81576,22.26394],[88.81912,22.26352],[88.82404,22.26532],[88.82599,22.26457],[88.82781,22.26488],[88.82999,22.26648],[88.83236,22.26974],[88.83494,22.27106],[88.83612,22.27412],[88.8385,22.27592],[88.84089,22.27553],[88.84231,22.2763],[88.84371,22.27911],[88.84819,22.28282],[88.84958,22.28676],[88.85124,22.28842],[88.85274,22.28457],[88.85531,22.28331],[88.85686,22.28089],[88.85908,22.27934],[88.86229,22.27806],[88.86411,22.27566],[88.86408,22.27345],[88.86548,22.27172],[88.86742,22.27198],[88.87073,22.27451],[88.87383,22.27543],[88.87728,22.27516],[88.8782,22.27454],[88.88145,22.26849],[88.88455,22.2679],[88.88828,22.26652],[88.88909,22.2649],[88.8906,22.25894],[88.89393,22.25637],[88.8968,22.25239],[88.90238,22.25248],[88.90537,22.25158],[88.906,22.2521],[88.90596,22.25498],[88.90753,22.25919],[88.90688,22.26378],[88.90844,22.26757],[88.91503,22.27087],[88.91579,22.27069],[88.91917,22.2658],[88.92248,22.26151],[88.92389,22.26024],[88.92521,22.2608],[88.92727,22.26358],[88.93227,22.26313],[88.9346,22.26325],[88.93548,22.26233],[88.93469,22.25823],[88.93566,22.25601],[88.93839,22.25293],[88.94037,22.25189],[88.94954,22.24908],[88.9532,22.24587],[88.95511,22.2429],[88.95628,22.24019],[88.95838,22.23189],[88.95939,22.22299],[88.96082,22.21898],[88.96188,22.21494],[88.9643,22.20981],[88.96615,22.20703],[88.96967,22.20431],[88.97569,22.20147],[88.97968,22.20085],[88.9839,22.20108],[88.98879,22.20187],[88.99585,22.20382],[88.99706,22.2055],[89.00212,22.20387],[89.01392,22.20079],[89.01905,22.19826],[89.02128,22.1953],[89.02274,22.19176],[89.02345,22.18858],[89.02265,22.18531],[89.02126,22.17676],[89.02126,22.16772],[89.02279,22.16042],[89.02474,22.15523],[89.02943,22.14907],[89.03341,22.14538],[89.04516,22.13902],[89.04952,22.13579],[89.05411,22.13057],[89.05948,22.1209],[89.05967,22.12015]]]},"properties":{"OBJECTID":546,"dtname":"North 24 Parganas","stname":"West Bengal","stcode11":"19","dtcode11":"337","year_stat":"2011_c","dist_lgd":303,"state_lgd":19,"SHAPE_Length":655871.6543627644,"SHAPE_Area":4729658074.196226,"remarks":" ","d_pan_code":263,"d_pan_name":"North 24 Parganas","New_Name":"North 24 Parganas","mached":"-1"},"id":546},
{"type":"Feature","geometry":{"type":"Polygon","coordinates":[[[87.52222,22.93049],[87.51745,22.93095],[87.51669,22.92619],[87.5153,22.92368],[87.51383,22.9237],[87.51243,22.92168],[87.51083,22.92333],[87.51124,22.92493],[87.50835,22.92581],[87.50754,22.92501],[87.50464,22.92529],[87.50339,22.9262],[87.50191,22.92505],[87.49948,22.9261],[87.49884,22.92212],[87.4974,22.92174],[87.49594,22.92007],[87.49283,22.91952],[87.48341,22.91391],[87.48051,22.91416],[87.47854,22.91349],[87.4758,22.91088],[87.47373,22.91013],[87.47059,22.91008],[87.46834,22.91093],[87.46636,22.91075],[87.45963,22.91179],[87.45564,22.91476],[87.45537,22.91557],[87.45207,22.91622],[87.44725,22.92081],[87.44154,22.92164],[87.43396,22.92515],[87.4265,22.92412],[87.42205,22.9247],[87.42202,22.93016],[87.41131,22.93323],[87.39937,22.93379],[87.3991,22.93901],[87.39632,22.94008],[87.3938,22.94018],[87.39238,22.94232],[87.38591,22.94193],[87.3822,22.94286],[87.37735,22.94246],[87.37392,22.94255],[87.37237,22.9421],[87.37033,22.94473],[87.36535,22.9466],[87.36201,22.94863],[87.36194,22.9505],[87.35984,22.95179],[87.35884,22.95519],[87.34934,22.95183],[87.34656,22.94979],[87.34378,22.94941],[87.33674,22.94722],[87.33086,22.94791],[87.32801,22.94595],[87.3245,22.94703],[87.32092,22.9469],[87.31828,22.9454],[87.31713,22.94373],[87.31524,22.93786],[87.31243,22.93334],[87.30821,22.92936],[87.30343,22.9266],[87.30051,22.92569],[87.29349,22.92454],[87.28703,22.92218],[87.28629,22.92132],[87.28516,22.91221],[87.28467,22.91145],[87.2762,22.90889],[87.27311,22.90673],[87.27108,22.9035],[87.26816,22.90442],[87.26798,22.9066],[87.26533,22.90465],[87.26036,22.90409],[87.25703,22.90167],[87.25601,22.902],[87.25469,22.90009],[87.25035,22.89779],[87.24948,22.89631],[87.24787,22.89565],[87.24393,22.89626],[87.23623,22.89981],[87.2331,22.9022],[87.23037,22.90281],[87.22827,22.90551],[87.22577,22.90711],[87.22198,22.90782],[87.22082,22.90731],[87.21844,22.90301],[87.21586,22.90128],[87.2153,22.89828],[87.21284,22.89625],[87.21232,22.89474],[87.21031,22.89389],[87.20806,22.89438],[87.20497,22.8942],[87.2028,22.89499],[87.20246,22.89382],[87.19845,22.8926],[87.19766,22.89169],[87.19254,22.88842],[87.18607,22.88856],[87.18254,22.89132],[87.181,22.89155],[87.17392,22.89065],[87.17133,22.89004],[87.16978,22.88787],[87.16876,22.88384],[87.16685,22.8817],[87.16552,22.87928],[87.16261,22.87534],[87.15998,22.87316],[87.15711,22.87145],[87.15493,22.86952],[87.15298,22.86592],[87.15111,22.86486],[87.14976,22.86287],[87.14385,22.85684],[87.14299,22.85565],[87.1423,22.85264],[87.14121,22.85166],[87.13692,22.85046],[87.13563,22.84849],[87.13344,22.84875],[87.1317,22.84656],[87.12939,22.84585],[87.12828,22.84427],[87.10847,22.84559],[87.1024,22.84579],[87.09731,22.84459],[87.09292,22.84432],[87.08846,22.84574],[87.07828,22.84636],[87.0737,22.84842],[87.07116,22.85056],[87.06635,22.85122],[87.06382,22.85075],[87.06096,22.84887],[87.05989,22.84493],[87.06077,22.84204],[87.06032,22.83832],[87.06114,22.83503],[87.06107,22.83128],[87.05831,22.82633],[87.05478,22.82504],[87.05354,22.8228],[87.05689,22.82034],[87.05552,22.81969],[87.05822,22.81191],[87.05788,22.80965],[87.06528,22.80272],[87.06533,22.79761],[87.06494,22.79258],[87.06659,22.79126],[87.06938,22.78769],[87.07021,22.78762],[87.07151,22.78493],[87.07573,22.78422],[87.07804,22.78177],[87.07866,22.77909],[87.07982,22.77107],[87.08137,22.76772],[87.08147,22.76635],[87.08288,22.7648],[87.08292,22.75883],[87.08238,22.75636],[87.0837,22.74754],[87.08859,22.73914],[87.08299,22.73368],[87.07993,22.73206],[87.07593,22.72584],[87.07805,22.72514],[87.08157,22.72143],[87.08745,22.72049],[87.09038,22.71919],[87.0893,22.71633],[87.08971,22.71239],[87.09076,22.70729],[87.09407,22.70658],[87.09359,22.70269],[87.09556,22.70034],[87.09963,22.69925],[87.0988,22.69623],[87.10165,22.69446],[87.11359,22.69444],[87.11649,22.69332],[87.11817,22.69054],[87.11966,22.6866],[87.1236,22.68329],[87.11576,22.67178],[87.10969,22.66918],[87.10256,22.66582],[87.10145,22.66352],[87.10033,22.66293],[87.09664,22.66298],[87.09656,22.65804],[87.09739,22.65546],[87.09734,22.65235],[87.09676,22.64888],[87.0945,22.6444],[87.09012,22.63859],[87.08876,22.63271],[87.09007,22.62997],[87.09298,22.62586],[87.09774,22.61615],[87.10108,22.61149],[87.102,22.60893],[87.10079,22.60068],[87.09613,22.59553],[87.09537,22.59329],[87.09283,22.58923],[87.09229,22.58761],[87.09235,22.58472],[87.09458,22.58231],[87.09683,22.57907],[87.09899,22.57674],[87.1001,22.57462],[87.10267,22.57341],[87.10156,22.56413],[87.10578,22.55804],[87.10657,22.55094],[87.10968,22.54964],[87.11355,22.54523],[87.11451,22.54021],[87.11292,22.53697],[87.11191,22.53606],[87.10715,22.53509],[87.10547,22.53258],[87.10253,22.52967],[87.10027,22.52615],[87.09733,22.52247],[87.09482,22.52118],[87.09314,22.51767],[87.09292,22.51104],[87.08883,22.50852],[87.0881,22.50306],[87.08891,22.50197],[87.08841,22.49953],[87.09168,22.49391],[87.09133,22.49151],[87.09135,22.48727],[87.09073,22.48505],[87.08461,22.47804],[87.0826,22.47503],[87.08267,22.47314],[87.08396,22.46941],[87.08558,22.46772],[87.08907,22.46586],[87.09083,22.46539],[87.09497,22.46529],[87.09872,22.46618],[87.10206,22.46544],[87.10534,22.46527],[87.11158,22.46348],[87.11528,22.46075],[87.11671,22.45896],[87.11807,22.45606],[87.11883,22.45144],[87.11671,22.45027],[87.11666,22.44834],[87.11935,22.44608],[87.11553,22.44033],[87.11433,22.43928],[87.11075,22.43818],[87.10685,22.43561],[87.10339,22.43166],[87.10622,22.42946],[87.10999,22.42834],[87.11301,22.42853],[87.11633,22.4282],[87.11936,22.42696],[87.12758,22.42429],[87.13345,22.423],[87.14075,22.42204],[87.147,22.42079],[87.15163,22.42048],[87.1553,22.42284],[87.16022,22.42524],[87.16263,22.42531],[87.16446,22.42387],[87.16614,22.4209],[87.16634,22.41906],[87.16471,22.41343],[87.1627,22.4096],[87.16826,22.40108],[87.17305,22.39568],[87.17517,22.39537],[87.1839,22.39535],[87.18714,22.39581],[87.19111,22.39742],[87.19966,22.40472],[87.20171,22.4069],[87.20623,22.40877],[87.20803,22.41074],[87.21153,22.41048],[87.21623,22.41118],[87.21708,22.41097],[87.22436,22.41178],[87.22928,22.4119],[87.23173,22.41241],[87.23167,22.41094],[87.23683,22.40877],[87.23861,22.40887],[87.24106,22.4099],[87.24348,22.4154],[87.24554,22.4163],[87.25351,22.41291],[87.25102,22.40719],[87.25401,22.40644],[87.25615,22.40514],[87.25834,22.40271],[87.25529,22.39894],[87.2529,22.39973],[87.25153,22.39777],[87.2487,22.39975],[87.24572,22.39946],[87.2437,22.39569],[87.24492,22.3935],[87.2447,22.39212],[87.24315,22.39056],[87.24105,22.39042],[87.23793,22.38876],[87.23698,22.38715],[87.22883,22.38683],[87.2257,22.38522],[87.22202,22.38421],[87.21946,22.38067],[87.21713,22.38192],[87.21383,22.38246],[87.20903,22.37831],[87.20509,22.37824],[87.20417,22.37619],[87.20007,22.37722],[87.19887,22.3749],[87.19676,22.37622],[87.1945,22.37643],[87.19101,22.37596],[87.18928,22.3765],[87.18704,22.37408],[87.18128,22.3696],[87.18032,22.3652],[87.17881,22.3624],[87.17657,22.35926],[87.17419,22.35513],[87.17111,22.3477],[87.16836,22.3449],[87.16693,22.3393],[87.16427,22.33893],[87.16011,22.34122],[87.15678,22.34203],[87.15776,22.33712],[87.15549,22.33106],[87.15621,22.33018],[87.16252,22.3272],[87.16548,22.32966],[87.17589,22.32499],[87.17383,22.32148],[87.17593,22.32028],[87.18018,22.31958],[87.18934,22.31702],[87.18868,22.31416],[87.19238,22.31205],[87.19551,22.30715],[87.19757,22.30489],[87.20079,22.30396],[87.20618,22.30465],[87.20343,22.29827],[87.20354,22.2964],[87.19726,22.29012],[87.193,22.284],[87.192,22.282],[87.19581,22.27899],[87.19903,22.27702],[87.2021,22.27335],[87.20339,22.27276],[87.21007,22.27206],[87.21126,22.27169],[87.21661,22.26833],[87.21802,22.26686],[87.22102,22.26051],[87.22137,22.25736],[87.22779,22.24834],[87.22772,22.24139],[87.22687,22.23793],[87.22547,22.23556],[87.22639,22.23459],[87.22571,22.23253],[87.2261,22.2304],[87.22452,22.23026],[87.22262,22.22772],[87.2204,22.22818],[87.21877,22.22776],[87.21609,22.2288],[87.21527,22.23044],[87.2159,22.23316],[87.21396,22.23345],[87.21298,22.2349],[87.2096,22.23712],[87.20681,22.23801],[87.20393,22.23729],[87.20354,22.23577],[87.20164,22.23338],[87.19918,22.23294],[87.19745,22.23405],[87.19415,22.23399],[87.1918,22.23919],[87.18937,22.23935],[87.18739,22.23558],[87.18617,22.23497],[87.18354,22.23592],[87.18096,22.23528],[87.17654,22.23628],[87.1764,22.23367],[87.17392,22.22715],[87.17413,22.22082],[87.17262,22.21877],[87.17455,22.21545],[87.17485,22.21364],[87.17232,22.20913],[87.1729,22.20758],[87.17564,22.20638],[87.17716,22.20515],[87.1797,22.1991],[87.1827,22.19623],[87.18279,22.19445],[87.18159,22.19229],[87.17895,22.19026],[87.17956,22.18724],[87.17797,22.1865],[87.17427,22.1897],[87.17154,22.19145],[87.17068,22.19118],[87.17031,22.1864],[87.17185,22.18385],[87.17371,22.18179],[87.17382,22.17926],[87.17315,22.17703],[87.17206,22.17589],[87.16925,22.17447],[87.17007,22.16832],[87.17103,22.1658],[87.17007,22.1629],[87.16874,22.16109],[87.16898,22.15708],[87.16887,22.1522],[87.17714,22.15313],[87.18022,22.15209],[87.18035,22.15088],[87.18232,22.149],[87.18216,22.14488],[87.17902,22.13832],[87.17455,22.13837],[87.17176,22.13951],[87.16754,22.14331],[87.16602,22.14625],[87.16379,22.14734],[87.1611,22.14937],[87.1597,22.1498],[87.15806,22.14699],[87.15653,22.14569],[87.15291,22.14457],[87.15201,22.14214],[87.15,22.13931],[87.15271,22.13861],[87.15355,22.13713],[87.15139,22.13538],[87.14991,22.13533],[87.14595,22.13178],[87.13981,22.12752],[87.1375,22.12547],[87.13952,22.12258],[87.1427,22.12006],[87.14114,22.11801],[87.14036,22.113],[87.14209,22.10823],[87.14463,22.10586],[87.14386,22.1031],[87.13996,22.09946],[87.13865,22.09555],[87.13504,22.0892],[87.14263,22.08549],[87.15507,22.08588],[87.15662,22.08329],[87.1638,22.07301],[87.16585,22.06887],[87.16719,22.06695],[87.17034,22.06005],[87.17223,22.05664],[87.1784,22.0534],[87.1819,22.05033],[87.18446,22.04687],[87.19399,22.03938],[87.19164,22.03576],[87.19234,22.03422],[87.1949,22.03616],[87.19719,22.03677],[87.19811,22.03601],[87.2044,22.0249],[87.20654,22.02248],[87.20931,22.01762],[87.21291,22.00798],[87.21288,22.00502],[87.21448,22.00505],[87.21661,22.00188],[87.21577,21.99921],[87.21643,21.99245],[87.2183,21.98577],[87.22314,21.98424],[87.22992,21.98156],[87.23204,21.97936],[87.23206,21.97364],[87.23142,21.9704],[87.22605,21.96325],[87.22579,21.95756],[87.22963,21.95782],[87.23119,21.95739],[87.23499,21.9497],[87.23616,21.94494],[87.23903,21.94097],[87.2406,21.93939],[87.24324,21.93808],[87.24665,21.9376],[87.24896,21.93668],[87.24981,21.93497],[87.24766,21.93183],[87.2455,21.92778],[87.24541,21.92396],[87.24977,21.91835],[87.24894,21.91478],[87.24672,21.91314],[87.24241,21.91068],[87.23939,21.90936],[87.23629,21.90707],[87.23495,21.90416],[87.23426,21.90105],[87.23541,21.89884],[87.23755,21.89647],[87.24211,21.89262],[87.24293,21.89078],[87.24755,21.88329],[87.25164,21.87854],[87.2525,21.87452],[87.2514,21.86886],[87.24988,21.86388],[87.2478,21.8609],[87.24903,21.85323],[87.25079,21.85185],[87.25954,21.84921],[87.25849,21.84495],[87.25895,21.84343],[87.26077,21.84226],[87.26088,21.84074],[87.26542,21.83868],[87.26409,21.83562],[87.26526,21.83466],[87.26501,21.83007],[87.26754,21.82994],[87.26916,21.82772],[87.27088,21.82706],[87.26957,21.82391],[87.26827,21.8231],[87.2642,21.82325],[87.2639,21.81858],[87.26672,21.81772],[87.27311,21.8171],[87.27555,21.81621],[87.27509,21.81436],[87.27601,21.81117],[87.27516,21.80968],[87.27738,21.80501],[87.28285,21.80449],[87.28272,21.80276],[87.28613,21.80367],[87.28653,21.80488],[87.28876,21.80593],[87.28835,21.80726],[87.29006,21.80789],[87.29059,21.81132],[87.29698,21.81155],[87.29762,21.81062],[87.29719,21.8084],[87.29589,21.80529],[87.29808,21.80487],[87.29838,21.80121],[87.30405,21.79912],[87.30614,21.7998],[87.30813,21.79873],[87.30989,21.79869],[87.30983,21.79572],[87.31093,21.79383],[87.31243,21.79516],[87.31468,21.79532],[87.3212,21.7978],[87.31894,21.79462],[87.31946,21.79072],[87.32497,21.79099],[87.32517,21.79181],[87.32897,21.79052],[87.33113,21.79215],[87.33152,21.79351],[87.33603,21.79354],[87.33639,21.79],[87.33751,21.7883],[87.33798,21.78593],[87.34056,21.78571],[87.34188,21.78875],[87.34547,21.7909],[87.34619,21.79238],[87.34794,21.7931],[87.351,21.79312],[87.35552,21.79217],[87.35682,21.78945],[87.3555,21.78828],[87.35566,21.78639],[87.35941,21.78505],[87.35941,21.78259],[87.3676,21.78088],[87.36865,21.77963],[87.37138,21.77927],[87.37207,21.77611],[87.37306,21.77435],[87.37131,21.76806],[87.36995,21.76763],[87.36966,21.76543],[87.37376,21.76499],[87.37376,21.77246],[87.37458,21.77321],[87.3789,21.77384],[87.38227,21.77622],[87.38767,21.77674],[87.39091,21.77608],[87.39343,21.77621],[87.39397,21.7726],[87.39223,21.77259],[87.39172,21.77086],[87.39563,21.77067],[87.39553,21.76713],[87.39795,21.76657],[87.39946,21.76778],[87.40128,21.76759],[87.40371,21.77056],[87.41076,21.77018],[87.41551,21.76949],[87.41919,21.76949],[87.42292,21.77008],[87.42459,21.77158],[87.42851,21.77025],[87.4308,21.77015],[87.4315,21.76931],[87.43458,21.76973],[87.43518,21.77048],[87.44029,21.76993],[87.44033,21.77179],[87.44152,21.77321],[87.43945,21.7756],[87.43914,21.78066],[87.43809,21.78186],[87.43882,21.78979],[87.43653,21.79232],[87.43542,21.79271],[87.42791,21.79299],[87.42619,21.79516],[87.42611,21.79655],[87.42876,21.79891],[87.43104,21.80322],[87.43168,21.80364],[87.43626,21.80376],[87.43852,21.80825],[87.43722,21.81295],[87.4388,21.81335],[87.44113,21.81982],[87.44128,21.82105],[87.44479,21.82151],[87.44492,21.82582],[87.44381,21.82945],[87.44148,21.83122],[87.44066,21.83382],[87.44088,21.83966],[87.44567,21.84138],[87.45124,21.84538],[87.45651,21.84531],[87.45617,21.85101],[87.45678,21.85398],[87.45463,21.85541],[87.45549,21.85741],[87.45521,21.86019],[87.45708,21.86104],[87.45744,21.86453],[87.45636,21.86755],[87.45583,21.87483],[87.45211,21.87575],[87.45059,21.87657],[87.44958,21.88137],[87.44946,21.88763],[87.44872,21.89017],[87.44974,21.89267],[87.45253,21.89165],[87.45498,21.8916],[87.45698,21.89238],[87.46052,21.89681],[87.46433,21.89605],[87.46711,21.89609],[87.47159,21.89842],[87.47712,21.89929],[87.47777,21.9071],[87.48052,21.91292],[87.48146,21.91598],[87.48409,21.92108],[87.48315,21.92309],[87.48282,21.92665],[87.48104,21.93029],[87.48147,21.93905],[87.48638,21.93845],[87.48901,21.93938],[87.49026,21.93839],[87.49359,21.93742],[87.49525,21.9378],[87.49632,21.94066],[87.49898,21.94372],[87.49807,21.94712],[87.49831,21.94875],[87.49964,21.9503],[87.50534,21.94813],[87.50974,21.94771],[87.51254,21.94798],[87.51321,21.95029],[87.51262,21.95162],[87.51008,21.95203],[87.50916,21.95505],[87.5063,21.95805],[87.50177,21.9593],[87.50027,21.95929],[87.49758,21.95754],[87.49309,21.95697],[87.48691,21.9568],[87.48597,21.95712],[87.48591,21.95991],[87.48434,21.96298],[87.48479,21.96672],[87.4846,21.96959],[87.48143,21.9781],[87.47919,21.97969],[87.48091,21.98333],[87.48345,21.9823],[87.48324,21.99013],[87.4792,21.99075],[87.47983,21.99704],[87.47834,22.00168],[87.4716,22.0033],[87.46905,22.00477],[87.46272,22.00562],[87.46113,22.00535],[87.45999,22.00644],[87.46109,22.00936],[87.46332,22.01176],[87.46243,22.01881],[87.46265,22.02037],[87.46466,22.02448],[87.46515,22.02657],[87.47064,22.02752],[87.47269,22.02958],[87.47164,22.03074],[87.47235,22.03215],[87.47441,22.03263],[87.47487,22.03469],[87.47705,22.03703],[87.479,22.03781],[87.48146,22.03634],[87.48388,22.03194],[87.48591,22.03187],[87.48707,22.03703],[87.48921,22.04132],[87.49055,22.04551],[87.48475,22.04513],[87.48162,22.04625],[87.47854,22.0465],[87.47839,22.05245],[87.48036,22.05943],[87.48212,22.06114],[87.4862,22.06177],[87.48713,22.06262],[87.485,22.06425],[87.47686,22.06592],[87.47682,22.06856],[87.47541,22.0689],[87.47448,22.0736],[87.47509,22.07462],[87.47701,22.0748],[87.4806,22.07767],[87.48339,22.08081],[87.48651,22.08286],[87.48784,22.08312],[87.49085,22.08581],[87.49142,22.08857],[87.49325,22.08914],[87.49757,22.08858],[87.50375,22.08849],[87.50904,22.0872],[87.51062,22.08792],[87.51406,22.08839],[87.51904,22.08757],[87.52081,22.08788],[87.52675,22.08804],[87.53082,22.08864],[87.53296,22.08716],[87.53284,22.0843],[87.5362,22.08193],[87.53907,22.08146],[87.54352,22.08415],[87.54561,22.08405],[87.5493,22.08298],[87.55496,22.08289],[87.55898,22.08823],[87.56101,22.09186],[87.56412,22.09454],[87.5674,22.09501],[87.57244,22.09327],[87.57551,22.09323],[87.58043,22.09546],[87.58653,22.09963],[87.59333,22.10282],[87.59583,22.10294],[87.60626,22.10098],[87.61237,22.10025],[87.61463,22.10173],[87.61735,22.1019],[87.62196,22.10149],[87.62661,22.10205],[87.63171,22.10342],[87.63838,22.10451],[87.64399,22.10331],[87.65247,22.10312],[87.66009,22.10357],[87.66245,22.10442],[87.67339,22.10472],[87.67455,22.1076],[87.67758,22.11164],[87.68555,22.11677],[87.69134,22.12262],[87.70086,22.12453],[87.70202,22.12581],[87.70331,22.13467],[87.70354,22.13848],[87.70458,22.14012],[87.70451,22.14372],[87.70527,22.14808],[87.70461,22.15341],[87.70726,22.1564],[87.70874,22.15882],[87.70901,22.16083],[87.70873,22.16473],[87.71268,22.17037],[87.71082,22.17281],[87.70868,22.17721],[87.70953,22.18052],[87.71319,22.1801],[87.71505,22.18693],[87.71644,22.18588],[87.71713,22.18382],[87.71871,22.18213],[87.72005,22.18184],[87.72294,22.18282],[87.72762,22.18674],[87.72891,22.18891],[87.72925,22.19077],[87.7284,22.19253],[87.72915,22.19426],[87.72883,22.19654],[87.72978,22.20111],[87.72953,22.20364],[87.72766,22.20436],[87.71763,22.20512],[87.71278,22.20628],[87.71253,22.20753],[87.71401,22.21454],[87.71213,22.21616],[87.7079,22.21668],[87.70446,22.21655],[87.70191,22.21695],[87.69919,22.21839],[87.70028,22.22784],[87.7,22.23134],[87.70184,22.24288],[87.70297,22.24491],[87.70349,22.2478],[87.70362,22.25265],[87.7054,22.26478],[87.70575,22.26923],[87.70784,22.26944],[87.70673,22.27313],[87.707,22.27577],[87.70563,22.27895],[87.70666,22.28296],[87.70788,22.28622],[87.70952,22.28927],[87.71216,22.29284],[87.71438,22.29726],[87.71771,22.30636],[87.71896,22.30871],[87.72006,22.31305],[87.72127,22.31561],[87.72383,22.31826],[87.72351,22.31975],[87.72087,22.32149],[87.71609,22.32295],[87.7146,22.32392],[87.70903,22.32506],[87.70685,22.3258],[87.70591,22.32794],[87.7001,22.3292],[87.69833,22.32926],[87.6952,22.3269],[87.69127,22.32716],[87.68952,22.32601],[87.68737,22.32566],[87.68298,22.3257],[87.67773,22.3245],[87.67529,22.32484],[87.67374,22.32644],[87.67291,22.32938],[87.67132,22.3271],[87.6687,22.32769],[87.66573,22.32379],[87.6639,22.32407],[87.66433,22.32651],[87.66348,22.32919],[87.66543,22.33081],[87.65993,22.33074],[87.65658,22.33196],[87.65488,22.33114],[87.6541,22.32839],[87.65158,22.32685],[87.65101,22.32551],[87.64921,22.32603],[87.64697,22.32576],[87.6471,22.3298],[87.64979,22.33085],[87.64844,22.33281],[87.64646,22.33167],[87.64415,22.33353],[87.64592,22.33537],[87.64623,22.33753],[87.64443,22.34038],[87.64393,22.34556],[87.64547,22.34855],[87.64498,22.35364],[87.6451,22.35978],[87.64612,22.36251],[87.64448,22.36399],[87.6479,22.3674],[87.64854,22.37055],[87.64837,22.37312],[87.64935,22.37573],[87.65085,22.37742],[87.65178,22.38315],[87.65406,22.39503],[87.6549,22.3985],[87.65784,22.4006],[87.65822,22.40764],[87.65809,22.4093],[87.65604,22.41092],[87.65636,22.41556],[87.65561,22.41997],[87.65506,22.42082],[87.65265,22.42125],[87.65203,22.42653],[87.65102,22.4267],[87.64896,22.42975],[87.64608,22.43146],[87.64593,22.43437],[87.64761,22.43711],[87.64979,22.43879],[87.65304,22.44675],[87.65228,22.44803],[87.65288,22.45064],[87.65465,22.45281],[87.65651,22.45301],[87.65675,22.45622],[87.65825,22.45761],[87.65863,22.46013],[87.66,22.46196],[87.6667,22.46037],[87.67085,22.46062],[87.67229,22.4646],[87.67388,22.46584],[87.67424,22.46852],[87.67362,22.46974],[87.67337,22.4774],[87.67293,22.48057],[87.67381,22.48365],[87.67649,22.48496],[87.6771,22.48619],[87.67989,22.48685],[87.68327,22.4888],[87.68899,22.48989],[87.68951,22.4928],[87.68962,22.49676],[87.69032,22.49985],[87.69048,22.50506],[87.69136,22.50738],[87.69329,22.50688],[87.69858,22.50429],[87.70151,22.50107],[87.70267,22.49854],[87.70633,22.49517],[87.70899,22.49025],[87.71012,22.48937],[87.71509,22.48853],[87.71774,22.48903],[87.72267,22.48907],[87.72574,22.48816],[87.72891,22.4885],[87.73898,22.48729],[87.74039,22.4865],[87.74165,22.48436],[87.74073,22.48214],[87.74358,22.47959],[87.74639,22.47854],[87.74537,22.47641],[87.74628,22.47455],[87.7541,22.47373],[87.75714,22.47303],[87.76165,22.47322],[87.76228,22.47482],[87.7703,22.47774],[87.77658,22.47861],[87.77892,22.48167],[87.78456,22.48514],[87.78517,22.4837],[87.78767,22.48077],[87.78812,22.47813],[87.79045,22.47936],[87.79265,22.47893],[87.79647,22.48069],[87.79902,22.48266],[87.79949,22.48428],[87.80176,22.48631],[87.80299,22.48882],[87.80547,22.49068],[87.8094,22.49301],[87.81457,22.49486],[87.81609,22.49593],[87.81595,22.49872],[87.81684,22.49938],[87.82263,22.49959],[87.82511,22.49857],[87.82932,22.50022],[87.83116,22.50165],[87.8322,22.50391],[87.83337,22.5045],[87.83928,22.50553],[87.84375,22.50866],[87.84656,22.50974],[87.84633,22.5118],[87.85195,22.51128],[87.85587,22.50995],[87.85874,22.51078],[87.8652,22.51094],[87.86689,22.51053],[87.87312,22.51082],[87.88389,22.50918],[87.88484,22.50936],[87.88517,22.51321],[87.88605,22.51622],[87.88731,22.51786],[87.89064,22.51939],[87.89029,22.52073],[87.88733,22.52514],[87.88228,22.52778],[87.87591,22.53025],[87.8718,22.53222],[87.87007,22.53228],[87.86631,22.53136],[87.86345,22.53315],[87.8624,22.53582],[87.86153,22.53998],[87.85911,22.54187],[87.85637,22.5431],[87.8537,22.54506],[87.85127,22.54834],[87.85057,22.55173],[87.84458,22.55506],[87.84335,22.55818],[87.8442,22.5615],[87.84679,22.56393],[87.84716,22.56587],[87.84655,22.57322],[87.8489,22.57814],[87.84899,22.58214],[87.84965,22.58363],[87.85234,22.58537],[87.85581,22.58646],[87.85593,22.58774],[87.8547,22.59068],[87.85223,22.59516],[87.85092,22.59741],[87.84671,22.60119],[87.8426,22.60338],[87.83598,22.60447],[87.82587,22.60729],[87.82469,22.60995],[87.82567,22.61378],[87.82455,22.61609],[87.82348,22.61604],[87.81982,22.61395],[87.81654,22.61391],[87.81439,22.61498],[87.81412,22.61892],[87.81265,22.62247],[87.81322,22.62868],[87.81498,22.63281],[87.8132,22.6352],[87.81124,22.63582],[87.8083,22.63262],[87.80513,22.63269],[87.80335,22.63386],[87.80181,22.63642],[87.80093,22.63915],[87.80095,22.64242],[87.79854,22.64689],[87.79868,22.65089],[87.79761,22.65245],[87.79361,22.65208],[87.79123,22.65387],[87.78967,22.65873],[87.78454,22.66109],[87.78389,22.66176],[87.78409,22.66486],[87.7782,22.67033],[87.77834,22.67305],[87.77758,22.67474],[87.77527,22.67786],[87.77349,22.67942],[87.77242,22.68137],[87.77202,22.68431],[87.76802,22.68516],[87.76642,22.68728],[87.76463,22.68806],[87.76301,22.69558],[87.76278,22.69769],[87.76045,22.69726],[87.75993,22.70053],[87.7612,22.70291],[87.76367,22.70478],[87.76563,22.70815],[87.76449,22.70962],[87.7639,22.71269],[87.76352,22.7173],[87.76209,22.72041],[87.76039,22.72235],[87.76078,22.72385],[87.75672,22.72465],[87.75501,22.72904],[87.75413,22.73014],[87.75156,22.73076],[87.75,22.7341],[87.74751,22.73665],[87.74573,22.73701],[87.74204,22.73642],[87.74106,22.73744],[87.74351,22.73941],[87.74341,22.74215],[87.74482,22.74238],[87.74455,22.74542],[87.74122,22.74736],[87.74074,22.75155],[87.74147,22.75724],[87.74294,22.75748],[87.74471,22.76019],[87.74435,22.76508],[87.74454,22.76817],[87.74389,22.77081],[87.74055,22.77366],[87.739,22.77349],[87.73975,22.77827],[87.73634,22.77741],[87.73363,22.7772],[87.73346,22.77486],[87.72843,22.77558],[87.72679,22.77508],[87.72516,22.77562],[87.72576,22.7784],[87.72678,22.77944],[87.72635,22.78229],[87.72678,22.78677],[87.72531,22.78856],[87.72333,22.78804],[87.71817,22.78861],[87.71703,22.78663],[87.71472,22.7869],[87.71032,22.78533],[87.70854,22.78539],[87.70673,22.78662],[87.70543,22.78638],[87.70238,22.78188],[87.70239,22.77936],[87.6991,22.77951],[87.69433,22.78119],[87.69302,22.77917],[87.69078,22.77943],[87.68958,22.77781],[87.68755,22.77785],[87.68593,22.77601],[87.68064,22.77935],[87.67863,22.77988],[87.67701,22.78292],[87.67774,22.78568],[87.6793,22.78879],[87.6807,22.78928],[87.68109,22.79179],[87.68415,22.79365],[87.68541,22.79744],[87.68306,22.79781],[87.68363,22.80066],[87.67945,22.80018],[87.67569,22.80352],[87.67557,22.80647],[87.67266,22.80486],[87.67001,22.80439],[87.66965,22.80574],[87.66616,22.80462],[87.6626,22.80649],[87.6611,22.80452],[87.65914,22.80316],[87.65769,22.80349],[87.65511,22.80256],[87.6538,22.80131],[87.64958,22.80188],[87.65009,22.8037],[87.64791,22.80532],[87.64735,22.80389],[87.64504,22.80424],[87.64327,22.80519],[87.63953,22.80566],[87.6402,22.80695],[87.63712,22.8096],[87.63543,22.80927],[87.63241,22.8112],[87.62986,22.81196],[87.62922,22.81361],[87.62956,22.81658],[87.62824,22.81829],[87.62936,22.82136],[87.6275,22.82395],[87.6264,22.82426],[87.62594,22.82668],[87.62392,22.82819],[87.62465,22.82948],[87.6243,22.8315],[87.62245,22.8327],[87.62462,22.83419],[87.62371,22.83544],[87.62439,22.83675],[87.62119,22.84057],[87.62237,22.8436],[87.62173,22.84589],[87.61724,22.84658],[87.61606,22.84624],[87.61398,22.84866],[87.60976,22.85053],[87.60797,22.8493],[87.60445,22.8493],[87.59893,22.84461],[87.59758,22.84279],[87.59615,22.8433],[87.58967,22.842],[87.58688,22.8432],[87.58613,22.84545],[87.58307,22.84531],[87.58022,22.84455],[87.5791,22.84713],[87.57322,22.85003],[87.57036,22.85011],[87.56921,22.85134],[87.56969,22.85271],[87.56759,22.85463],[87.56692,22.85653],[87.56465,22.85659],[87.56446,22.85791],[87.55943,22.85973],[87.55568,22.86743],[87.55362,22.86767],[87.55301,22.86658],[87.55116,22.8666],[87.5433,22.86544],[87.53808,22.86616],[87.53373,22.86706],[87.53162,22.86682],[87.52889,22.86545],[87.5253,22.86435],[87.52225,22.86591],[87.51606,22.86653],[87.51702,22.87031],[87.51992,22.87215],[87.52149,22.87147],[87.52717,22.87135],[87.52859,22.87279],[87.52901,22.87636],[87.53086,22.87639],[87.53255,22.87869],[87.53304,22.88071],[87.53231,22.88334],[87.52931,22.8853],[87.52563,22.8861],[87.52602,22.88883],[87.52277,22.88941],[87.52306,22.89344],[87.52722,22.89389],[87.52727,22.89748],[87.52448,22.89858],[87.52179,22.89837],[87.52045,22.89669],[87.51064,22.89723],[87.51088,22.90307],[87.50589,22.90346],[87.5052,22.90578],[87.50557,22.91013],[87.50487,22.91221],[87.50577,22.91456],[87.50585,22.91687],[87.50804,22.91813],[87.51011,22.91742],[87.51676,22.91709],[87.5188,22.91589],[87.52234,22.91724],[87.52385,22.91881],[87.52359,22.92062],[87.5223,22.92121],[87.52241,22.9239],[87.5238,22.92516],[87.52228,22.92663],[87.52222,22.93049]]]},"properties":{"OBJECTID":554,"dtname":"Paschim Medinipur","stname":"West Bengal","stcode11":"19","dtcode11":"344","year_stat":"2011_c","dist_lgd":318,"state_lgd":19,"SHAPE_Length":614712.5464559139,"SHAPE_Area":7380348135.527196,"remarks":" ","d_pan_code":277,"d_pan_name":"Paschim Medinipur","New_Name":"Paschim Medinipur","mached":"-1"},"id":554},
{"type":"Feature","geometry":{"type":"Polygon","coordinates":[[[86.80581,23.69586],[86.79866,23.68876],[86.79096,23.68837],[86.78502,23.6866],[86.77938,23.68451],[86.77591,23.68285],[86.77076,23.68139],[86.76198,23.68107],[86.75261,23.67972],[86.74948,23.67956],[86.74695,23.67888],[86.74492,23.68077],[86.74277,23.68541],[86.74191,23.69027],[86.73906,23.69423],[86.7353,23.69524],[86.72911,23.69754],[86.72556,23.69844],[86.71934,23.6992],[86.71495,23.69888],[86.70969,23.69747],[86.70533,23.69714],[86.69964,23.69417],[86.68442,23.68943],[86.68001,23.68848],[86.6756,23.68709],[86.66862,23.68674],[86.65643,23.68429],[86.65465,23.68366],[86.64634,23.67981],[86.63665,23.67606],[86.63379,23.67517],[86.63063,23.67488],[86.6235,23.67494],[86.62239,23.67449],[86.61878,23.6747],[86.61393,23.67554],[86.61157,23.67559],[86.60065,23.6746],[86.59757,23.67376],[86.59618,23.67265],[86.59612,23.67006],[86.59897,23.6655],[86.59404,23.66284],[86.59109,23.66165],[86.58666,23.65883],[86.58156,23.65598],[86.578,23.65281],[86.57632,23.64991],[86.57381,23.64772],[86.57076,23.64691],[86.56695,23.64507],[86.56099,23.64176],[86.55603,23.6398],[86.55147,23.6392],[86.54584,23.63731],[86.5399,23.63328],[86.5354,23.63124],[86.52819,23.63018],[86.52416,23.63021],[86.51542,23.63146],[86.51191,23.63171],[86.50272,23.63469],[86.49764,23.63694],[86.49273,23.63823],[86.49066,23.63817],[86.47955,23.63553],[86.47214,23.63121],[86.46971,23.63035],[86.46451,23.63116],[86.46124,23.62997],[86.45671,23.62566],[86.45583,23.62163],[86.45417,23.61954],[86.45165,23.61923],[86.4498,23.62071],[86.44643,23.61872],[86.4458,23.61529],[86.44791,23.60692],[86.44776,23.60467],[86.44873,23.60248],[86.4484,23.60039],[86.44708,23.59814],[86.44605,23.59772],[86.44355,23.59844],[86.43618,23.59903],[86.43293,23.59448],[86.4282,23.59208],[86.42481,23.59145],[86.42123,23.5901],[86.41963,23.58809],[86.41768,23.58306],[86.41659,23.57839],[86.41525,23.57685],[86.41232,23.57535],[86.41045,23.57586],[86.40955,23.57796],[86.40672,23.57864],[86.40369,23.57731],[86.40173,23.57722],[86.39946,23.57859],[86.39557,23.57763],[86.39401,23.57593],[86.38816,23.57395],[86.3879,23.57299],[86.39041,23.56812],[86.39065,23.56579],[86.38845,23.56364],[86.38938,23.5612],[86.38759,23.55954],[86.3844,23.55932],[86.3817,23.55559],[86.3815,23.55459],[86.37885,23.55132],[86.37856,23.54875],[86.3754,23.54745],[86.37343,23.54452],[86.37145,23.54329],[86.37089,23.54029],[86.36859,23.54092],[86.36726,23.54019],[86.36804,23.53831],[86.36824,23.53429],[86.36511,23.53269],[86.365,23.5311],[86.36643,23.52923],[86.36828,23.52815],[86.36638,23.52606],[86.36627,23.52371],[86.36458,23.52172],[86.36754,23.51915],[86.36977,23.51847],[86.37211,23.51629],[86.37331,23.51331],[86.375,23.51195],[86.37487,23.50918],[86.37277,23.50612],[86.3696,23.50454],[86.36868,23.5025],[86.36512,23.50236],[86.36357,23.50161],[86.36459,23.49977],[86.36522,23.49701],[86.36631,23.49638],[86.36561,23.49103],[86.36337,23.48822],[86.36224,23.4854],[86.36265,23.48329],[86.36487,23.48046],[86.36591,23.48033],[86.3675,23.4825],[86.37109,23.48453],[86.37329,23.48298],[86.37465,23.4831],[86.37848,23.48478],[86.37863,23.48263],[86.37734,23.48019],[86.379,23.47828],[86.37846,23.47692],[86.37946,23.47364],[86.37858,23.47324],[86.36834,23.4721],[86.36449,23.47189],[86.36362,23.47104],[86.36262,23.46745],[86.36318,23.46522],[86.35817,23.46223],[86.35755,23.45911],[86.35942,23.45709],[86.35894,23.4551],[86.35943,23.45195],[86.35593,23.45038],[86.35106,23.45206],[86.34972,23.45155],[86.35042,23.44567],[86.35174,23.44239],[86.34985,23.44148],[86.34332,23.44072],[86.3395,23.43952],[86.3368,23.44018],[86.33644,23.44283],[86.33306,23.44566],[86.3298,23.44466],[86.32805,23.44493],[86.32057,23.44329],[86.31894,23.44181],[86.31822,23.44007],[86.31587,23.44021],[86.31438,23.4396],[86.31164,23.43743],[86.30998,23.43704],[86.30577,23.43482],[86.30542,23.43148],[86.3071,23.42852],[86.30929,23.42818],[86.31202,23.42438],[86.31448,23.42668],[86.31757,23.42647],[86.31745,23.42499],[86.31572,23.42372],[86.31622,23.41963],[86.31794,23.41892],[86.31776,23.41641],[86.31591,23.41588],[86.31333,23.41427],[86.31055,23.41136],[86.30266,23.41257],[86.30007,23.41276],[86.29673,23.41426],[86.29094,23.41759],[86.29063,23.42212],[86.28959,23.42473],[86.291,23.42635],[86.28949,23.42906],[86.28469,23.42922],[86.28162,23.42855],[86.27804,23.42937],[86.27568,23.43038],[86.27465,23.42873],[86.27183,23.42766],[86.26409,23.43077],[86.26136,23.43016],[86.25585,23.42982],[86.25221,23.42677],[86.25241,23.42602],[86.25741,23.42066],[86.25872,23.41861],[86.26002,23.41804],[86.25915,23.41331],[86.25647,23.41305],[86.25569,23.41218],[86.25339,23.41189],[86.25148,23.41084],[86.24739,23.41114],[86.2457,23.41436],[86.24729,23.41875],[86.24814,23.41927],[86.24786,23.42299],[86.24399,23.42375],[86.24247,23.42247],[86.23431,23.42089],[86.23207,23.42646],[86.22987,23.43082],[86.23245,23.43253],[86.23146,23.43598],[86.23346,23.43775],[86.23276,23.43932],[86.23655,23.44488],[86.23887,23.4448],[86.24237,23.44653],[86.24216,23.45112],[86.24652,23.45485],[86.24747,23.45625],[86.24734,23.45838],[86.24557,23.45932],[86.23977,23.45983],[86.23664,23.46122],[86.23496,23.46055],[86.23347,23.46245],[86.23204,23.46007],[86.23259,23.45795],[86.23184,23.45382],[86.23031,23.45132],[86.23096,23.44684],[86.23075,23.44485],[86.22864,23.44294],[86.22363,23.44457],[86.21691,23.44769],[86.20846,23.44977],[86.20678,23.45],[86.20593,23.45352],[86.20142,23.45409],[86.19876,23.45346],[86.1969,23.4555],[86.19488,23.45589],[86.19503,23.45789],[86.19357,23.45931],[86.19144,23.46018],[86.18974,23.46006],[86.18659,23.45814],[86.18172,23.46008],[86.18116,23.46341],[86.18203,23.46697],[86.17935,23.46761],[86.17829,23.46984],[86.17536,23.46978],[86.17142,23.46782],[86.16801,23.46727],[86.16601,23.46771],[86.16213,23.46701],[86.16034,23.46591],[86.15932,23.4686],[86.15736,23.46828],[86.14882,23.46526],[86.14744,23.4676],[86.1477,23.46964],[86.14918,23.47246],[86.14957,23.47523],[86.15156,23.47433],[86.15355,23.47543],[86.15339,23.47946],[86.15151,23.4808],[86.15161,23.48287],[86.15622,23.48699],[86.15756,23.48864],[86.15796,23.49135],[86.15961,23.49344],[86.15962,23.4946],[86.1574,23.49945],[86.15741,23.50064],[86.16057,23.50367],[86.16232,23.50781],[86.16147,23.50947],[86.15687,23.51123],[86.1541,23.51273],[86.15089,23.51713],[86.14863,23.51935],[86.14929,23.52269],[86.15031,23.52523],[86.15537,23.52962],[86.15637,23.53382],[86.15749,23.53701],[86.15805,23.54147],[86.15354,23.54663],[86.15231,23.54912],[86.15282,23.55213],[86.15645,23.5563],[86.15835,23.55971],[86.15569,23.56104],[86.15414,23.56018],[86.15268,23.56129],[86.15119,23.56059],[86.14832,23.56081],[86.14678,23.56169],[86.14788,23.56312],[86.14328,23.56405],[86.14162,23.5634],[86.14179,23.56171],[86.13894,23.55922],[86.13705,23.56118],[86.13662,23.56285],[86.13323,23.55987],[86.13087,23.56031],[86.13116,23.56341],[86.12774,23.56525],[86.12922,23.56774],[86.12667,23.5694],[86.12452,23.56947],[86.11959,23.56614],[86.11786,23.56735],[86.11584,23.5661],[86.11474,23.56636],[86.11194,23.56874],[86.10885,23.5697],[86.10693,23.5667],[86.10533,23.56573],[86.10094,23.56542],[86.09943,23.56642],[86.09464,23.56351],[86.09272,23.56328],[86.09026,23.56416],[86.08761,23.56629],[86.08376,23.56678],[86.08087,23.56568],[86.07564,23.5683],[86.07293,23.56864],[86.0741,23.57073],[86.07524,23.57625],[86.07719,23.57784],[86.07743,23.57921],[86.07141,23.57815],[86.0685,23.57842],[86.06426,23.57936],[86.06171,23.58077],[86.0556,23.58294],[86.05216,23.58615],[86.0498,23.5863],[86.04839,23.58545],[86.04206,23.58688],[86.04129,23.58356],[86.04071,23.57697],[86.04013,23.57526],[86.03881,23.57517],[86.0375,23.57651],[86.03492,23.57427],[86.03075,23.572],[86.02874,23.56961],[86.02673,23.56483],[86.02467,23.56205],[86.02043,23.5612],[86.01782,23.55959],[86.01727,23.55742],[86.01779,23.55544],[86.01767,23.55221],[86.01628,23.54732],[86.0188,23.5451],[86.02355,23.54325],[86.02765,23.54211],[86.02787,23.54034],[86.02378,23.53815],[86.02366,23.53692],[86.02841,23.53259],[86.02895,23.52765],[86.03107,23.52671],[86.03387,23.52267],[86.03358,23.51784],[86.03576,23.51508],[86.03924,23.51504],[86.03775,23.51037],[86.03846,23.50866],[86.03822,23.50691],[86.03927,23.50534],[86.03812,23.49934],[86.03819,23.49778],[86.04815,23.49578],[86.0533,23.49502],[86.05671,23.49508],[86.0563,23.49277],[86.05791,23.49075],[86.05526,23.49038],[86.05384,23.48706],[86.05219,23.48699],[86.05012,23.48557],[86.04868,23.48601],[86.04396,23.48432],[86.04241,23.48505],[86.0397,23.48442],[86.03792,23.48594],[86.03472,23.48435],[86.03147,23.48365],[86.02767,23.48563],[86.02347,23.48649],[86.02166,23.48636],[86.01951,23.48531],[86.01585,23.48441],[86.01177,23.48397],[86.00866,23.48431],[86.00719,23.48272],[86.00587,23.4835],[86.00336,23.48183],[85.99552,23.48044],[85.99234,23.48023],[85.98897,23.47831],[85.98275,23.4785],[85.97868,23.47755],[85.97751,23.47604],[85.97443,23.4765],[85.97302,23.47582],[85.971,23.47637],[85.96277,23.47624],[85.95711,23.47441],[85.95593,23.47169],[85.95499,23.47102],[85.94806,23.47126],[85.94433,23.47248],[85.93837,23.47243],[85.93664,23.47314],[85.93272,23.47295],[85.93243,23.47364],[85.92286,23.47612],[85.91782,23.47876],[85.91524,23.48187],[85.91269,23.48079],[85.91132,23.48117],[85.9086,23.48363],[85.90557,23.4836],[85.90234,23.48255],[85.89983,23.48243],[85.8965,23.48372],[85.89277,23.4829],[85.88852,23.48259],[85.88474,23.48188],[85.88219,23.48077],[85.87529,23.47971],[85.87364,23.47673],[85.87,23.47495],[85.86995,23.47308],[85.86879,23.47083],[85.8689,23.46882],[85.868,23.46545],[85.8658,23.46309],[85.86249,23.46152],[85.8653,23.45996],[85.86366,23.45781],[85.8649,23.4547],[85.86391,23.45313],[85.86312,23.44774],[85.86243,23.4461],[85.86188,23.43906],[85.86418,23.43569],[85.86389,23.43136],[85.873,23.43085],[85.87665,23.42967],[85.88051,23.43105],[85.88258,23.43058],[85.88647,23.42695],[85.88663,23.42513],[85.88511,23.42412],[85.881,23.4235],[85.88029,23.42239],[85.88699,23.41609],[85.8896,23.414],[85.89105,23.41165],[85.89135,23.40962],[85.8875,23.40813],[85.88681,23.4069],[85.88722,23.40417],[85.89415,23.40552],[85.89866,23.40502],[85.90152,23.40227],[85.90279,23.39833],[85.90142,23.39554],[85.89855,23.39355],[85.89477,23.39441],[85.89067,23.39648],[85.8883,23.39674],[85.88555,23.39571],[85.88298,23.39379],[85.88012,23.39255],[85.87345,23.39104],[85.87081,23.38881],[85.87082,23.38607],[85.8736,23.38503],[85.87763,23.38285],[85.8781,23.38085],[85.87498,23.37769],[85.87464,23.37578],[85.87599,23.36667],[85.87521,23.36435],[85.87517,23.35983],[85.87636,23.35742],[85.88231,23.35289],[85.88315,23.35155],[85.88255,23.3498],[85.87956,23.34698],[85.87258,23.34243],[85.86688,23.34207],[85.86573,23.34074],[85.8657,23.33832],[85.86676,23.33722],[85.86696,23.33437],[85.86837,23.33119],[85.8682,23.32978],[85.8645,23.32849],[85.86237,23.32712],[85.85945,23.32206],[85.85314,23.31859],[85.85069,23.31664],[85.84973,23.31518],[85.84836,23.31105],[85.84747,23.30969],[85.839,23.30724],[85.83838,23.3065],[85.83613,23.30015],[85.83361,23.29577],[85.83142,23.28943],[85.82863,23.28228],[85.82246,23.27261],[85.81972,23.26888],[85.8202,23.26668],[85.82236,23.26306],[85.82358,23.25905],[85.83344,23.25067],[85.83861,23.24683],[85.83819,23.24349],[85.8369,23.24087],[85.83637,23.23751],[85.83887,23.23284],[85.83969,23.22985],[85.83915,23.22751],[85.83646,23.22266],[85.83733,23.21996],[85.8402,23.22013],[85.84245,23.22127],[85.84631,23.22201],[85.85135,23.22234],[85.85669,23.22087],[85.85878,23.22061],[85.86241,23.22253],[85.86381,23.22238],[85.86608,23.22092],[85.86839,23.21828],[85.87201,23.21152],[85.87519,23.2078],[85.87655,23.2049],[85.88252,23.19873],[85.88343,23.19558],[85.88325,23.19259],[85.88254,23.18956],[85.88274,23.18474],[85.88226,23.17963],[85.88154,23.1761],[85.88157,23.17026],[85.88247,23.16826],[85.88541,23.16487],[85.88835,23.1624],[85.89454,23.15513],[85.9036,23.15492],[85.90626,23.1546],[85.91097,23.15293],[85.91411,23.14913],[85.92771,23.14857],[85.9289,23.15105],[85.93695,23.15024],[85.93807,23.15165],[85.94269,23.15304],[85.94763,23.15172],[85.95137,23.15173],[85.95193,23.15323],[85.957,23.16105],[85.96206,23.16023],[85.97299,23.15658],[85.97596,23.15479],[85.98147,23.15426],[85.98458,23.15332],[85.98783,23.15321],[85.99244,23.15194],[85.99752,23.15004],[85.99897,23.14873],[86.00116,23.14835],[86.00974,23.14846],[86.01345,23.14791],[86.01452,23.1491],[86.0162,23.15359],[86.0178,23.15471],[86.02001,23.15251],[86.01833,23.15009],[86.01831,23.14814],[86.01966,23.14653],[86.02455,23.14428],[86.02907,23.14607],[86.03278,23.14534],[86.03465,23.14444],[86.03849,23.14673],[86.04237,23.14453],[86.04452,23.14424],[86.04606,23.14171],[86.04605,23.13918],[86.04529,23.13761],[86.04593,23.13599],[86.04766,23.1351],[86.05016,23.13118],[86.05269,23.12827],[86.05518,23.12471],[86.05591,23.12274],[86.05409,23.11714],[86.05411,23.11269],[86.05219,23.11144],[86.05081,23.10709],[86.05188,23.10541],[86.05589,23.10294],[86.06046,23.10246],[86.06621,23.09932],[86.0757,23.09464],[86.08351,23.09505],[86.08707,23.09456],[86.09005,23.09471],[86.09068,23.09208],[86.09062,23.08943],[86.09452,23.08754],[86.09647,23.08514],[86.09926,23.08398],[86.10098,23.08608],[86.10224,23.08653],[86.11225,23.08434],[86.11519,23.08566],[86.12071,23.08483],[86.12285,23.08656],[86.12716,23.08692],[86.12774,23.08561],[86.13037,23.0842],[86.13394,23.08336],[86.1358,23.08065],[86.13549,23.0776],[86.13792,23.07673],[86.14553,23.07523],[86.14632,23.07463],[86.14473,23.07187],[86.14495,23.06909],[86.14366,23.06774],[86.14404,23.06351],[86.14177,23.06012],[86.14206,23.0572],[86.14133,23.05658],[86.14261,23.05364],[86.15099,23.05154],[86.15364,23.0481],[86.15804,23.04618],[86.15669,23.04056],[86.15607,23.03408],[86.15558,23.03203],[86.15717,23.02994],[86.15921,23.02911],[86.16306,23.02829],[86.1642,23.02953],[86.16544,23.03238],[86.16776,23.03225],[86.16639,23.02947],[86.1701,23.02664],[86.17061,23.024],[86.17008,23.02244],[86.1743,23.02074],[86.17748,23.02017],[86.17932,23.02038],[86.17923,23.01733],[86.18127,23.0147],[86.18081,23.01239],[86.18164,23.00899],[86.18391,23.00589],[86.18654,23.00495],[86.18841,23.00563],[86.19369,23.00515],[86.19807,23.00685],[86.20142,23.00595],[86.20797,23.00622],[86.20825,23.00454],[86.20677,23.00392],[86.20616,23.00044],[86.20763,23.00003],[86.21566,23.00002],[86.22046,22.99883],[86.22312,22.99908],[86.22486,22.99694],[86.22877,22.99512],[86.23104,22.99614],[86.23512,22.99644],[86.24203,22.99615],[86.24306,22.9981],[86.24535,22.9982],[86.2469,22.99663],[86.24735,22.99506],[86.25012,22.99641],[86.25193,22.99598],[86.25346,22.99711],[86.26056,22.99859],[86.26518,22.99797],[86.26824,22.99984],[86.26787,23.00116],[86.27123,23.00286],[86.27236,23.00451],[86.27422,23.00478],[86.27646,23.00691],[86.27821,23.00782],[86.28338,23.00754],[86.28418,23.00692],[86.28689,23.00841],[86.28716,23.00933],[86.29212,23.01298],[86.29427,23.01187],[86.29537,23.01024],[86.29869,23.0096],[86.30108,23.01142],[86.30361,23.01591],[86.30469,23.0153],[86.30399,23.01268],[86.30224,23.01006],[86.30858,23.00735],[86.30941,23.00641],[86.30872,23.00387],[86.3104,23.00265],[86.31441,23.00166],[86.31612,23.00007],[86.31979,23.0006],[86.32159,22.99744],[86.32593,22.9949],[86.32809,22.99449],[86.33953,22.98981],[86.34035,22.993],[86.34262,22.99584],[86.3437,22.99649],[86.34764,22.99662],[86.35227,22.99445],[86.35453,22.99297],[86.35443,22.99934],[86.3639,22.99958],[86.36728,22.99859],[86.37178,22.99674],[86.37275,22.99815],[86.37665,22.99649],[86.38356,22.99428],[86.38489,22.99526],[86.38541,22.98945],[86.3871,22.98605],[86.38855,22.98457],[86.3948,22.98022],[86.39964,22.98004],[86.40108,22.98086],[86.40368,22.98452],[86.40479,22.9875],[86.40679,22.98961],[86.40828,22.98905],[86.41006,22.99113],[86.41249,22.99066],[86.41473,22.99152],[86.41704,22.9931],[86.41733,22.99705],[86.41976,22.99697],[86.41836,22.99897],[86.41982,23.00009],[86.42531,22.99657],[86.42907,22.99657],[86.43462,22.99445],[86.44173,22.99342],[86.44323,22.99263],[86.44642,22.98824],[86.45085,22.98835],[86.45155,22.99024],[86.45568,22.99032],[86.45839,22.98907],[86.4615,22.9896],[86.46322,22.98858],[86.46534,22.98855],[86.46758,22.98946],[86.47051,22.98889],[86.47217,22.99091],[86.47573,22.99175],[86.48085,22.99081],[86.48706,22.99243],[86.49189,22.99272],[86.49769,22.99204],[86.49922,22.99354],[86.50124,22.9935],[86.50137,22.99169],[86.5027,22.9903],[86.50319,22.98771],[86.50416,22.98611],[86.50918,22.98197],[86.51302,22.97768],[86.51246,22.97617],[86.51048,22.97548],[86.50861,22.97327],[86.5114,22.97277],[86.51291,22.97169],[86.52119,22.97071],[86.5256,22.972],[86.52681,22.97375],[86.52382,22.97713],[86.52814,22.98064],[86.53028,22.98065],[86.53478,22.98191],[86.53991,22.98458],[86.54288,22.98719],[86.54561,22.99028],[86.54738,22.98815],[86.54791,22.98599],[86.5475,22.98232],[86.5495,22.97895],[86.55056,22.97799],[86.54787,22.97474],[86.54745,22.97263],[86.54533,22.97028],[86.54408,22.96973],[86.54395,22.96807],[86.54478,22.96569],[86.54308,22.96569],[86.5405,22.9668],[86.5338,22.96539],[86.5316,22.96521],[86.53147,22.96293],[86.53004,22.95215],[86.52918,22.95013],[86.52598,22.94761],[86.52165,22.95004],[86.51921,22.94824],[86.5127,22.94776],[86.51105,22.94843],[86.50784,22.95088],[86.50612,22.95089],[86.50258,22.95187],[86.50216,22.95023],[86.5029,22.94897],[86.50085,22.94741],[86.50067,22.94585],[86.49757,22.94597],[86.49747,22.94745],[86.49493,22.94614],[86.49454,22.94326],[86.49248,22.94165],[86.49256,22.94039],[86.49066,22.93837],[86.48806,22.93829],[86.48768,22.93992],[86.4853,22.94277],[86.47929,22.94562],[86.47772,22.9458],[86.47737,22.95056],[86.47131,22.94909],[86.46912,22.94451],[86.46677,22.94562],[86.46535,22.94546],[86.46409,22.94296],[86.46196,22.94095],[86.46146,22.93728],[86.45998,22.93506],[86.45418,22.93198],[86.45131,22.93325],[86.44807,22.93113],[86.44285,22.93042],[86.44318,22.92908],[86.44117,22.92759],[86.43638,22.92623],[86.43534,22.92519],[86.43649,22.92205],[86.43835,22.92113],[86.43861,22.92002],[86.44048,22.91949],[86.4415,22.91636],[86.44468,22.91394],[86.44651,22.91076],[86.44659,22.90966],[86.45256,22.90417],[86.45342,22.9023],[86.45539,22.90326],[86.45741,22.90206],[86.46043,22.90161],[86.46624,22.90172],[86.467,22.8995],[86.46541,22.89836],[86.46583,22.8966],[86.46463,22.89434],[86.46283,22.89384],[86.45983,22.89184],[86.45921,22.89054],[86.45634,22.88779],[86.45569,22.88562],[86.4533,22.88545],[86.45345,22.88366],[86.4548,22.88063],[86.45443,22.87748],[86.45302,22.87664],[86.4532,22.87414],[86.45187,22.87187],[86.45233,22.86831],[86.45077,22.86154],[86.44869,22.8617],[86.43997,22.86424],[86.43801,22.86376],[86.43747,22.86242],[86.43497,22.86051],[86.43588,22.85912],[86.4334,22.85336],[86.43454,22.84831],[86.4344,22.84704],[86.43585,22.83978],[86.43578,22.83539],[86.43884,22.83112],[86.4361,22.82888],[86.43042,22.8214],[86.42848,22.81934],[86.42466,22.81281],[86.42252,22.80998],[86.42525,22.80654],[86.42462,22.80392],[86.42343,22.80265],[86.42371,22.80124],[86.42525,22.79996],[86.42256,22.79687],[86.42331,22.79467],[86.42341,22.79217],[86.42233,22.79161],[86.42074,22.79278],[86.41881,22.79068],[86.41633,22.79137],[86.41656,22.78852],[86.41868,22.78752],[86.41756,22.78645],[86.41761,22.78368],[86.42148,22.78014],[86.42392,22.78032],[86.42581,22.77975],[86.42748,22.77832],[86.42812,22.77655],[86.43242,22.77289],[86.43629,22.77189],[86.44129,22.76854],[86.44404,22.7657],[86.44592,22.76491],[86.44867,22.76181],[86.45095,22.76289],[86.45793,22.76336],[86.46171,22.76048],[86.46284,22.75873],[86.46887,22.75309],[86.47008,22.75144],[86.46993,22.74875],[86.47153,22.74656],[86.47157,22.74426],[86.47364,22.7397],[86.47505,22.73913],[86.47651,22.73498],[86.47877,22.73394],[86.48029,22.73114],[86.48173,22.7302],[86.48154,22.72786],[86.48443,22.72661],[86.48539,22.72825],[86.48845,22.72786],[86.49294,22.72659],[86.49457,22.72464],[86.49468,22.72328],[86.49768,22.72287],[86.50001,22.72046],[86.50074,22.71841],[86.50401,22.71517],[86.50471,22.71294],[86.50687,22.70964],[86.51027,22.70653],[86.51133,22.705],[86.51345,22.70717],[86.51163,22.71081],[86.51159,22.71355],[86.51293,22.71662],[86.51998,22.71515],[86.52085,22.71545],[86.5235,22.7193],[86.53015,22.719],[86.53361,22.71757],[86.53558,22.71732],[86.54028,22.7193],[86.54374,22.7216],[86.54503,22.7213],[86.54788,22.71934],[86.55542,22.71299],[86.55801,22.71111],[86.56064,22.71557],[86.56214,22.71701],[86.56493,22.72113],[86.56522,22.72302],[86.56666,22.72456],[86.56813,22.72809],[86.57124,22.73163],[86.57366,22.73506],[86.57476,22.73791],[86.57696,22.7398],[86.57994,22.74503],[86.58112,22.74824],[86.58671,22.75325],[86.58785,22.75565],[86.59174,22.76129],[86.59381,22.76388],[86.59453,22.76603],[86.5941,22.76856],[86.59645,22.77158],[86.60161,22.78024],[86.60213,22.78211],[86.60182,22.78583],[86.60336,22.78914],[86.60202,22.79258],[86.60073,22.7931],[86.59807,22.79621],[86.60667,22.79739],[86.61131,22.79862],[86.61145,22.80356],[86.60895,22.80654],[86.6108,22.80789],[86.61362,22.81221],[86.61399,22.8157],[86.61555,22.81706],[86.61616,22.819],[86.61807,22.82141],[86.6172,22.82367],[86.6178,22.82453],[86.62026,22.82434],[86.62245,22.82515],[86.62553,22.82399],[86.62748,22.82496],[86.62896,22.82449],[86.63137,22.825],[86.63349,22.82436],[86.64008,22.82847],[86.64346,22.83203],[86.64556,22.83475],[86.64791,22.83893],[86.65611,22.8365],[86.65942,22.8444],[86.66162,22.84863],[86.66231,22.8523],[86.66605,22.85236],[86.67049,22.85352],[86.67314,22.85356],[86.67441,22.85458],[86.675,22.85708],[86.67721,22.86168],[86.67849,22.86232],[86.68572,22.86177],[86.68797,22.86365],[86.69293,22.86587],[86.69621,22.8677],[86.69842,22.87018],[86.70213,22.87213],[86.70365,22.87467],[86.7049,22.87563],[86.70452,22.87744],[86.70668,22.88065],[86.70608,22.88267],[86.70666,22.88439],[86.7067,22.88763],[86.70499,22.88735],[86.70332,22.88969],[86.70151,22.88998],[86.70335,22.89366],[86.70681,22.89451],[86.70508,22.89691],[86.70579,22.89937],[86.70336,22.90427],[86.70131,22.90524],[86.69999,22.9094],[86.70158,22.91135],[86.70009,22.9128],[86.69992,22.91497],[86.69764,22.91638],[86.69761,22.91896],[86.69664,22.91978],[86.69803,22.92348],[86.69591,22.92576],[86.69319,22.926],[86.69234,22.92873],[86.69073,22.9315],[86.69321,22.93375],[86.6929,22.9358],[86.69499,22.93604],[86.69518,22.93733],[86.69833,22.94136],[86.69851,22.94385],[86.69976,22.94727],[86.7017,22.94846],[86.70183,22.9514],[86.70284,22.95297],[86.70413,22.95211],[86.70554,22.95369],[86.70766,22.95468],[86.71075,22.95922],[86.71247,22.96258],[86.71392,22.96639],[86.7105,22.96605],[86.71233,22.96939],[86.71214,22.97134],[86.71412,22.97226],[86.71724,22.97528],[86.71867,22.98038],[86.71889,22.98443],[86.72019,22.98497],[86.7188,22.9874],[86.71966,22.99117],[86.72108,22.99333],[86.72592,22.99532],[86.72836,22.99862],[86.72861,23.01089],[86.72924,23.01324],[86.72922,23.01566],[86.73235,23.01812],[86.73242,23.02046],[86.73383,23.02199],[86.73562,23.02585],[86.73534,23.02658],[86.73077,23.0281],[86.72756,23.0295],[86.72617,23.03104],[86.72557,23.0343],[86.72748,23.03628],[86.7351,23.03924],[86.73735,23.04057],[86.73953,23.04426],[86.73859,23.0457],[86.73637,23.04585],[86.73242,23.04488],[86.73194,23.04687],[86.7307,23.0486],[86.73195,23.05022],[86.73214,23.05175],[86.73589,23.05858],[86.73824,23.05937],[86.74108,23.06451],[86.74075,23.06673],[86.74202,23.06806],[86.74304,23.07038],[86.74474,23.07088],[86.74605,23.07285],[86.74723,23.07806],[86.74763,23.08152],[86.75076,23.0847],[86.7521,23.08841],[86.75204,23.09022],[86.75075,23.09289],[86.75041,23.09624],[86.74824,23.09709],[86.74835,23.09846],[86.75018,23.09998],[86.74759,23.10165],[86.74629,23.10308],[86.7401,23.1035],[86.73875,23.10278],[86.73516,23.10449],[86.73035,23.10496],[86.72681,23.1115],[86.7242,23.11565],[86.71882,23.12056],[86.71864,23.12224],[86.72145,23.12213],[86.72407,23.12614],[86.72666,23.12824],[86.72721,23.1304],[86.72855,23.13187],[86.73121,23.13334],[86.73069,23.13895],[86.7314,23.14269],[86.7323,23.14432],[86.73305,23.14921],[86.73501,23.15261],[86.7377,23.15499],[86.73857,23.15843],[86.73881,23.16153],[86.74075,23.16365],[86.74202,23.16585],[86.74485,23.16767],[86.7462,23.16793],[86.74715,23.16633],[86.75234,23.16558],[86.75234,23.16714],[86.75423,23.16917],[86.75161,23.17139],[86.75149,23.17289],[86.755,23.17194],[86.75667,23.17351],[86.75902,23.17666],[86.75974,23.18128],[86.75807,23.18183],[86.75862,23.18892],[86.75852,23.19102],[86.75725,23.19323],[86.75851,23.1976],[86.76143,23.20041],[86.76308,23.20011],[86.76797,23.20333],[86.77038,23.20339],[86.77584,23.20141],[86.77681,23.20068],[86.77976,23.20038],[86.78049,23.20128],[86.78324,23.20195],[86.78431,23.20452],[86.78579,23.2041],[86.79006,23.20903],[86.789,23.21023],[86.79084,23.21121],[86.79011,23.21263],[86.78734,23.21589],[86.78728,23.21756],[86.78611,23.21843],[86.78515,23.22065],[86.78511,23.22253],[86.78295,23.22325],[86.78166,23.22529],[86.78163,23.22767],[86.78245,23.22944],[86.78005,23.23217],[86.77821,23.2322],[86.77468,23.23547],[86.77453,23.23731],[86.77153,23.23785],[86.77145,23.23998],[86.77022,23.24115],[86.77422,23.24497],[86.77724,23.24416],[86.77754,23.2415],[86.77949,23.2421],[86.78119,23.2463],[86.78184,23.2491],[86.7807,23.25068],[86.78144,23.2551],[86.78307,23.25898],[86.78456,23.26051],[86.78398,23.26155],[86.78104,23.26353],[86.78029,23.26601],[86.78064,23.26811],[86.78186,23.26965],[86.78062,23.2733],[86.78353,23.27547],[86.78726,23.27626],[86.78297,23.28061],[86.78273,23.28313],[86.78001,23.28619],[86.7793,23.28918],[86.77951,23.29185],[86.77833,23.29369],[86.77916,23.29611],[86.78012,23.29649],[86.78673,23.29732],[86.78723,23.29864],[86.78988,23.29839],[86.79187,23.29899],[86.79091,23.30068],[86.78733,23.30296],[86.78653,23.30392],[86.78509,23.30933],[86.78491,23.31346],[86.78553,23.31743],[86.78731,23.3232],[86.78604,23.33026],[86.78732,23.33309],[86.78694,23.33525],[86.78898,23.33855],[86.78891,23.34013],[86.79015,23.34122],[86.79268,23.34101],[86.79406,23.34197],[86.79761,23.34238],[86.79915,23.34104],[86.8035,23.34288],[86.80688,23.34298],[86.81018,23.34072],[86.81011,23.3456],[86.81194,23.34808],[86.81114,23.35325],[86.81197,23.35469],[86.81555,23.35822],[86.81593,23.36112],[86.81854,23.36012],[86.82064,23.36041],[86.8234,23.36159],[86.82594,23.3604],[86.83091,23.35919],[86.83201,23.35802],[86.83564,23.36375],[86.83504,23.36613],[86.835,23.36947],[86.83632,23.37132],[86.83742,23.3745],[86.83304,23.37686],[86.83101,23.37994],[86.83218,23.38036],[86.83677,23.38447],[86.8377,23.38441],[86.84177,23.38144],[86.84436,23.38243],[86.84581,23.38167],[86.84915,23.38452],[86.85165,23.38518],[86.85009,23.38878],[86.85012,23.39025],[86.85261,23.39321],[86.85428,23.39628],[86.85283,23.39835],[86.85238,23.40052],[86.85048,23.40154],[86.84966,23.40393],[86.84779,23.40542],[86.84908,23.40807],[86.8494,23.41192],[86.85066,23.41396],[86.84976,23.41638],[86.85086,23.41778],[86.85048,23.41988],[86.85293,23.41998],[86.85435,23.42164],[86.85663,23.42161],[86.85678,23.42382],[86.85889,23.42544],[86.85989,23.42761],[86.8623,23.42636],[86.86361,23.42912],[86.86362,23.43149],[86.86579,23.43427],[86.86606,23.43602],[86.86206,23.43818],[86.86116,23.44022],[86.85536,23.44175],[86.84586,23.43589],[86.84089,23.43969],[86.83712,23.4387],[86.83633,23.43453],[86.83057,23.43653],[86.8257,23.43663],[86.82495,23.44078],[86.82693,23.44741],[86.82644,23.44869],[86.82382,23.4506],[86.8232,23.45219],[86.82435,23.45473],[86.82339,23.45773],[86.82702,23.46111],[86.82654,23.46606],[86.8297,23.46488],[86.83319,23.46532],[86.83578,23.46473],[86.83917,23.46481],[86.84093,23.46598],[86.84363,23.46525],[86.84633,23.4665],[86.85124,23.46597],[86.85805,23.46595],[86.8626,23.46334],[86.86558,23.46199],[86.87275,23.47072],[86.87254,23.47334],[86.8705,23.47563],[86.87175,23.47986],[86.87229,23.48358],[86.87105,23.48642],[86.8745,23.48926],[86.87982,23.48941],[86.88055,23.4907],[86.88108,23.49406],[86.8829,23.49657],[86.88816,23.49587],[86.89278,23.49423],[86.89696,23.49383],[86.89955,23.49308],[86.90605,23.4925],[86.90624,23.49504],[86.90395,23.49875],[86.90117,23.50181],[86.89774,23.5032],[86.89764,23.50623],[86.897,23.50976],[86.89441,23.51161],[86.89377,23.5191],[86.89665,23.52804],[86.89711,23.53048],[86.8953,23.53512],[86.89275,23.53774],[86.88988,23.53844],[86.88445,23.5367],[86.88291,23.53685],[86.88249,23.53967],[86.88455,23.54494],[86.88616,23.55135],[86.88528,23.55425],[86.88555,23.55726],[86.88334,23.55788],[86.87976,23.55556],[86.87868,23.5568],[86.88009,23.55795],[86.87947,23.5603],[86.88059,23.56358],[86.87941,23.56712],[86.87551,23.56765],[86.86439,23.56759],[86.8658,23.57008],[86.86778,23.57078],[86.87036,23.57012],[86.87357,23.57218],[86.87705,23.57326],[86.88132,23.57549],[86.88225,23.57431],[86.88276,23.57193],[86.88447,23.57222],[86.88504,23.57346],[86.88891,23.57383],[86.89215,23.57499],[86.89245,23.57616],[86.89018,23.57865],[86.88968,23.58037],[86.88774,23.58275],[86.88805,23.5856],[86.88894,23.58735],[86.89039,23.58781],[86.89122,23.59106],[86.89067,23.59507],[86.88827,23.59931],[86.88837,23.60234],[86.89112,23.60317],[86.89486,23.60587],[86.89575,23.60972],[86.89527,23.6133],[86.89642,23.61489],[86.89701,23.61718],[86.89686,23.61987],[86.89578,23.62096],[86.89587,23.62429],[86.89445,23.62585],[86.89582,23.6266],[86.89549,23.62808],[86.89866,23.62826],[86.90165,23.62966],[86.90242,23.63209],[86.90236,23.63814],[86.89931,23.64286],[86.89904,23.64458],[86.89768,23.64596],[86.89753,23.6476],[86.89584,23.65045],[86.89421,23.65217],[86.88946,23.65504],[86.88723,23.65583],[86.88365,23.65637],[86.8789,23.65619],[86.87228,23.65861],[86.86929,23.65999],[86.866,23.66057],[86.86398,23.66169],[86.8605,23.66552],[86.85812,23.6698],[86.85874,23.67223],[86.85799,23.67475],[86.85009,23.68143],[86.84722,23.68346],[86.83974,23.68451],[86.82853,23.68426],[86.82534,23.6852],[86.82294,23.68642],[86.80581,23.69586]]]},"properties":{"OBJECTID":562,"dtname":"Purulia","stname":"West Bengal","stcode11":"19","dtcode11":"340","year_stat":"2011_c","dist_lgd":321,"state_lgd":19,"SHAPE_Length":649665.0260942971,"SHAPE_Area":7449359307.249083,"remarks":" ","d_pan_code":280,"d_pan_name":"Purulia","New_Name":"Purulia","mached":"-1"},"id":562},
{"type":"Feature","geometry":{"type":"MultiPolygon","coordinates":[[[[88.01734,21.56009],[88.01728,21.56222],[88.01633,21.56292],[88.0141,21.55997],[88.01248,21.56032],[88.01037,21.5593],[88.00964,21.55612],[88.00994,21.55272],[88.01171,21.54863],[88.01281,21.54721],[88.01594,21.54729],[88.01837,21.55112],[88.01868,21.55556],[88.01734,21.56009]]],[[[88.94721,21.59571],[88.94818,21.59692],[88.94792,21.59909],[88.94687,21.6007],[88.94494,21.59991],[88.94561,21.59654],[88.94721,21.59571]]],[[[88.52183,21.58646],[88.51852,21.58735],[88.5102,21.59189],[88.50663,21.59294],[88.50349,21.59513],[88.5006,21.59803],[88.50019,21.59953],[88.49866,21.60096],[88.49624,21.59925],[88.49591,21.59762],[88.49342,21.59451],[88.49049,21.58893],[88.4888,21.58462],[88.48801,21.58162],[88.48705,21.58015],[88.48715,21.57784],[88.4883,21.57539],[88.48754,21.5704],[88.48532,21.5649],[88.48475,21.55258],[88.4864,21.54917],[88.48996,21.54696],[88.49223,21.54784],[88.49593,21.54722],[88.49927,21.54789],[88.5,21.54629],[88.49987,21.5429],[88.49802,21.54312],[88.49681,21.54218],[88.49689,21.5402],[88.49953,21.53775],[88.50091,21.53761],[88.50633,21.53416],[88.50897,21.5336],[88.51232,21.53168],[88.51341,21.53233],[88.51462,21.53023],[88.52093,21.52779],[88.53079,21.52708],[88.53449,21.52722],[88.53637,21.52808],[88.53818,21.5302],[88.54238,21.53303],[88.54516,21.53322],[88.54783,21.53667],[88.54687,21.53857],[88.544,21.53921],[88.54214,21.54098],[88.54022,21.54179],[88.53866,21.54351],[88.53759,21.54681],[88.5353,21.54991],[88.53512,21.5516],[88.53392,21.55409],[88.53406,21.55793],[88.53289,21.56006],[88.53276,21.56175],[88.53067,21.56372],[88.53172,21.56458],[88.53259,21.56747],[88.53423,21.57079],[88.53395,21.57293],[88.53721,21.5755],[88.53748,21.57707],[88.5365,21.57925],[88.53373,21.58264],[88.53196,21.58396],[88.52438,21.58613],[88.52183,21.58646]]],[[[89.14034,21.59551],[89.13927,21.59705],[89.14005,21.60033],[89.13919,21.60133],[89.13701,21.60141],[89.13516,21.59907],[89.13519,21.59642],[89.13604,21.59483],[89.13889,21.59296],[89.14223,21.59247],[89.14728,21.59351],[89.1504,21.59663],[89.15123,21.59953],[89.14948,21.60121],[89.14636,21.60038],[89.1452,21.59721],[89.14313,21.59564],[89.14034,21.59551]]],[[[88.17441,21.58406],[88.17086,21.58448],[88.16756,21.58711],[88.16593,21.59031],[88.16602,21.59691],[88.16731,21.60261],[88.16546,21.60148],[88.1639,21.59715],[88.16394,21.5861],[88.16498,21.58403],[88.16715,21.58201],[88.16924,21.57662],[88.17074,21.56911],[88.17128,21.5675],[88.17162,21.56288],[88.17228,21.55877],[88.17562,21.55004],[88.17817,21.54677],[88.18705,21.54252],[88.19074,21.54202],[88.19286,21.54099],[88.19697,21.54097],[88.19933,21.54213],[88.20406,21.54604],[88.20405,21.54729],[88.20229,21.54785],[88.19928,21.5469],[88.19817,21.54599],[88.197,21.54771],[88.19497,21.54774],[88.19375,21.54899],[88.19363,21.55067],[88.19214,21.55428],[88.18859,21.55785],[88.18785,21.56308],[88.18636,21.56491],[88.18745,21.56749],[88.18667,21.56913],[88.18669,21.5712],[88.18548,21.57287],[88.18567,21.57529],[88.18499,21.57707],[88.18641,21.58072],[88.18569,21.58258],[88.1834,21.5836],[88.1806,21.58376],[88.17959,21.5848],[88.17441,21.58406]]],[[[88.83401,21.60804],[88.83209,21.60847],[88.83185,21.60482],[88.82979,21.60318],[88.83061,21.5972],[88.82945,21.59458],[88.82997,21.59307],[88.82895,21.58574],[88.82912,21.58208],[88.82699,21.57829],[88.82752,21.57495],[88.82643,21.57451],[88.82613,21.57194],[88.82828,21.57261],[88.82975,21.57188],[88.82898,21.57052],[88.82952,21.5662],[88.82683,21.566],[88.82755,21.56356],[88.82982,21.56022],[88.83038,21.55634],[88.83007,21.55442],[88.83108,21.55126],[88.83385,21.54979],[88.83664,21.54995],[88.83969,21.54909],[88.83964,21.54794],[88.84234,21.54779],[88.84197,21.54616],[88.84485,21.5441],[88.84808,21.54245],[88.84884,21.54058],[88.85181,21.54006],[88.85595,21.53663],[88.86171,21.53587],[88.86327,21.53635],[88.86621,21.5356],[88.86859,21.53569],[88.87016,21.53502],[88.8737,21.53458],[88.87777,21.53493],[88.88142,21.53416],[88.88596,21.53555],[88.88787,21.53677],[88.8916,21.53803],[88.89666,21.54179],[88.90068,21.54333],[88.90134,21.54461],[88.90599,21.54756],[88.90572,21.55564],[88.90368,21.56137],[88.90157,21.56536],[88.90024,21.56957],[88.89745,21.57525],[88.89624,21.57537],[88.89417,21.5791],[88.89189,21.5812],[88.88889,21.58095],[88.88489,21.58306],[88.88137,21.58657],[88.87993,21.58871],[88.87903,21.58808],[88.87698,21.59156],[88.87457,21.59356],[88.87121,21.5948],[88.86893,21.59667],[88.86126,21.59763],[88.85558,21.5997],[88.84717,21.60158],[88.83698,21.60543],[88.83597,21.6079],[88.83401,21.60804]]],[[[88.63505,21.66294],[88.63696,21.66567],[88.63852,21.66655],[88.63879,21.66928],[88.64098,21.67267],[88.64195,21.67598],[88.64238,21.67919],[88.64121,21.67963],[88.63723,21.67978],[88.63516,21.67865],[88.63141,21.67445],[88.62944,21.66749],[88.62866,21.66309],[88.62761,21.6606],[88.62664,21.65569],[88.62776,21.65503],[88.62858,21.65145],[88.63158,21.64941],[88.63369,21.65043],[88.6361,21.65087],[88.63497,21.65382],[88.63505,21.65569],[88.634,21.65787],[88.63447,21.65926],[88.63711,21.6629],[88.63505,21.66294]]],[[[88.04293,21.69235],[88.04393,21.69312],[88.04602,21.69813],[88.04438,21.69867],[88.04404,21.69637],[88.04266,21.69294],[88.04293,21.69235]]],[[[88.05241,21.70232],[88.05017,21.70025],[88.05155,21.69911],[88.05316,21.70182],[88.05241,21.70232]]],[[[88.30938,21.70486],[88.30661,21.70563],[88.30569,21.69959],[88.30747,21.69564],[88.31129,21.6891],[88.31453,21.68022],[88.3161,21.67237],[88.31611,21.66274],[88.31391,21.65211],[88.30942,21.63963],[88.30745,21.63247],[88.30661,21.62359],[88.30645,21.61495],[88.3091,21.608],[88.31785,21.60522],[88.32278,21.60781],[88.32691,21.61322],[88.33956,21.61941],[88.34062,21.62307],[88.3443,21.6276],[88.34615,21.63317],[88.34344,21.63759],[88.3472,21.64295],[88.35046,21.6468],[88.34976,21.64852],[88.34658,21.64863],[88.34479,21.64921],[88.34621,21.65162],[88.34643,21.6546],[88.34467,21.65854],[88.34371,21.6619],[88.34472,21.66395],[88.34754,21.66672],[88.34856,21.66933],[88.35078,21.67262],[88.3516,21.67486],[88.35142,21.67728],[88.35025,21.68046],[88.34711,21.68515],[88.34613,21.6874],[88.34338,21.69209],[88.33962,21.69529],[88.33367,21.69982],[88.32891,21.70209],[88.32453,21.70306],[88.31915,21.70385],[88.31336,21.70371],[88.30938,21.70486]]],[[[88.04364,21.70059],[88.04468,21.70183],[88.04396,21.70365],[88.04335,21.70814],[88.04248,21.70816],[88.04236,21.70306],[88.04364,21.70059]]],[[[88.05331,21.70306],[88.05427,21.70433],[88.05446,21.7067],[88.05625,21.71014],[88.05555,21.71144],[88.05371,21.71088],[88.05311,21.70737],[88.05218,21.70491],[88.05331,21.70306]]],[[[88.74978,21.64962],[88.74379,21.65212],[88.7303,21.66409],[88.72018,21.67173],[88.70778,21.68137],[88.7018,21.68787],[88.69932,21.69528],[88.69826,21.71045],[88.69483,21.71861],[88.69341,21.72066],[88.69251,21.72016],[88.69025,21.70728],[88.68666,21.68948],[88.68443,21.68431],[88.68726,21.67931],[88.698,21.66859],[88.70636,21.66083],[88.71397,21.65127],[88.7175,21.64401],[88.71884,21.63474],[88.7185,21.62661],[88.71749,21.62278],[88.71454,21.61785],[88.71209,21.61471],[88.71077,21.60547],[88.70827,21.59782],[88.70721,21.59015],[88.70859,21.58472],[88.71236,21.57723],[88.71544,21.57246],[88.72023,21.56948],[88.72624,21.56664],[88.73869,21.56402],[88.74203,21.56219],[88.74672,21.56514],[88.75226,21.56486],[88.75974,21.56478],[88.77134,21.56861],[88.77611,21.56984],[88.77812,21.5749],[88.78417,21.57701],[88.79481,21.58212],[88.79705,21.58802],[88.80005,21.59124],[88.79723,21.59708],[88.79394,21.60007],[88.7911,21.60393],[88.77604,21.61959],[88.77296,21.62577],[88.77157,21.63178],[88.7734,21.6372],[88.7738,21.64011],[88.77691,21.64346],[88.77466,21.64929],[88.76898,21.65595],[88.75923,21.65246],[88.75242,21.64801],[88.74978,21.64962]]],[[[88.20674,21.70916],[88.20825,21.71346],[88.20579,21.71842],[88.20354,21.72584],[88.19961,21.72212],[88.19516,21.71892],[88.18948,21.71333],[88.18581,21.70767],[88.18512,21.70537],[88.18234,21.69956],[88.18154,21.69607],[88.18133,21.69016],[88.18208,21.68814],[88.18483,21.68985],[88.1868,21.69165],[88.18906,21.6948],[88.19042,21.69804],[88.19346,21.70142],[88.19552,21.70303],[88.19887,21.70484],[88.1994,21.70313],[88.1979,21.70048],[88.19441,21.6962],[88.18239,21.6867],[88.18322,21.68295],[88.18286,21.67712],[88.18346,21.67421],[88.18828,21.66503],[88.18864,21.65988],[88.19033,21.6545],[88.19262,21.65114],[88.19527,21.6451],[88.1972,21.63602],[88.19876,21.63098],[88.2019,21.61777],[88.20322,21.61351],[88.20599,21.60892],[88.20864,21.60791],[88.20925,21.60981],[88.20744,21.61317],[88.20828,21.61922],[88.21033,21.61978],[88.21178,21.62326],[88.21346,21.62572],[88.21744,21.62942],[88.22142,21.63177],[88.22529,21.63591],[88.2265,21.63932],[88.2275,21.65006],[88.22735,21.65259],[88.22507,21.66599],[88.21974,21.66912],[88.21515,21.67038],[88.20883,21.67155],[88.20568,21.67176],[88.19668,21.67891],[88.19545,21.67936],[88.19359,21.68419],[88.19411,21.68737],[88.19683,21.69204],[88.20121,21.69699],[88.20473,21.70002],[88.20858,21.70524],[88.20855,21.70819],[88.20674,21.70916]]],[[[88.41515,21.72639],[88.41221,21.72841],[88.41121,21.73102],[88.40759,21.73485],[88.40398,21.73564],[88.40205,21.73673],[88.39918,21.74272],[88.39894,21.74396],[88.40035,21.749],[88.40018,21.75169],[88.39854,21.75338],[88.39583,21.75464],[88.39451,21.75373],[88.39254,21.74594],[88.39246,21.74331],[88.39095,21.73838],[88.38912,21.73575],[88.38597,21.73335],[88.38392,21.73231],[88.37213,21.72955],[88.36927,21.72823],[88.36876,21.72698],[88.37005,21.72443],[88.37373,21.72393],[88.38075,21.72542],[88.3872,21.72635],[88.39134,21.72633],[88.39619,21.72519],[88.40168,21.72097],[88.40401,21.71576],[88.40475,21.71177],[88.40436,21.709],[88.40302,21.70532],[88.40208,21.70448],[88.40091,21.70158],[88.39849,21.69762],[88.39564,21.69448],[88.39058,21.69018],[88.3882,21.68961],[88.38249,21.68302],[88.38223,21.68182],[88.38257,21.67736],[88.38204,21.67295],[88.38254,21.66635],[88.38226,21.66428],[88.38098,21.66247],[88.38354,21.65813],[88.38548,21.65549],[88.38546,21.6524],[88.38662,21.64988],[88.38681,21.64706],[88.38761,21.64639],[88.38794,21.64298],[88.38896,21.64152],[88.39084,21.64073],[88.3895,21.63946],[88.38897,21.63685],[88.38588,21.63673],[88.38572,21.63261],[88.38711,21.62947],[88.3894,21.62727],[88.39301,21.62527],[88.39361,21.62354],[88.39333,21.62139],[88.38863,21.61474],[88.38475,21.61084],[88.38544,21.60855],[88.38772,21.60421],[88.38806,21.60198],[88.38986,21.60128],[88.39154,21.59935],[88.39322,21.59941],[88.39548,21.59664],[88.39569,21.59386],[88.39672,21.59009],[88.39937,21.59129],[88.40011,21.5901],[88.4038,21.59042],[88.40538,21.58953],[88.4076,21.59031],[88.4081,21.59482],[88.40695,21.60133],[88.4059,21.60233],[88.40918,21.6083],[88.41177,21.61178],[88.41516,21.61437],[88.41735,21.61459],[88.42318,21.61737],[88.43103,21.61899],[88.43195,21.62045],[88.43225,21.62589],[88.43103,21.63],[88.42915,21.63268],[88.42866,21.63509],[88.42705,21.63713],[88.41993,21.64321],[88.41752,21.64503],[88.41553,21.64745],[88.41169,21.65322],[88.41105,21.65583],[88.41078,21.66616],[88.41263,21.66874],[88.41417,21.67208],[88.41425,21.6734],[88.41185,21.67852],[88.41041,21.67965],[88.41161,21.68207],[88.4113,21.68547],[88.41343,21.69309],[88.41961,21.69837],[88.42603,21.701],[88.42756,21.70105],[88.42814,21.70251],[88.42458,21.70825],[88.42272,21.71499],[88.42117,21.71712],[88.42168,21.71814],[88.42001,21.72004],[88.41839,21.71932],[88.41724,21.72037],[88.41614,21.72311],[88.41489,21.72425],[88.41515,21.72639]]],[[[88.38587,21.76388],[88.38284,21.7644],[88.37812,21.76642],[88.37559,21.76522],[88.37029,21.76376],[88.36213,21.76358],[88.35988,21.76332],[88.35711,21.76215],[88.35395,21.76193],[88.34763,21.76018],[88.3447,21.75724],[88.34315,21.75325],[88.34384,21.74611],[88.34515,21.73775],[88.34722,21.73259],[88.34815,21.72903],[88.34853,21.72254],[88.34732,21.7197],[88.34592,21.71792],[88.34157,21.71609],[88.33867,21.7139],[88.33892,21.71008],[88.34095,21.70668],[88.34429,21.70231],[88.35068,21.69194],[88.35224,21.69056],[88.35619,21.68808],[88.35707,21.68646],[88.36173,21.68611],[88.36294,21.68557],[88.36569,21.68804],[88.36539,21.69083],[88.37244,21.69437],[88.37539,21.69703],[88.38349,21.70066],[88.38591,21.70232],[88.39089,21.70676],[88.39218,21.70834],[88.39414,21.7124],[88.3947,21.71461],[88.39391,21.71604],[88.39153,21.71785],[88.38747,21.71858],[88.3792,21.71719],[88.3764,21.717],[88.37071,21.71793],[88.36732,21.71962],[88.36353,21.72469],[88.36328,21.72591],[88.36392,21.72993],[88.36535,21.73307],[88.36777,21.73412],[88.37149,21.73664],[88.37449,21.73742],[88.38257,21.73793],[88.38571,21.74017],[88.3871,21.74343],[88.38694,21.74762],[88.38731,21.75024],[88.38634,21.75166],[88.38743,21.75454],[88.39011,21.75854],[88.38991,21.76078],[88.38587,21.76388]]],[[[88.60395,21.72556],[88.61355,21.72834],[88.6176,21.73094],[88.61951,21.73425],[88.6197,21.73696],[88.61888,21.73919],[88.61649,21.74114],[88.61218,21.74274],[88.60716,21.74354],[88.60458,21.74439],[88.59845,21.74708],[88.59436,21.75004],[88.59004,21.75233],[88.58782,21.75291],[88.58554,21.7555],[88.58436,21.75812],[88.58408,21.76161],[88.58578,21.766],[88.58586,21.76719],[88.58464,21.77432],[88.58389,21.77618],[88.58223,21.77641],[88.57829,21.7737],[88.57404,21.77192],[88.57174,21.77143],[88.5689,21.76948],[88.57086,21.76668],[88.57308,21.76479],[88.57634,21.76101],[88.57825,21.7599],[88.57872,21.75856],[88.58253,21.75449],[88.58458,21.74843],[88.58489,21.74309],[88.58367,21.73685],[88.5829,21.73501],[88.57903,21.72879],[88.5788,21.72753],[88.5805,21.72613],[88.58645,21.72427],[88.59293,21.72053],[88.59587,21.72248],[88.60228,21.72554],[88.60395,21.72556]]],[[[88.30132,21.75184],[88.30112,21.75486],[88.29828,21.76683],[88.29615,21.77068],[88.28904,21.77862],[88.2866,21.76901],[88.28615,21.7656],[88.28546,21.75491],[88.28347,21.74871],[88.28082,21.74142],[88.27976,21.73492],[88.28171,21.73293],[88.28336,21.72677],[88.28709,21.71964],[88.28938,21.71742],[88.28934,21.71525],[88.29014,21.71366],[88.29254,21.71268],[88.29157,21.71551],[88.29596,21.71692],[88.29929,21.71492],[88.29905,21.71849],[88.30088,21.7254],[88.30496,21.73246],[88.30469,21.73619],[88.30247,21.74412],[88.30132,21.75184]]],[[[88.19813,21.76905],[88.19747,21.77098],[88.19496,21.77553],[88.19319,21.77958],[88.19219,21.77931],[88.19171,21.77485],[88.19029,21.77014],[88.19071,21.76594],[88.19301,21.76517],[88.193,21.7625],[88.1924,21.75939],[88.19361,21.75951],[88.19408,21.76164],[88.19562,21.7626],[88.19767,21.76526],[88.19813,21.76905]]],[[[88.6084,21.78459],[88.6031,21.78495],[88.59468,21.78369],[88.59259,21.78316],[88.59044,21.78078],[88.58883,21.77659],[88.58858,21.77286],[88.58898,21.76864],[88.58858,21.76304],[88.58754,21.75936],[88.58739,21.75721],[88.5904,21.75558],[88.5952,21.75354],[88.59905,21.75127],[88.60035,21.7494],[88.60432,21.74748],[88.61166,21.74724],[88.61567,21.74572],[88.61934,21.74337],[88.62173,21.74005],[88.62312,21.73509],[88.62321,21.73309],[88.62028,21.72804],[88.61049,21.72232],[88.60004,21.71796],[88.59706,21.71568],[88.59796,21.71292],[88.60354,21.70777],[88.61092,21.70477],[88.61246,21.70745],[88.61256,21.70882],[88.61616,21.7127],[88.61762,21.71582],[88.6205,21.71858],[88.62364,21.72405],[88.62756,21.72931],[88.62988,21.73614],[88.63003,21.74116],[88.62946,21.74543],[88.62975,21.75147],[88.6293,21.75516],[88.62801,21.7581],[88.62768,21.76141],[88.62527,21.76555],[88.62552,21.76808],[88.62492,21.77009],[88.62568,21.7712],[88.62254,21.77909],[88.62061,21.78238],[88.61861,21.78349],[88.61009,21.7839],[88.6084,21.78459]]],[[[88.18152,21.78383],[88.18569,21.79021],[88.18521,21.79149],[88.18232,21.79566],[88.17905,21.79933],[88.17634,21.79346],[88.17666,21.79134],[88.18082,21.78405],[88.18152,21.78383]]],[[[88.42218,21.81058],[88.42022,21.81153],[88.41684,21.80918],[88.41113,21.80308],[88.40796,21.80122],[88.40389,21.7974],[88.40236,21.79536],[88.38706,21.78278],[88.38361,21.77912],[88.3835,21.77733],[88.38424,21.77506],[88.38562,21.77376],[88.38804,21.77352],[88.38838,21.76913],[88.38888,21.76816],[88.39206,21.76581],[88.39578,21.76168],[88.39598,21.75695],[88.39763,21.75492],[88.39951,21.75443],[88.40316,21.75611],[88.40365,21.75419],[88.40542,21.7534],[88.40291,21.75174],[88.40231,21.75004],[88.40237,21.74733],[88.40135,21.74546],[88.40114,21.74319],[88.40317,21.73838],[88.40818,21.73661],[88.41162,21.73446],[88.41468,21.73092],[88.42138,21.72078],[88.42231,21.71996],[88.42662,21.71842],[88.42713,21.71458],[88.43008,21.71075],[88.43249,21.70438],[88.43286,21.70219],[88.43091,21.69825],[88.42885,21.69562],[88.42267,21.6915],[88.41984,21.69018],[88.4197,21.6856],[88.41914,21.68293],[88.41955,21.67918],[88.42073,21.67355],[88.42105,21.66203],[88.42038,21.65314],[88.42158,21.65085],[88.42614,21.64552],[88.42953,21.64288],[88.43224,21.63878],[88.43692,21.63249],[88.4385,21.62917],[88.43971,21.62547],[88.44113,21.62283],[88.44146,21.62002],[88.44026,21.61486],[88.43946,21.61316],[88.43668,21.60972],[88.43315,21.60733],[88.42716,21.60532],[88.42831,21.60449],[88.43057,21.60489],[88.43239,21.60375],[88.43532,21.604],[88.43651,21.60535],[88.4382,21.6052],[88.43977,21.60679],[88.44746,21.60854],[88.45016,21.61177],[88.45303,21.61899],[88.45365,21.62107],[88.45529,21.62401],[88.45567,21.62595],[88.45336,21.62582],[88.45437,21.6292],[88.45571,21.63037],[88.45555,21.63201],[88.45739,21.63465],[88.45805,21.63767],[88.45946,21.63976],[88.45906,21.64264],[88.46012,21.64558],[88.46003,21.64846],[88.46323,21.65358],[88.46447,21.65657],[88.46517,21.66075],[88.46501,21.66562],[88.46587,21.66731],[88.46889,21.66649],[88.46898,21.66943],[88.47151,21.67473],[88.47028,21.67785],[88.46766,21.68262],[88.46599,21.68745],[88.46456,21.68955],[88.46218,21.69421],[88.46003,21.69616],[88.45926,21.69837],[88.45928,21.70052],[88.45744,21.70387],[88.45491,21.70514],[88.45476,21.70831],[88.4528,21.71854],[88.45339,21.71924],[88.45407,21.7257],[88.45394,21.73078],[88.45451,21.73817],[88.45532,21.74322],[88.45582,21.75003],[88.4532,21.75084],[88.45527,21.75244],[88.45651,21.75714],[88.45863,21.76361],[88.45778,21.76701],[88.45903,21.77016],[88.46088,21.77744],[88.46277,21.78262],[88.46573,21.78621],[88.46861,21.78906],[88.47081,21.79069],[88.47116,21.79313],[88.46772,21.79366],[88.46599,21.79331],[88.46458,21.7906],[88.46222,21.78885],[88.45744,21.78946],[88.45524,21.78933],[88.45457,21.79074],[88.45129,21.79255],[88.44894,21.79464],[88.44713,21.79736],[88.44182,21.80049],[88.43773,21.79991],[88.4362,21.79855],[88.43244,21.79811],[88.42999,21.79927],[88.42823,21.80079],[88.42747,21.80235],[88.42604,21.80919],[88.42218,21.81058]]],[[[88.60017,21.63942],[88.59842,21.64335],[88.5945,21.64917],[88.59337,21.65552],[88.59101,21.65834],[88.59142,21.65946],[88.59885,21.66423],[88.60269,21.66811],[88.60512,21.67163],[88.60716,21.6759],[88.60597,21.67647],[88.6054,21.67872],[88.60862,21.68148],[88.60626,21.68449],[88.59873,21.6896],[88.59598,21.69298],[88.59242,21.69618],[88.59048,21.70105],[88.58872,21.70405],[88.58834,21.70592],[88.58841,21.71282],[88.58624,21.71527],[88.58347,21.71716],[88.57968,21.71738],[88.57651,21.71983],[88.57355,21.72266],[88.57206,21.732],[88.57209,21.7348],[88.57332,21.73833],[88.57377,21.74224],[88.57263,21.74784],[88.57087,21.75122],[88.56812,21.75553],[88.5616,21.76212],[88.56007,21.76792],[88.5599,21.77109],[88.56175,21.77592],[88.56459,21.77962],[88.57002,21.78293],[88.57404,21.78587],[88.57327,21.78849],[88.57043,21.79318],[88.56628,21.79723],[88.56184,21.80249],[88.55697,21.80478],[88.55541,21.80778],[88.55183,21.8093],[88.54705,21.81009],[88.54317,21.81171],[88.54137,21.8104],[88.53351,21.80286],[88.52746,21.79732],[88.51617,21.78736],[88.51129,21.77882],[88.50782,21.77121],[88.50758,21.76804],[88.50629,21.75836],[88.50819,21.7492],[88.51287,21.73928],[88.51323,21.73566],[88.51817,21.73077],[88.51913,21.72777],[88.51927,21.72124],[88.5184,21.71528],[88.51858,21.71341],[88.52033,21.70892],[88.5223,21.70573],[88.52344,21.70049],[88.52717,21.69542],[88.52814,21.69242],[88.52611,21.68908],[88.52588,21.68647],[88.52884,21.6829],[88.53054,21.67551],[88.53089,21.67084],[88.52986,21.66749],[88.52623,21.66417],[88.52622,21.66287],[88.52819,21.66042],[88.52855,21.65706],[88.5311,21.65275],[88.53465,21.64917],[88.5374,21.64505],[88.54234,21.6409],[88.5493,21.63841],[88.5531,21.63893],[88.55649,21.6389],[88.56283,21.63567],[88.56682,21.63507],[88.58187,21.62561],[88.587,21.62015],[88.59254,21.61637],[88.59492,21.61541],[88.5969,21.61353],[88.59669,21.6126],[88.60267,21.61254],[88.60608,21.61456],[88.60874,21.61994],[88.60857,21.62255],[88.6078,21.62536],[88.60482,21.62688],[88.60405,21.6295],[88.60093,21.63512],[88.60095,21.63717],[88.60017,21.63942]]],[[[88.4825,21.83502],[88.47835,21.83495],[88.47512,21.83398],[88.47308,21.8293],[88.46837,21.82172],[88.46158,21.81877],[88.45282,21.81434],[88.4519,21.81302],[88.45323,21.81079],[88.45646,21.80827],[88.45891,21.80579],[88.46335,21.80061],[88.4646,21.80009],[88.47366,21.80019],[88.47772,21.79995],[88.48067,21.80053],[88.48546,21.79886],[88.48811,21.80264],[88.49051,21.80393],[88.49375,21.80703],[88.49942,21.81077],[88.49954,21.81259],[88.49882,21.81598],[88.49842,21.82072],[88.49744,21.82141],[88.4955,21.82462],[88.49081,21.82894],[88.48796,21.83405],[88.48321,21.83416],[88.4825,21.83502]]],[[[88.19967,21.83595],[88.19791,21.83895],[88.19729,21.84052],[88.19619,21.83813],[88.19453,21.83609],[88.19206,21.83123],[88.19236,21.82916],[88.19546,21.82368],[88.19768,21.82274],[88.20179,21.8179],[88.20229,21.82131],[88.20191,21.82513],[88.20109,21.82715],[88.20071,21.83075],[88.19967,21.83595]]],[[[88.19072,21.83056],[88.19203,21.8339],[88.19521,21.83948],[88.19185,21.84346],[88.18179,21.85205],[88.17683,21.85738],[88.17347,21.86184],[88.17167,21.86499],[88.16667,21.86958],[88.16619,21.86825],[88.16682,21.86501],[88.16792,21.86269],[88.17149,21.8587],[88.17483,21.85209],[88.17609,21.84862],[88.17858,21.84401],[88.18236,21.8384],[88.18619,21.83374],[88.18876,21.83112],[88.19072,21.83056]]],[[[88.14786,21.8513],[88.145,21.85617],[88.14315,21.85818],[88.14094,21.85865],[88.14115,21.86184],[88.13711,21.86973],[88.13613,21.87518],[88.13225,21.87377],[88.12745,21.86913],[88.12586,21.86817],[88.12365,21.86513],[88.121,21.86272],[88.12035,21.8592],[88.11928,21.85577],[88.11714,21.85122],[88.11388,21.85073],[88.11197,21.84698],[88.1095,21.84428],[88.10866,21.84205],[88.10562,21.83836],[88.10394,21.835],[88.1018,21.83255],[88.09934,21.82613],[88.09826,21.82091],[88.0979,21.81764],[88.09668,21.81578],[88.09581,21.81261],[88.09405,21.81122],[88.09235,21.80897],[88.08816,21.80074],[88.08669,21.79866],[88.08496,21.79403],[88.08364,21.78629],[88.0836,21.78352],[88.0815,21.78299],[88.07958,21.78176],[88.07681,21.77742],[88.07472,21.76764],[88.07443,21.76414],[88.07343,21.75952],[88.07649,21.75176],[88.07199,21.7498],[88.07103,21.74795],[88.0702,21.74076],[88.06942,21.73971],[88.06626,21.73889],[88.06345,21.73745],[88.06266,21.73587],[88.06477,21.73477],[88.0656,21.73318],[88.06392,21.7315],[88.06153,21.73099],[88.05994,21.72996],[88.05883,21.72701],[88.05521,21.72095],[88.05411,21.71669],[88.05393,21.71186],[88.05624,21.71157],[88.05693,21.70972],[88.05607,21.70912],[88.05468,21.70549],[88.05436,21.70077],[88.0524,21.69453],[88.04957,21.68695],[88.04677,21.68722],[88.04583,21.68601],[88.0434,21.67845],[88.04467,21.6758],[88.04161,21.67596],[88.04137,21.67453],[88.04191,21.67051],[88.04493,21.6704],[88.04467,21.66658],[88.04316,21.66608],[88.04395,21.66335],[88.0426,21.65702],[88.04175,21.65573],[88.04202,21.6531],[88.04333,21.6518],[88.04144,21.64998],[88.04297,21.64948],[88.04731,21.64524],[88.05137,21.64266],[88.05454,21.64119],[88.05729,21.63939],[88.0621,21.6374],[88.06719,21.63576],[88.07308,21.63441],[88.07531,21.63452],[88.07905,21.63366],[88.08055,21.63438],[88.08151,21.63597],[88.08449,21.6361],[88.09024,21.63865],[88.09174,21.63804],[88.09074,21.63529],[88.09051,21.63088],[88.0923,21.63005],[88.09833,21.6293],[88.10671,21.62788],[88.11225,21.62732],[88.115,21.62559],[88.11868,21.6254],[88.1239,21.62573],[88.12454,21.62752],[88.12719,21.62915],[88.13242,21.62764],[88.13388,21.62762],[88.13674,21.62908],[88.14058,21.63235],[88.14227,21.63577],[88.14261,21.63908],[88.14508,21.63898],[88.14552,21.64039],[88.14535,21.64506],[88.14462,21.64861],[88.14354,21.64901],[88.14362,21.654],[88.14416,21.66115],[88.14384,21.66265],[88.14213,21.66347],[88.14227,21.66648],[88.14355,21.66756],[88.14331,21.66996],[88.14137,21.67144],[88.14108,21.67461],[88.13997,21.67541],[88.136,21.67658],[88.13473,21.67649],[88.13443,21.679],[88.13961,21.6798],[88.14495,21.67964],[88.14891,21.68009],[88.15324,21.68196],[88.15281,21.68514],[88.1528,21.69004],[88.15233,21.69116],[88.153,21.69379],[88.1526,21.69503],[88.1539,21.69902],[88.15468,21.69993],[88.15585,21.70436],[88.15949,21.71219],[88.16472,21.71977],[88.16586,21.72255],[88.16587,21.72637],[88.16749,21.7296],[88.16721,21.73237],[88.16868,21.7334],[88.17061,21.73632],[88.17125,21.7401],[88.17016,21.7443],[88.1691,21.75084],[88.16768,21.75382],[88.16883,21.75564],[88.16867,21.76052],[88.16892,21.76402],[88.16854,21.77438],[88.16886,21.78245],[88.16771,21.78504],[88.16756,21.78719],[88.16602,21.79007],[88.16567,21.79587],[88.16665,21.80125],[88.16767,21.80406],[88.17096,21.8091],[88.16985,21.81265],[88.16834,21.81358],[88.16879,21.81539],[88.16866,21.81844],[88.16742,21.82272],[88.1663,21.82472],[88.16045,21.82907],[88.1571,21.8321],[88.15516,21.83539],[88.15479,21.83741],[88.15346,21.83877],[88.15259,21.84175],[88.15073,21.8462],[88.14922,21.84793],[88.14786,21.8513]]],[[[88.17427,21.86369],[88.17418,21.86729],[88.17165,21.87065],[88.17064,21.87331],[88.1677,21.87685],[88.16677,21.87869],[88.16483,21.87837],[88.16701,21.87319],[88.16925,21.86879],[88.17047,21.86814],[88.17383,21.86356],[88.17427,21.86369]]],[[[88.57076,21.8795],[88.56211,21.8804],[88.55873,21.87963],[88.55495,21.87723],[88.55405,21.87567],[88.55344,21.87211],[88.5539,21.86808],[88.55533,21.86395],[88.55831,21.85775],[88.55946,21.85439],[88.55997,21.85151],[88.5598,21.84679],[88.55826,21.84225],[88.55603,21.83816],[88.55281,21.83437],[88.55203,21.83191],[88.55592,21.82811],[88.55739,21.8278],[88.55877,21.8295],[88.56121,21.83483],[88.56261,21.83957],[88.56381,21.8415],[88.56535,21.84575],[88.56737,21.84878],[88.57382,21.85559],[88.57425,21.86185],[88.57385,21.86942],[88.5744,21.87669],[88.57508,21.8781],[88.57442,21.87966],[88.57076,21.8795]]],[[[88.56241,21.89719],[88.55519,21.89942],[88.54721,21.90313],[88.54342,21.90395],[88.54143,21.90219],[88.54107,21.9],[88.54267,21.89754],[88.5468,21.89473],[88.54878,21.89197],[88.54873,21.8876],[88.54998,21.88349],[88.55052,21.88001],[88.54925,21.87675],[88.54668,21.87401],[88.54262,21.87119],[88.5415,21.86903],[88.54436,21.86089],[88.54348,21.85496],[88.54263,21.8538],[88.53161,21.84882],[88.53099,21.84819],[88.53108,21.84552],[88.53298,21.84118],[88.53356,21.83735],[88.53566,21.8335],[88.53933,21.8309],[88.54284,21.82961],[88.54656,21.82413],[88.54759,21.82045],[88.54904,21.81754],[88.55304,21.81661],[88.55417,21.81733],[88.55454,21.82103],[88.55415,21.82512],[88.55026,21.83151],[88.5511,21.83472],[88.55551,21.84081],[88.55811,21.8457],[88.55853,21.85212],[88.55661,21.85778],[88.55332,21.86466],[88.55195,21.87023],[88.55223,21.87359],[88.55298,21.87668],[88.55489,21.87943],[88.55759,21.88096],[88.56077,21.8818],[88.56841,21.88194],[88.57434,21.8811],[88.57615,21.88306],[88.57614,21.88559],[88.57537,21.8887],[88.57207,21.89566],[88.57043,21.90049],[88.56995,21.90069],[88.56607,21.89832],[88.56241,21.89719]]],[[[88.64859,21.91786],[88.63852,21.9222],[88.63616,21.92115],[88.63117,21.91015],[88.62265,21.90183],[88.61703,21.89605],[88.60306,21.87448],[88.59791,21.86274],[88.59186,21.85253],[88.58481,21.84498],[88.58021,21.83473],[88.57859,21.82547],[88.57683,21.81793],[88.57822,21.81349],[88.58245,21.80795],[88.58631,21.80152],[88.59197,21.79764],[88.59653,21.79709],[88.60305,21.79825],[88.61002,21.79868],[88.61551,21.79788],[88.62109,21.79664],[88.6314,21.79102],[88.63819,21.78945],[88.64371,21.78787],[88.64422,21.78975],[88.64486,21.80768],[88.6459,21.81561],[88.64886,21.82465],[88.65037,21.8369],[88.6505,21.84971],[88.65151,21.85334],[88.65211,21.85769],[88.65159,21.85977],[88.65464,21.86511],[88.6541,21.86855],[88.65279,21.87249],[88.65476,21.87538],[88.65502,21.87851],[88.65667,21.88443],[88.65917,21.88814],[88.66048,21.89288],[88.66289,21.89788],[88.66595,21.90196],[88.66857,21.90813],[88.67007,21.91242],[88.67009,21.91422],[88.66864,21.91457],[88.66501,21.91427],[88.65359,21.91777],[88.65078,21.91731],[88.64859,21.91786]]],[[[88.12462,21.93061],[88.11988,21.92712],[88.11642,21.92339],[88.11546,21.92108],[88.1154,21.91924],[88.1186,21.91293],[88.1189,21.91039],[88.12098,21.90922],[88.12303,21.90699],[88.12421,21.90416],[88.12663,21.89997],[88.13001,21.89913],[88.13213,21.89972],[88.13458,21.90136],[88.1377,21.90448],[88.14213,21.91198],[88.14316,21.91431],[88.14502,21.91689],[88.13909,21.92273],[88.13779,21.92226],[88.13664,21.92558],[88.13444,21.92777],[88.1315,21.92968],[88.12869,21.93046],[88.12462,21.93061]]],[[[88.92485,21.92257],[88.91744,21.92875],[88.91182,21.93088],[88.90843,21.92434],[88.90259,21.92103],[88.8919,21.91731],[88.88838,21.91645],[88.88476,21.91649],[88.88162,21.91698],[88.87862,21.91871],[88.87489,21.91988],[88.86783,21.91578],[88.85969,21.91271],[88.8493,21.91272],[88.83861,21.9178],[88.83393,21.9209],[88.8282,21.92627],[88.82159,21.93019],[88.81975,21.93061],[88.81901,21.92926],[88.82062,21.92338],[88.82249,21.91862],[88.82543,21.91388],[88.83375,21.91],[88.83987,21.90639],[88.84575,21.90082],[88.84964,21.89648],[88.85315,21.88889],[88.85451,21.87968],[88.85387,21.87372],[88.85374,21.86625],[88.8497,21.86194],[88.84298,21.85554],[88.83837,21.84783],[88.8368,21.84303],[88.83739,21.83193],[88.84153,21.81563],[88.84117,21.80661],[88.83902,21.79444],[88.83491,21.7858],[88.83506,21.78279],[88.84001,21.78189],[88.85022,21.78242],[88.85832,21.78104],[88.86349,21.77849],[88.87334,21.77196],[88.87722,21.76661],[88.87967,21.74914],[88.88026,21.74586],[88.87546,21.73039],[88.87161,21.71909],[88.87001,21.71036],[88.86965,21.70417],[88.87145,21.69483],[88.87969,21.68534],[88.88251,21.67396],[88.88352,21.66456],[88.88413,21.66117],[88.89107,21.65239],[88.9003,21.6482],[88.90473,21.64589],[88.90908,21.63992],[88.91365,21.63597],[88.91749,21.63213],[88.92297,21.63231],[88.92417,21.6373],[88.92594,21.64618],[88.9286,21.6552],[88.93296,21.66426],[88.94013,21.68904],[88.93949,21.69664],[88.93516,21.70282],[88.9285,21.70539],[88.92589,21.70612],[88.9211,21.70956],[88.91467,21.71618],[88.91376,21.72048],[88.91387,21.72883],[88.91439,21.73153],[88.91684,21.73421],[88.91858,21.73781],[88.92202,21.74183],[88.9223,21.74476],[88.92018,21.74885],[88.91731,21.75137],[88.91591,21.75522],[88.91621,21.75905],[88.91744,21.76062],[88.92084,21.76239],[88.92276,21.76124],[88.92608,21.75713],[88.9313,21.74985],[88.93171,21.74443],[88.93091,21.73879],[88.92746,21.7319],[88.92177,21.72355],[88.92126,21.72152],[88.93684,21.71267],[88.94639,21.70497],[88.94901,21.70201],[88.95131,21.69385],[88.95283,21.68119],[88.94824,21.67199],[88.94352,21.66211],[88.94297,21.6567],[88.93998,21.64997],[88.93872,21.64614],[88.94038,21.64364],[88.94514,21.63862],[88.94987,21.63156],[88.95415,21.62722],[88.96064,21.62489],[88.96829,21.61983],[88.97981,21.61541],[88.98633,21.61601],[88.98947,21.61597],[88.99534,21.62222],[88.99727,21.62197],[88.99914,21.61811],[88.99792,21.61655],[88.9983,21.60909],[88.99776,21.60481],[88.99798,21.60323],[89.00667,21.6038],[89.01245,21.60305],[89.01728,21.60344],[89.02378,21.60291],[89.02767,21.60512],[89.03185,21.61094],[89.03554,21.61541],[89.03654,21.61833],[89.03517,21.62354],[89.0352,21.6258],[89.03329,21.62763],[89.0285,21.62972],[89.02325,21.63407],[89.01996,21.64043],[89.02004,21.6463],[89.02133,21.65193],[89.02356,21.65642],[89.02407,21.65822],[89.02648,21.65819],[89.02694,21.65638],[89.02701,21.65254],[89.02503,21.64895],[89.02426,21.64557],[89.0259,21.64217],[89.02681,21.63854],[89.02918,21.63513],[89.03195,21.63504],[89.03788,21.63183],[89.0488,21.62394],[89.04949,21.62145],[89.05067,21.61951],[89.05112,21.61691],[89.05049,21.61557],[89.05597,21.61538],[89.06072,21.61573],[89.06813,21.61738],[89.07117,21.61915],[89.07118,21.61994],[89.07398,21.62182],[89.07528,21.62384],[89.07805,21.62553],[89.07979,21.62934],[89.08297,21.63223],[89.08783,21.63443],[89.0893,21.63644],[89.0942,21.64134],[89.09433,21.65036],[89.09356,21.66368],[89.08979,21.67004],[89.0853,21.67664],[89.08126,21.6812],[89.07697,21.68532],[89.07269,21.68988],[89.06884,21.69038],[89.06742,21.6922],[89.06841,21.69422],[89.07186,21.69914],[89.07166,21.70185],[89.07027,21.70615],[89.06409,21.713],[89.06223,21.71753],[89.06157,21.7223],[89.05896,21.72572],[89.05561,21.72756],[89.05592,21.73252],[89.0418,21.74105],[89.03775,21.74449],[89.0323,21.75223],[89.02445,21.76045],[89.02253,21.76092],[89.01946,21.76615],[89.01928,21.77044],[89.01579,21.77974],[89.014,21.79037],[89.01237,21.79423],[89.01391,21.8012],[89.01604,21.81276],[89.01833,21.81772],[89.02235,21.82165],[89.02844,21.8314],[89.02915,21.84548],[89.02753,21.85024],[89.02951,21.85405],[89.0308,21.85968],[89.03134,21.86396],[89.029,21.86747],[89.02482,21.87131],[89.00224,21.88419],[88.98386,21.89525],[88.97415,21.8996],[88.95616,21.90711],[88.93731,21.91475],[88.92485,21.92257]]],[[[88.56796,21.95848],[88.5653,21.95988],[88.56343,21.96144],[88.56095,21.96505],[88.55831,21.97078],[88.5563,21.9729],[88.55245,21.97345],[88.54733,21.97266],[88.54438,21.97086],[88.54348,21.96855],[88.54281,21.96498],[88.54267,21.96028],[88.54345,21.95436],[88.54484,21.94917],[88.54716,21.94384],[88.54957,21.94021],[88.5508,21.93587],[88.55131,21.93182],[88.5511,21.92917],[88.54993,21.92506],[88.54987,21.923],[88.55213,21.9198],[88.55704,21.91734],[88.56264,21.9155],[88.56679,21.91236],[88.56851,21.91064],[88.57077,21.90732],[88.57298,21.90499],[88.57308,21.90216],[88.5755,21.89731],[88.57601,21.8943],[88.57719,21.89301],[88.58041,21.89254],[88.58257,21.89144],[88.58729,21.89395],[88.58899,21.8958],[88.59227,21.89809],[88.60172,21.90572],[88.60595,21.91138],[88.60685,21.91455],[88.60919,21.91846],[88.61003,21.92247],[88.60929,21.92679],[88.60598,21.93167],[88.60276,21.93442],[88.59995,21.93731],[88.59593,21.94469],[88.59488,21.94712],[88.59175,21.95086],[88.58878,21.95284],[88.57535,21.95953],[88.57206,21.95854],[88.56796,21.95848]]],[[[88.60318,21.99118],[88.60387,21.9936],[88.60636,21.99908],[88.60299,21.99745],[88.60177,21.99482],[88.59916,21.991],[88.59745,21.99083],[88.59526,21.9883],[88.59304,21.98852],[88.58811,21.99046],[88.58554,21.98979],[88.58425,21.98676],[88.57878,21.9828],[88.57657,21.97998],[88.57596,21.97794],[88.576,21.97145],[88.57682,21.97015],[88.57633,21.96841],[88.57679,21.96589],[88.57649,21.96064],[88.57838,21.95898],[88.59197,21.95155],[88.59569,21.9472],[88.59753,21.94315],[88.60057,21.93786],[88.60422,21.93469],[88.60615,21.93565],[88.60813,21.93533],[88.60881,21.93349],[88.61252,21.93163],[88.61368,21.93213],[88.61428,21.93415],[88.61368,21.93568],[88.61503,21.93751],[88.61378,21.94002],[88.60935,21.94545],[88.60556,21.952],[88.60337,21.95658],[88.60008,21.96205],[88.59861,21.96758],[88.59895,21.97422],[88.60172,21.98646],[88.60318,21.99118]]],[[[88.98759,21.97147],[88.98496,21.97353],[88.98378,21.97602],[88.98385,21.98087],[88.98439,21.98459],[88.98307,21.98551],[88.97945,21.98578],[88.97487,21.98674],[88.9709,21.98848],[88.96885,21.98884],[88.96601,21.99271],[88.96484,21.99554],[88.95616,21.99711],[88.95388,21.99883],[88.9539,21.99996],[88.9435,22.00008],[88.94482,21.99329],[88.94436,21.98608],[88.94089,21.97935],[88.93646,21.97457],[88.92915,21.96934],[88.92611,21.96746],[88.92487,21.96511],[88.92494,21.96127],[88.92842,21.95142],[88.92882,21.94511],[88.93143,21.94158],[88.93631,21.936],[88.94097,21.93234],[88.94648,21.92878],[88.95154,21.9276],[88.96302,21.92527],[88.9661,21.92382],[88.96763,21.92194],[88.97687,21.91754],[88.9825,21.91465],[88.98908,21.90961],[88.99483,21.90616],[88.99951,21.90463],[89.01157,21.90302],[89.01279,21.90379],[89.01308,21.9074],[89.01441,21.90795],[89.0164,21.91165],[89.01655,21.9139],[89.01931,21.92108],[89.01697,21.92641],[89.0133,21.93152],[89.00685,21.93735],[89.00193,21.93978],[88.99484,21.94201],[88.99112,21.94408],[88.98924,21.94782],[88.98857,21.95104],[88.98875,21.95532],[88.9921,21.96171],[88.9942,21.96484],[89.00495,21.97261],[89.00997,21.9774],[89.00977,21.98033],[89.00654,21.98263],[89.00448,21.98243],[89.00075,21.97943],[88.99573,21.97498],[88.99244,21.97242],[88.9894,21.97144],[88.98759,21.97147]]],[[[89.05967,22.12015],[89.05948,22.1209],[89.05411,22.13057],[89.04952,22.13579],[89.04516,22.13902],[89.03341,22.14538],[89.02943,22.14907],[89.02474,22.15523],[89.02279,22.16042],[89.02126,22.16772],[89.02126,22.17676],[89.02265,22.18531],[89.02345,22.18858],[89.02274,22.19176],[89.02128,22.1953],[89.01905,22.19826],[89.01392,22.20079],[89.00212,22.20387],[88.99706,22.2055],[88.99585,22.20382],[88.98879,22.20187],[88.9839,22.20108],[88.97968,22.20085],[88.97569,22.20147],[88.96967,22.20431],[88.96615,22.20703],[88.9643,22.20981],[88.96188,22.21494],[88.96082,22.21898],[88.95939,22.22299],[88.95838,22.23189],[88.95628,22.24019],[88.95511,22.2429],[88.9532,22.24587],[88.94954,22.24908],[88.94037,22.25189],[88.93839,22.25293],[88.93566,22.25601],[88.93469,22.25823],[88.93548,22.26233],[88.9346,22.26325],[88.93227,22.26313],[88.92727,22.26358],[88.92521,22.2608],[88.92389,22.26024],[88.92248,22.26151],[88.91917,22.2658],[88.91579,22.27069],[88.91503,22.27087],[88.90844,22.26757],[88.90688,22.26378],[88.90753,22.25919],[88.90596,22.25498],[88.906,22.2521],[88.90537,22.25158],[88.90238,22.25248],[88.8968,22.25239],[88.89393,22.25637],[88.8906,22.25894],[88.88909,22.2649],[88.88828,22.26652],[88.88455,22.2679],[88.88145,22.26849],[88.8782,22.27454],[88.87728,22.27516],[88.87383,22.27543],[88.87073,22.27451],[88.86742,22.27198],[88.86548,22.27172],[88.86408,22.27345],[88.86411,22.27566],[88.86229,22.27806],[88.85908,22.27934],[88.85686,22.28089],[88.85531,22.28331],[88.85274,22.28457],[88.85124,22.28842],[88.84958,22.28676],[88.84819,22.28282],[88.84371,22.27911],[88.84231,22.2763],[88.84089,22.27553],[88.8385,22.27592],[88.83612,22.27412],[88.83494,22.27106],[88.83236,22.26974],[88.82999,22.26648],[88.82781,22.26488],[88.82599,22.26457],[88.82404,22.26532],[88.81912,22.26352],[88.81576,22.26394],[88.81459,22.26521],[88.81381,22.26952],[88.81474,22.27218],[88.81522,22.27683],[88.81695,22.27766],[88.81657,22.28313],[88.8159,22.28434],[88.81321,22.28608],[88.81004,22.2863],[88.80619,22.28603],[88.80526,22.28652],[88.80437,22.29104],[88.80446,22.29793],[88.80626,22.30366],[88.80769,22.30953],[88.81071,22.31571],[88.8109,22.32039],[88.80602,22.32539],[88.80365,22.32844],[88.80342,22.33068],[88.80621,22.3347],[88.8091,22.34069],[88.81038,22.34428],[88.81107,22.34779],[88.81518,22.35329],[88.81619,22.35736],[88.81816,22.36061],[88.82179,22.36131],[88.82006,22.36441],[88.81998,22.36561],[88.82159,22.37022],[88.82013,22.37167],[88.81699,22.37207],[88.812,22.37196],[88.80846,22.37419],[88.80337,22.37359],[88.80209,22.37395],[88.79917,22.37348],[88.79736,22.37108],[88.79575,22.37025],[88.79048,22.37041],[88.78736,22.3696],[88.78322,22.36753],[88.78029,22.37031],[88.77879,22.37117],[88.77551,22.37105],[88.77328,22.37019],[88.77022,22.37117],[88.76827,22.37481],[88.76926,22.37775],[88.77286,22.38279],[88.77409,22.38771],[88.77231,22.38786],[88.77027,22.38374],[88.76771,22.37992],[88.7651,22.37954],[88.76224,22.38318],[88.76138,22.38569],[88.76197,22.38735],[88.76824,22.39077],[88.76799,22.39273],[88.76434,22.39491],[88.76079,22.398],[88.75897,22.39676],[88.75582,22.39281],[88.75305,22.39155],[88.75112,22.3918],[88.75074,22.39388],[88.75542,22.39741],[88.7555,22.39839],[88.7528,22.40132],[88.75137,22.40129],[88.74912,22.39952],[88.74774,22.40105],[88.74533,22.40237],[88.74273,22.40274],[88.73797,22.40745],[88.73557,22.41026],[88.73336,22.41107],[88.73389,22.41483],[88.73419,22.42062],[88.73167,22.42087],[88.7304,22.42337],[88.72646,22.42542],[88.72389,22.42619],[88.72221,22.42763],[88.71547,22.42761],[88.71363,22.42997],[88.71125,22.43002],[88.70815,22.43227],[88.70618,22.43248],[88.70384,22.43373],[88.70346,22.43778],[88.70225,22.44131],[88.7023,22.4432],[88.70319,22.44572],[88.7076,22.44941],[88.70807,22.45141],[88.7078,22.45409],[88.70664,22.45684],[88.70317,22.45881],[88.70415,22.46107],[88.69956,22.46102],[88.69208,22.46285],[88.68652,22.46744],[88.6856,22.47387],[88.67988,22.47867],[88.67741,22.47975],[88.67587,22.48135],[88.67569,22.48443],[88.66878,22.48933],[88.66554,22.491],[88.66578,22.49274],[88.66411,22.4929],[88.66069,22.49501],[88.65689,22.49453],[88.65371,22.49589],[88.64936,22.49546],[88.64933,22.49771],[88.65067,22.49966],[88.6522,22.50448],[88.65651,22.50627],[88.65672,22.51048],[88.65477,22.51316],[88.65654,22.5138],[88.65699,22.51591],[88.65434,22.51707],[88.6544,22.51818],[88.65072,22.51955],[88.65199,22.52196],[88.65302,22.52752],[88.65228,22.52826],[88.64869,22.52862],[88.64428,22.53113],[88.64379,22.53261],[88.64157,22.53561],[88.64079,22.538],[88.6397,22.53883],[88.63837,22.54148],[88.6369,22.54316],[88.634,22.54428],[88.63288,22.54573],[88.62944,22.54792],[88.63055,22.55262],[88.62999,22.55408],[88.63081,22.55713],[88.63028,22.55819],[88.62822,22.55804],[88.6261,22.55908],[88.62531,22.5626],[88.62338,22.56273],[88.62383,22.56491],[88.62552,22.56808],[88.62531,22.57175],[88.62706,22.57527],[88.62494,22.57897],[88.62259,22.58228],[88.61989,22.5828],[88.62018,22.58075],[88.61687,22.58191],[88.61336,22.58173],[88.61198,22.58392],[88.61256,22.58768],[88.61164,22.59089],[88.61031,22.59168],[88.60706,22.59102],[88.60624,22.59203],[88.60356,22.59249],[88.60052,22.59242],[88.59928,22.59605],[88.59131,22.59689],[88.59065,22.59743],[88.59203,22.60063],[88.59234,22.60307],[88.59176,22.60711],[88.5929,22.60885],[88.59403,22.60861],[88.5943,22.61257],[88.59372,22.61369],[88.58972,22.61554],[88.58607,22.61497],[88.58371,22.61258],[88.58198,22.61207],[88.5775,22.61426],[88.57641,22.61569],[88.57599,22.61775],[88.57449,22.61954],[88.5699,22.62106],[88.56501,22.62367],[88.55974,22.62507],[88.55958,22.62189],[88.55758,22.61811],[88.55544,22.61846],[88.55422,22.6162],[88.55337,22.613],[88.55097,22.60863],[88.54975,22.60811],[88.54652,22.60932],[88.54401,22.60506],[88.54562,22.60337],[88.54557,22.60013],[88.54655,22.59971],[88.54813,22.59578],[88.5534,22.59269],[88.55272,22.59146],[88.54728,22.59301],[88.54709,22.59163],[88.54455,22.58939],[88.54447,22.58667],[88.54299,22.58531],[88.54135,22.58522],[88.54215,22.58195],[88.54072,22.58158],[88.538,22.57895],[88.53848,22.57544],[88.53749,22.57456],[88.53509,22.57456],[88.5299,22.569],[88.52366,22.56475],[88.52201,22.56115],[88.52287,22.55843],[88.52258,22.55568],[88.52536,22.55248],[88.52225,22.55069],[88.5195,22.54978],[88.51876,22.55116],[88.51262,22.55186],[88.5115,22.55397],[88.51222,22.55656],[88.50854,22.55884],[88.50619,22.55682],[88.5045,22.55709],[88.50345,22.55606],[88.50147,22.55688],[88.5,22.55611],[88.49672,22.55581],[88.49549,22.55485],[88.49337,22.55482],[88.49308,22.55784],[88.49024,22.55798],[88.48793,22.55924],[88.48479,22.55962],[88.48348,22.56171],[88.48351,22.56437],[88.48101,22.5672],[88.47926,22.56657],[88.47677,22.56705],[88.47478,22.57115],[88.47278,22.57345],[88.47463,22.57538],[88.4731,22.57658],[88.47151,22.57419],[88.46984,22.57329],[88.46726,22.57383],[88.46594,22.57289],[88.46678,22.56901],[88.4652,22.56786],[88.46392,22.5655],[88.45823,22.56768],[88.46581,22.56009],[88.47217,22.55421],[88.47806,22.55067],[88.47719,22.54817],[88.47707,22.5457],[88.47779,22.53752],[88.48013,22.53272],[88.48344,22.52503],[88.48257,22.52283],[88.48149,22.52192],[88.48083,22.5195],[88.47878,22.51814],[88.47454,22.51829],[88.4708,22.5193],[88.46108,22.52256],[88.46049,22.52016],[88.45787,22.51784],[88.45831,22.51675],[88.45589,22.51507],[88.45466,22.50958],[88.44843,22.50853],[88.44425,22.51175],[88.44154,22.50958],[88.43974,22.50949],[88.43649,22.51376],[88.43651,22.51577],[88.43398,22.51753],[88.43104,22.51718],[88.42714,22.51857],[88.42623,22.52014],[88.42404,22.52134],[88.42218,22.52354],[88.42005,22.52334],[88.42011,22.51741],[88.41895,22.5158],[88.41724,22.51578],[88.41634,22.5142],[88.41568,22.50967],[88.41605,22.50645],[88.41505,22.50472],[88.41028,22.50175],[88.41116,22.49797],[88.4132,22.49765],[88.41323,22.49483],[88.4116,22.49393],[88.40904,22.49386],[88.40718,22.49276],[88.40631,22.49087],[88.40715,22.48991],[88.4121,22.49123],[88.41438,22.49043],[88.41655,22.48758],[88.41605,22.48653],[88.41705,22.48451],[88.41508,22.48207],[88.41492,22.47865],[88.41387,22.47733],[88.40869,22.47896],[88.40688,22.47872],[88.40558,22.47502],[88.40345,22.47395],[88.40016,22.47388],[88.39835,22.47201],[88.39641,22.47393],[88.39544,22.47271],[88.39691,22.47176],[88.39347,22.46756],[88.39161,22.46787],[88.38755,22.46609],[88.3842,22.46517],[88.38054,22.46581],[88.37957,22.46339],[88.38271,22.45943],[88.38072,22.45799],[88.37994,22.45607],[88.37659,22.4555],[88.37486,22.45697],[88.37203,22.45203],[88.36891,22.45288],[88.37017,22.45639],[88.36797,22.4557],[88.3653,22.45415],[88.36197,22.45529],[88.36135,22.45736],[88.36192,22.45902],[88.35962,22.46084],[88.3587,22.46291],[88.35679,22.46123],[88.35427,22.46109],[88.35257,22.45851],[88.35056,22.45692],[88.34587,22.45673],[88.34467,22.45758],[88.34441,22.46162],[88.34101,22.46322],[88.33917,22.46215],[88.3364,22.46217],[88.33417,22.46156],[88.33244,22.46227],[88.33168,22.46441],[88.33375,22.46682],[88.32896,22.46804],[88.32367,22.46738],[88.32108,22.46563],[88.31974,22.45964],[88.31893,22.45752],[88.31608,22.45693],[88.31098,22.45647],[88.30948,22.45713],[88.30854,22.45897],[88.30733,22.45937],[88.30399,22.45828],[88.30367,22.4556],[88.29464,22.45492],[88.28799,22.45597],[88.28971,22.45984],[88.29041,22.46585],[88.28957,22.4706],[88.28827,22.47206],[88.28407,22.47508],[88.27978,22.47921],[88.27727,22.48432],[88.27433,22.48441],[88.27276,22.48558],[88.26831,22.48709],[88.26862,22.4904],[88.27121,22.49098],[88.27541,22.48788],[88.2763,22.48814],[88.28258,22.48588],[88.289,22.4833],[88.29423,22.48207],[88.29706,22.48325],[88.30036,22.48603],[88.30356,22.49027],[88.30641,22.49084],[88.31056,22.49089],[88.31146,22.49261],[88.31109,22.49801],[88.30789,22.49913],[88.30717,22.49999],[88.30598,22.50397],[88.30532,22.50802],[88.30237,22.51106],[88.30185,22.51383],[88.30063,22.51623],[88.29912,22.51692],[88.29396,22.51741],[88.29165,22.51709],[88.29004,22.52069],[88.29016,22.52346],[88.29084,22.52503],[88.28943,22.52664],[88.28957,22.52813],[88.29116,22.52987],[88.29072,22.531],[88.29192,22.53564],[88.29161,22.53853],[88.28926,22.54007],[88.28667,22.54012],[88.2815,22.54151],[88.27757,22.54298],[88.2758,22.54257],[88.27469,22.54122],[88.26917,22.53825],[88.26506,22.53695],[88.26425,22.53462],[88.26109,22.53464],[88.25969,22.53314],[88.25744,22.53655],[88.25733,22.53782],[88.25856,22.5398],[88.25797,22.54133],[88.25513,22.54308],[88.25513,22.54613],[88.25353,22.54747],[88.25128,22.54655],[88.25,22.54516],[88.24649,22.54738],[88.24003,22.54925],[88.23363,22.54916],[88.23407,22.5442],[88.23485,22.54191],[88.23687,22.53879],[88.2408,22.53499],[88.24179,22.53329],[88.24204,22.53032],[88.24011,22.52499],[88.23759,22.52174],[88.23252,22.51959],[88.22538,22.51877],[88.21308,22.51781],[88.20865,22.5166],[88.20363,22.5139],[88.19688,22.50901],[88.19235,22.50489],[88.18686,22.49774],[88.18371,22.49431],[88.17958,22.4913],[88.1738,22.48609],[88.17058,22.48287],[88.16857,22.48183],[88.16012,22.47903],[88.1467,22.47853],[88.14306,22.47807],[88.1298,22.47496],[88.12604,22.47328],[88.12314,22.4712],[88.12118,22.46918],[88.11867,22.46558],[88.1181,22.46272],[88.11934,22.45497],[88.12207,22.44846],[88.12779,22.43891],[88.1321,22.43417],[88.13919,22.42556],[88.14174,22.42095],[88.14251,22.41584],[88.14199,22.41045],[88.14097,22.40808],[88.13591,22.40215],[88.13229,22.39865],[88.12748,22.39692],[88.12328,22.3943],[88.12102,22.39329],[88.10521,22.38203],[88.10048,22.37842],[88.09769,22.37547],[88.09169,22.36596],[88.08981,22.36159],[88.08989,22.35977],[88.09232,22.3569],[88.09427,22.35544],[88.09546,22.35318],[88.09694,22.349],[88.09717,22.34605],[88.09623,22.3406],[88.0965,22.33355],[88.09601,22.32938],[88.09677,22.31901],[88.09769,22.31244],[88.09692,22.30702],[88.09589,22.30381],[88.09292,22.29761],[88.08748,22.28548],[88.08674,22.28104],[88.08503,22.27553],[88.08353,22.26936],[88.083,22.26308],[88.08316,22.25686],[88.08785,22.25597],[88.08873,22.25],[88.08814,22.24573],[88.08743,22.24422],[88.08768,22.24242],[88.08636,22.23953],[88.08613,22.23786],[88.08436,22.23368],[88.07999,22.22847],[88.07366,22.21985],[88.07009,22.21559],[88.06905,22.2135],[88.06934,22.21191],[88.07142,22.21099],[88.07278,22.20948],[88.085,22.20871],[88.08779,22.20784],[88.09028,22.20839],[88.09751,22.20887],[88.10037,22.21002],[88.102,22.2096],[88.1069,22.21002],[88.11165,22.20978],[88.11505,22.20913],[88.1168,22.20945],[88.11839,22.20825],[88.12273,22.20712],[88.12389,22.2055],[88.12504,22.20648],[88.12692,22.20478],[88.13176,22.20209],[88.13573,22.2013],[88.13947,22.20173],[88.14554,22.20096],[88.14821,22.19993],[88.1564,22.19856],[88.15963,22.19939],[88.16341,22.1988],[88.17181,22.19517],[88.17706,22.19377],[88.17932,22.19223],[88.18271,22.19095],[88.18614,22.18774],[88.18801,22.18803],[88.18934,22.18576],[88.18948,22.18377],[88.19362,22.1785],[88.19535,22.17751],[88.19689,22.17405],[88.20035,22.17037],[88.2018,22.16802],[88.20353,22.16703],[88.20512,22.16476],[88.205,22.16295],[88.20935,22.15096],[88.21043,22.14895],[88.20974,22.1474],[88.21019,22.14578],[88.21043,22.14134],[88.21115,22.1375],[88.21072,22.13472],[88.21233,22.12698],[88.21517,22.12449],[88.21624,22.12248],[88.21688,22.11204],[88.21922,22.10849],[88.22222,22.09977],[88.22441,22.08992],[88.22419,22.08445],[88.22449,22.08029],[88.2242,22.07705],[88.22245,22.06749],[88.221,22.06343],[88.21811,22.05698],[88.2161,22.05189],[88.21473,22.03859],[88.21278,22.03273],[88.21124,22.03016],[88.21055,22.02795],[88.20496,22.0192],[88.20175,22.01478],[88.19806,22.00787],[88.19264,22.00081],[88.191,21.99958],[88.18375,21.99178],[88.17799,21.98714],[88.17339,21.98161],[88.16907,21.97578],[88.16629,21.9735],[88.16324,21.97199],[88.15507,21.96595],[88.15261,21.96338],[88.15208,21.96158],[88.1497,21.95766],[88.15094,21.9539],[88.15258,21.95263],[88.15575,21.94918],[88.15702,21.94721],[88.16342,21.9405],[88.16465,21.93832],[88.1669,21.93627],[88.16839,21.93276],[88.17088,21.92928],[88.17154,21.92323],[88.17228,21.92097],[88.17336,21.91467],[88.17321,21.9124],[88.17218,21.91071],[88.16949,21.90097],[88.166,21.8959],[88.1646,21.89295],[88.16325,21.88638],[88.16376,21.88303],[88.16759,21.87853],[88.17434,21.86899],[88.17539,21.86458],[88.17749,21.86156],[88.18296,21.8562],[88.18404,21.8546],[88.18611,21.85476],[88.19269,21.84673],[88.1946,21.84556],[88.19588,21.84364],[88.19803,21.83899],[88.19979,21.83597],[88.20083,21.8308],[88.20119,21.82729],[88.20201,21.8252],[88.20239,21.82125],[88.20186,21.81775],[88.20048,21.812],[88.20201,21.80747],[88.20396,21.80601],[88.20587,21.80015],[88.20661,21.79687],[88.20936,21.79238],[88.21156,21.78981],[88.21168,21.78804],[88.21391,21.78335],[88.21529,21.77803],[88.21496,21.77281],[88.21402,21.76884],[88.21417,21.76622],[88.21496,21.76342],[88.21507,21.75812],[88.21443,21.75],[88.21455,21.74441],[88.21429,21.74067],[88.21153,21.72851],[88.21122,21.72551],[88.21208,21.72041],[88.21518,21.71423],[88.21958,21.70757],[88.22043,21.70188],[88.21892,21.69811],[88.21457,21.69441],[88.20993,21.6922],[88.20384,21.69139],[88.19923,21.68966],[88.19975,21.6827],[88.20029,21.68135],[88.20586,21.67542],[88.20805,21.67481],[88.2152,21.67455],[88.21904,21.67563],[88.22456,21.67596],[88.22793,21.67489],[88.23166,21.6711],[88.23353,21.66736],[88.23256,21.66443],[88.23145,21.65812],[88.23195,21.65543],[88.2357,21.65017],[88.23641,21.64446],[88.23705,21.6438],[88.23559,21.6402],[88.23553,21.63835],[88.23341,21.63405],[88.22887,21.62963],[88.22753,21.62913],[88.22421,21.62674],[88.22111,21.62385],[88.22047,21.62088],[88.21913,21.61851],[88.21846,21.61593],[88.22227,21.61194],[88.22586,21.61022],[88.23086,21.60944],[88.23628,21.60499],[88.2359,21.60199],[88.23783,21.59982],[88.23887,21.59734],[88.24294,21.59259],[88.24491,21.58898],[88.24555,21.58691],[88.24345,21.58343],[88.24353,21.58045],[88.24481,21.57948],[88.24338,21.57826],[88.238,21.57767],[88.23705,21.57654],[88.23953,21.57559],[88.24047,21.57292],[88.24267,21.57001],[88.24408,21.56633],[88.2475,21.5634],[88.24977,21.56057],[88.25321,21.55863],[88.25729,21.55835],[88.26537,21.55665],[88.27005,21.55662],[88.27419,21.55702],[88.27648,21.55668],[88.27899,21.55719],[88.28442,21.55902],[88.28788,21.5609],[88.29353,21.56303],[88.29538,21.56531],[88.299,21.56877],[88.30021,21.57102],[88.30282,21.57218],[88.30455,21.57381],[88.3069,21.57758],[88.31016,21.581],[88.30959,21.58272],[88.30144,21.58767],[88.29886,21.59125],[88.2965,21.59261],[88.29516,21.59421],[88.29493,21.59585],[88.29347,21.59628],[88.28944,21.59613],[88.28599,21.59763],[88.28442,21.60071],[88.28667,21.60445],[88.28598,21.60756],[88.28628,21.61386],[88.28697,21.61407],[88.28691,21.61748],[88.28817,21.61793],[88.28879,21.61996],[88.28789,21.62422],[88.28974,21.62656],[88.29128,21.63263],[88.29229,21.63499],[88.29513,21.6389],[88.2976,21.64453],[88.29882,21.64922],[88.30265,21.66062],[88.30378,21.66986],[88.302,21.67778],[88.30117,21.68242],[88.30025,21.68448],[88.29678,21.68685],[88.29446,21.68974],[88.29421,21.69199],[88.29075,21.6957],[88.28933,21.69642],[88.28378,21.70317],[88.28193,21.70625],[88.28379,21.70696],[88.2817,21.7097],[88.27935,21.71408],[88.27808,21.71746],[88.27701,21.72254],[88.27564,21.72664],[88.27448,21.72757],[88.26829,21.7281],[88.26419,21.72886],[88.26163,21.73156],[88.26216,21.73469],[88.2682,21.74318],[88.27086,21.74988],[88.2702,21.75364],[88.27546,21.75822],[88.28172,21.76227],[88.27948,21.76573],[88.28184,21.76881],[88.28345,21.7733],[88.28383,21.7755],[88.28537,21.77917],[88.28646,21.78365],[88.2861,21.78565],[88.28297,21.78946],[88.28683,21.79165],[88.28827,21.78896],[88.29151,21.78647],[88.29371,21.78598],[88.29614,21.78382],[88.29807,21.78324],[88.29996,21.78141],[88.2991,21.77707],[88.3,21.77678],[88.30005,21.77346],[88.30132,21.77227],[88.30161,21.76896],[88.30311,21.76396],[88.30412,21.75833],[88.30412,21.7565],[88.30553,21.75006],[88.30564,21.74832],[88.30879,21.73713],[88.30948,21.73385],[88.30935,21.73102],[88.30788,21.72536],[88.30631,21.72102],[88.30615,21.71768],[88.30707,21.71506],[88.30947,21.71283],[88.31371,21.71044],[88.3208,21.70874],[88.32618,21.70948],[88.32909,21.70931],[88.32725,21.71176],[88.32535,21.71661],[88.32488,21.71911],[88.32544,21.72464],[88.32725,21.72649],[88.33048,21.7259],[88.33112,21.72507],[88.33172,21.71816],[88.33326,21.71447],[88.33573,21.71393],[88.33817,21.71677],[88.3443,21.72104],[88.34397,21.7243],[88.34196,21.73223],[88.34092,21.73486],[88.3397,21.74125],[88.34004,21.74671],[88.33977,21.75038],[88.33856,21.75136],[88.33995,21.75478],[88.34007,21.75743],[88.3427,21.76041],[88.34269,21.76113],[88.34662,21.76342],[88.35531,21.76689],[88.35767,21.76681],[88.3634,21.7673],[88.36661,21.76807],[88.36884,21.76752],[88.37257,21.76758],[88.37463,21.76813],[88.37541,21.77127],[88.37499,21.77182],[88.3752,21.77565],[88.37617,21.7814],[88.37905,21.78651],[88.37937,21.78762],[88.38989,21.79267],[88.40409,21.80009],[88.40752,21.80284],[88.41115,21.80519],[88.41519,21.80973],[88.41947,21.81292],[88.42335,21.81333],[88.42389,21.81445],[88.42588,21.81452],[88.42574,21.81146],[88.42754,21.80957],[88.42823,21.80315],[88.42882,21.80146],[88.43047,21.80038],[88.43529,21.80112],[88.43914,21.80213],[88.44212,21.80226],[88.44516,21.80303],[88.44866,21.80031],[88.45566,21.79369],[88.45917,21.79189],[88.46089,21.7932],[88.46108,21.79496],[88.46008,21.79608],[88.4541,21.80015],[88.45202,21.80204],[88.44864,21.80588],[88.44789,21.80846],[88.44737,21.81299],[88.4491,21.81755],[88.45333,21.82195],[88.4565,21.82429],[88.45867,21.82409],[88.46423,21.82593],[88.46576,21.82717],[88.46866,21.83326],[88.46886,21.83436],[88.47329,21.83753],[88.47815,21.83854],[88.48322,21.83869],[88.4842,21.8383],[88.48786,21.84038],[88.4885,21.84252],[88.4889,21.84732],[88.48867,21.85141],[88.48728,21.85437],[88.48801,21.85479],[88.48387,21.86811],[88.48375,21.86972],[88.48186,21.87473],[88.47826,21.88101],[88.47743,21.88529],[88.47649,21.88812],[88.47507,21.88984],[88.47059,21.89123],[88.46208,21.89274],[88.45788,21.89453],[88.45542,21.89697],[88.45315,21.90031],[88.45143,21.90437],[88.44768,21.90552],[88.44405,21.90477],[88.44073,21.90579],[88.43955,21.90437],[88.43778,21.90382],[88.43556,21.9014],[88.43431,21.89897],[88.42994,21.8994],[88.42763,21.90012],[88.42294,21.90255],[88.42528,21.90292],[88.4311,21.9012],[88.43456,21.9022],[88.43625,21.90418],[88.43876,21.90601],[88.44168,21.90619],[88.44439,21.90556],[88.44959,21.90566],[88.45128,21.90466],[88.45328,21.90221],[88.45567,21.89751],[88.45993,21.89424],[88.46402,21.89283],[88.47219,21.89137],[88.48004,21.8887],[88.48667,21.88449],[88.49216,21.88251],[88.49601,21.88261],[88.49643,21.87714],[88.5011,21.8738],[88.50094,21.87172],[88.50467,21.86889],[88.50998,21.8653],[88.51302,21.86435],[88.51363,21.86303],[88.51905,21.85969],[88.52039,21.8571],[88.52294,21.8543],[88.52644,21.8524],[88.52869,21.8556],[88.53023,21.85397],[88.53751,21.85671],[88.53856,21.85824],[88.53936,21.86155],[88.53859,21.86293],[88.53681,21.86335],[88.53231,21.86761],[88.53046,21.87098],[88.52834,21.87271],[88.52595,21.87284],[88.52011,21.8746],[88.52001,21.87516],[88.52775,21.87297],[88.52851,21.87306],[88.53124,21.87127],[88.53208,21.869],[88.53732,21.86361],[88.53876,21.86324],[88.5377,21.8672],[88.53792,21.86976],[88.53921,21.87326],[88.54551,21.87762],[88.54749,21.88074],[88.54749,21.88338],[88.5462,21.88933],[88.54605,21.89307],[88.54072,21.89644],[88.53902,21.89911],[88.53886,21.90104],[88.53957,21.90296],[88.54141,21.90473],[88.54103,21.90742],[88.54383,21.9057],[88.54535,21.90542],[88.55279,21.90183],[88.56024,21.8989],[88.56365,21.89864],[88.56677,21.9008],[88.56856,21.90325],[88.5686,21.90567],[88.56743,21.90751],[88.56137,21.91177],[88.56061,21.9129],[88.55621,21.91432],[88.55309,21.91488],[88.55149,21.91649],[88.54883,21.92027],[88.54815,21.92207],[88.54788,21.92645],[88.54843,21.92874],[88.54807,21.9302],[88.54903,21.93324],[88.54859,21.93814],[88.54669,21.94183],[88.54593,21.94212],[88.54247,21.94855],[88.54251,21.95139],[88.54183,21.95435],[88.54097,21.9614],[88.54122,21.96599],[88.5426,21.97083],[88.54404,21.97302],[88.54775,21.97446],[88.55292,21.9753],[88.55675,21.97396],[88.55973,21.9713],[88.56355,21.96625],[88.56566,21.96258],[88.5687,21.95992],[88.57081,21.95972],[88.57389,21.96109],[88.57534,21.96331],[88.5741,21.9779],[88.57662,21.98163],[88.57892,21.98443],[88.58368,21.98861],[88.58411,21.98998],[88.58224,21.99408],[88.57718,21.99875],[88.57975,21.99896],[88.57995,21.99773],[88.58364,21.99393],[88.58513,21.99059],[88.58851,21.99075],[88.59482,21.98868],[88.59659,21.99073],[88.5991,21.99161],[88.60147,21.99495],[88.60209,21.99672],[88.60725,22.00173],[88.60897,22.00386],[88.61284,22.0064],[88.61763,22.00894],[88.62351,22.01146],[88.63074,22.01196],[88.63488,22.01077],[88.63731,22.0086],[88.63849,22.00414],[88.63766,21.99997],[88.63497,21.99743],[88.63262,21.99199],[88.63149,21.98634],[88.63034,21.9787],[88.62883,21.97148],[88.62802,21.96559],[88.6279,21.95886],[88.63072,21.95436],[88.63462,21.95105],[88.63824,21.94937],[88.64029,21.94969],[88.64389,21.95239],[88.64905,21.9535],[88.65682,21.95365],[88.66159,21.95235],[88.66647,21.94985],[88.67231,21.94745],[88.67679,21.94399],[88.67862,21.94309],[88.68069,21.9438],[88.6869,21.94769],[88.68962,21.94972],[88.69088,21.95286],[88.69067,21.95568],[88.69345,21.95566],[88.6956,21.95269],[88.69425,21.9588],[88.69423,21.96596],[88.69212,21.9684],[88.68956,21.97018],[88.69065,21.97213],[88.69417,21.9707],[88.69625,21.97572],[88.69939,21.97939],[88.70267,21.98683],[88.70754,21.99303],[88.7102,21.99595],[88.71367,21.99873],[88.71653,21.99999],[88.72554,22.00268],[88.73328,22.00666],[88.74378,22.00655],[88.75146,22.00623],[88.75188,22.00094],[88.75039,21.99757],[88.74355,21.99177],[88.74084,21.98796],[88.73523,21.98463],[88.72549,21.97954],[88.72445,21.97323],[88.72388,21.96646],[88.72286,21.94186],[88.72275,21.93215],[88.71928,21.92542],[88.71656,21.9207],[88.71645,21.911],[88.71587,21.90355],[88.71325,21.88991],[88.70542,21.87275],[88.69888,21.85907],[88.69758,21.84957],[88.69604,21.84259],[88.6993,21.83647],[88.70309,21.82536],[88.70528,21.82068],[88.70766,21.81364],[88.71115,21.80689],[88.71234,21.79977],[88.71128,21.78698],[88.70481,21.77165],[88.69958,21.76153],[88.69459,21.75344],[88.69376,21.74531],[88.69785,21.73405],[88.7049,21.71826],[88.7073,21.70521],[88.70913,21.69677],[88.71141,21.68958],[88.71762,21.6835],[88.72791,21.67721],[88.74009,21.66633],[88.74479,21.66083],[88.75,21.65817],[88.75712,21.66272],[88.76282,21.66435],[88.77026,21.66572],[88.77681,21.66393],[88.78362,21.66011],[88.79216,21.65618],[88.79645,21.65592],[88.80365,21.65929],[88.80794,21.66268],[88.80697,21.67577],[88.80846,21.68398],[88.80927,21.69644],[88.80993,21.70448],[88.80687,21.70665],[88.79933,21.7063],[88.79102,21.70339],[88.77647,21.69601],[88.7687,21.69369],[88.76384,21.69429],[88.75947,21.69701],[88.75655,21.70297],[88.75758,21.7087],[88.76043,21.71293],[88.76656,21.7171],[88.77307,21.71894],[88.77757,21.72128],[88.77712,21.72355],[88.77593,21.72537],[88.77305,21.72653],[88.76604,21.72683],[88.75761,21.7285],[88.75235,21.7333],[88.75084,21.73783],[88.75318,21.75204],[88.75687,21.7572],[88.75947,21.76041],[88.75977,21.7618],[88.75772,21.76261],[88.7535,21.76311],[88.7505,21.76461],[88.74834,21.76621],[88.74692,21.7686],[88.74553,21.77324],[88.74662,21.77391],[88.75042,21.77839],[88.7548,21.78049],[88.75736,21.78249],[88.76412,21.78957],[88.7668,21.79874],[88.77023,21.80545],[88.77483,21.81025],[88.77507,21.81342],[88.77403,21.81677],[88.77566,21.82105],[88.77707,21.82336],[88.77704,21.82544],[88.7791,21.82609],[88.78115,21.82517],[88.78076,21.82314],[88.77757,21.81956],[88.77644,21.81641],[88.7777,21.81052],[88.77646,21.8076],[88.7745,21.8057],[88.77167,21.80189],[88.77017,21.79806],[88.76877,21.7922],[88.76568,21.78636],[88.75773,21.77899],[88.75662,21.77697],[88.75088,21.77206],[88.75013,21.77049],[88.75121,21.76946],[88.75518,21.7684],[88.76218,21.76754],[88.76531,21.76615],[88.76721,21.76331],[88.76534,21.75915],[88.76265,21.75624],[88.75851,21.75358],[88.75559,21.74679],[88.7551,21.74448],[88.75552,21.73667],[88.75683,21.73474],[88.77335,21.73341],[88.77704,21.73244],[88.78143,21.73533],[88.78865,21.73763],[88.78408,21.73982],[88.7835,21.74141],[88.78927,21.74914],[88.79144,21.74878],[88.78971,21.7453],[88.78605,21.74285],[88.78735,21.74058],[88.79146,21.74008],[88.79349,21.73836],[88.79346,21.73599],[88.79094,21.73506],[88.78464,21.73368],[88.7809,21.73196],[88.7832,21.72752],[88.78439,21.72337],[88.78391,21.71907],[88.78072,21.71443],[88.77293,21.70969],[88.7653,21.70644],[88.76266,21.70443],[88.76271,21.70197],[88.76426,21.70037],[88.76777,21.70045],[88.7708,21.70132],[88.77847,21.70643],[88.78581,21.71193],[88.79431,21.71562],[88.80298,21.71753],[88.80536,21.71614],[88.80934,21.71576],[88.81077,21.71405],[88.81459,21.71073],[88.81839,21.70481],[88.81942,21.70073],[88.81878,21.69746],[88.8174,21.69318],[88.81744,21.68719],[88.81985,21.68152],[88.82216,21.67347],[88.82244,21.66702],[88.82116,21.66071],[88.82003,21.6579],[88.81482,21.64981],[88.81083,21.64403],[88.80496,21.63883],[88.80449,21.63716],[88.80818,21.63215],[88.81249,21.62928],[88.81729,21.62731],[88.82188,21.62726],[88.82367,21.62554],[88.82478,21.62734],[88.82812,21.62425],[88.83234,21.62364],[88.8351,21.62214],[88.8386,21.62176],[88.84003,21.62061],[88.84316,21.61948],[88.84559,21.6191],[88.84669,21.62156],[88.84647,21.62337],[88.8442,21.62531],[88.84495,21.62734],[88.84929,21.62707],[88.84991,21.62808],[88.84716,21.6298],[88.84972,21.63169],[88.85409,21.63345],[88.85544,21.6357],[88.85824,21.63725],[88.86155,21.64094],[88.86075,21.64468],[88.85736,21.65319],[88.85005,21.66624],[88.84316,21.68245],[88.84042,21.69927],[88.84116,21.71688],[88.84506,21.73035],[88.85211,21.74415],[88.85907,21.75064],[88.86314,21.75484],[88.8647,21.76144],[88.86374,21.76359],[88.85891,21.76409],[88.85311,21.76439],[88.84812,21.76434],[88.83741,21.76606],[88.83258,21.7662],[88.82996,21.76916],[88.82455,21.77437],[88.82148,21.78144],[88.8215,21.78824],[88.82242,21.79426],[88.82661,21.80226],[88.83083,21.80807],[88.82906,21.81257],[88.82598,21.81735],[88.82222,21.82598],[88.82007,21.83776],[88.82082,21.84024],[88.82356,21.84653],[88.82779,21.8553],[88.83029,21.86206],[88.83254,21.867],[88.83822,21.87666],[88.83999,21.88206],[88.8398,21.88636],[88.83696,21.89114],[88.83339,21.89638],[88.82763,21.90006],[88.82039,21.90127],[88.81328,21.90383],[88.80526,21.91271],[88.79904,21.9221],[88.79987,21.92675],[88.80434,21.93269],[88.80575,21.93807],[88.80944,21.94074],[88.81614,21.94177],[88.82388,21.94105],[88.83079,21.93745],[88.83709,21.93109],[88.84211,21.92476],[88.85155,21.92155],[88.85824,21.92036],[88.86767,21.92377],[88.87537,21.92433],[88.882,21.92409],[88.88668,21.92171],[88.89293,21.92373],[88.89705,21.92413],[88.90436,21.92789],[88.90635,21.93216],[88.90625,21.94279],[88.90562,21.94957],[88.90663,21.95295],[88.90767,21.95836],[88.90823,21.96378],[88.90809,21.97147],[88.90523,21.97467],[88.90454,21.97761],[88.90313,21.98079],[88.90205,21.99075],[88.90165,21.99686],[88.90242,22.00046],[88.90247,22.00385],[88.90808,22.00974],[88.91511,22.00846],[88.91196,21.99544],[88.91323,21.99114],[88.91402,21.98718],[88.91509,21.9857],[88.916,21.98174],[88.91781,21.98093],[88.92219,21.98314],[88.93109,21.9889],[88.93293,21.99079],[88.93392,21.9927],[88.93064,22.00052],[88.93565,22.01181],[88.95359,22.01219],[88.9644,22.00609],[88.971,22.00009],[88.96952,21.99763],[88.96935,21.9938],[88.9721,21.99207],[88.98378,21.98911],[88.98629,21.98682],[88.98902,21.98341],[88.98834,21.97789],[88.98829,21.97439],[88.9906,21.97527],[88.99895,21.98453],[89.00032,21.98767],[89.00653,21.99075],[89.01374,21.99653],[89.01702,21.99773],[89.02331,21.99754],[89.02644,21.99891],[89.02744,22.0011],[89.02906,22.00173],[89.03038,22.00105],[89.02717,21.99751],[89.02365,21.99609],[89.01807,21.99587],[89.01549,21.99498],[89.00895,21.98993],[89.00364,21.98731],[89.00154,21.98667],[89.00208,21.98548],[89.00736,21.98608],[89.01182,21.98426],[89.01433,21.97999],[89.0141,21.97672],[89.01245,21.97296],[89.00679,21.9669],[89.00261,21.96345],[88.99909,21.95966],[89,21.95858],[88.9974,21.95754],[88.99654,21.95597],[88.9964,21.9534],[88.99739,21.95025],[89.00024,21.94692],[89.00244,21.94538],[89.00746,21.94392],[89.00983,21.94293],[89.01565,21.93951],[89.02201,21.93345],[89.02496,21.93101],[89.027,21.93029],[89.02782,21.92889],[89.03022,21.92881],[89.03514,21.92699],[89.04537,21.92917],[89.05131,21.93003],[89.06124,21.93046],[89.06424,21.93038],[89.06799,21.93165],[89.06953,21.93388],[89.07274,21.94444],[89.07381,21.9496],[89.07626,21.95937],[89.07669,21.96677],[89.07967,21.98397],[89.07873,21.99476],[89.07758,21.9999],[89.07723,22.00639],[89.07606,22.01134],[89.075,22.01455],[89.07274,22.01926],[89.07092,22.02178],[89.06738,22.02565],[89.05533,22.04036],[89.05163,22.04861],[89.04781,22.05311],[89.04559,22.05807],[89.04328,22.06167],[89.0418,22.06803],[89.0413,22.07146],[89.03989,22.07634],[89.03847,22.08468],[89.03775,22.09235],[89.03828,22.09686],[89.04007,22.10249],[89.04162,22.10562],[89.04542,22.11058],[89.05076,22.1162],[89.05254,22.11769],[89.05589,22.11949],[89.05967,22.12015]]]]},"properties":{"OBJECTID":584,"dtname":"South 24 Parganas","stname":"West Bengal","stcode11":"19","dtcode11":"343","year_stat":"2011_c","dist_lgd":304,"state_lgd":19,"SHAPE_Length":1897775.0353844552,"SHAPE_Area":8996183306.874338,"remarks":" ","d_pan_code":264,"d_pan_name":"South 24 Parganas","New_Name":"South 24 Parganas","mached":"-1"},"id":584},
{"type":"Feature","geometry":{"type":"Polygon","coordinates":[[[88.33543,26.49724],[88.33402,26.49779],[88.331,26.49639],[88.32693,26.49581],[88.32326,26.49624],[88.31745,26.49863],[88.31357,26.49946],[88.3115,26.4989],[88.30712,26.49542],[88.30662,26.49158],[88.30557,26.48923],[88.3036,26.48775],[88.29986,26.48777],[88.29554,26.49117],[88.29289,26.49131],[88.2899,26.49022],[88.2869,26.48737],[88.28454,26.48819],[88.28285,26.48567],[88.28181,26.48629],[88.27975,26.48954],[88.27669,26.49115],[88.27477,26.48967],[88.27471,26.48586],[88.27105,26.48669],[88.26615,26.48843],[88.26324,26.48834],[88.26216,26.4875],[88.26206,26.48508],[88.25895,26.48191],[88.25896,26.47828],[88.25779,26.47255],[88.25793,26.47054],[88.25708,26.4686],[88.25484,26.4674],[88.25197,26.46798],[88.24874,26.46751],[88.24577,26.46212],[88.24383,26.46049],[88.24287,26.45713],[88.24057,26.45377],[88.23898,26.45218],[88.24036,26.4529],[88.24197,26.45234],[88.24391,26.45354],[88.24286,26.44872],[88.24466,26.4466],[88.24545,26.44356],[88.24817,26.43668],[88.25107,26.4359],[88.25085,26.43315],[88.2542,26.43183],[88.25545,26.43238],[88.25846,26.43218],[88.25936,26.43028],[88.26359,26.42832],[88.26277,26.4245],[88.26305,26.42283],[88.26701,26.42285],[88.26762,26.42111],[88.26952,26.42011],[88.26796,26.4174],[88.26632,26.41703],[88.26455,26.41541],[88.26185,26.41625],[88.25942,26.41621],[88.25619,26.41699],[88.25404,26.41695],[88.25242,26.41605],[88.24898,26.4107],[88.24756,26.40925],[88.24756,26.40752],[88.24467,26.40704],[88.24431,26.40496],[88.2418,26.40508],[88.24154,26.40399],[88.23923,26.40344],[88.23936,26.40178],[88.23774,26.40013],[88.23826,26.39886],[88.23586,26.39731],[88.23465,26.39502],[88.23199,26.39297],[88.23014,26.39331],[88.22778,26.39169],[88.22704,26.38947],[88.22866,26.38801],[88.23334,26.38579],[88.23275,26.38398],[88.23426,26.38255],[88.23401,26.38066],[88.23222,26.3796],[88.23416,26.37779],[88.24047,26.3752],[88.24657,26.37418],[88.25533,26.3774],[88.25647,26.3785],[88.25702,26.3811],[88.25918,26.38085],[88.26038,26.37835],[88.26227,26.37755],[88.2663,26.3792],[88.2672,26.38115],[88.26839,26.38126],[88.27044,26.37864],[88.27194,26.37783],[88.27541,26.37946],[88.27444,26.37624],[88.2763,26.37375],[88.27718,26.37008],[88.27642,26.36903],[88.27919,26.36548],[88.27895,26.36262],[88.27981,26.35968],[88.28228,26.35773],[88.28375,26.35779],[88.28551,26.35917],[88.29019,26.35997],[88.29089,26.35827],[88.2893,26.35666],[88.289,26.35396],[88.29369,26.35293],[88.29353,26.35082],[88.29201,26.3494],[88.29054,26.34948],[88.29035,26.35142],[88.28539,26.35238],[88.28433,26.34965],[88.2791,26.3496],[88.27779,26.3463],[88.2789,26.34495],[88.2782,26.3432],[88.28071,26.34266],[88.28105,26.34034],[88.27979,26.33795],[88.27946,26.33253],[88.27603,26.33224],[88.27309,26.3279],[88.26979,26.32787],[88.26862,26.33155],[88.2694,26.33447],[88.27107,26.33574],[88.27088,26.33753],[88.26838,26.33799],[88.26694,26.33524],[88.26149,26.33556],[88.26084,26.33501],[88.25778,26.33552],[88.25741,26.33228],[88.25477,26.32889],[88.25417,26.32693],[88.24923,26.32793],[88.24691,26.32775],[88.24674,26.32428],[88.2442,26.32201],[88.24554,26.31454],[88.24171,26.31292],[88.23958,26.31112],[88.23981,26.30933],[88.23768,26.30763],[88.23686,26.30439],[88.2357,26.30333],[88.23165,26.30582],[88.23203,26.30793],[88.23125,26.30972],[88.22967,26.30732],[88.22937,26.30547],[88.22691,26.3041],[88.22675,26.3016],[88.2281,26.29944],[88.22818,26.29566],[88.2261,26.29439],[88.22701,26.29111],[88.2239,26.28797],[88.21986,26.2869],[88.2176,26.28557],[88.21712,26.28445],[88.21335,26.28404],[88.21253,26.28179],[88.21295,26.28003],[88.21063,26.27779],[88.20762,26.27835],[88.20323,26.28056],[88.20141,26.28086],[88.20089,26.27893],[88.19941,26.27738],[88.19913,26.27586],[88.19732,26.27186],[88.19388,26.27228],[88.18508,26.27391],[88.18318,26.27368],[88.18265,26.27044],[88.18048,26.27018],[88.17901,26.2691],[88.17905,26.26628],[88.17993,26.2654],[88.17947,26.26331],[88.17697,26.25878],[88.17419,26.25579],[88.17133,26.25592],[88.16912,26.258],[88.16779,26.258],[88.16379,26.25468],[88.16166,26.25388],[88.16048,26.25689],[88.15708,26.25729],[88.15544,26.25811],[88.15424,26.25663],[88.15453,26.2549],[88.15013,26.25252],[88.14744,26.25206],[88.1444,26.25224],[88.14265,26.25047],[88.14131,26.24563],[88.14012,26.24364],[88.13707,26.24162],[88.13663,26.24018],[88.1366,26.23248],[88.14176,26.23164],[88.14119,26.22905],[88.13937,26.22704],[88.13272,26.2266],[88.13063,26.227],[88.13004,26.22518],[88.12791,26.22668],[88.12501,26.22739],[88.12388,26.2265],[88.12098,26.22628],[88.1186,26.22489],[88.11561,26.22463],[88.11421,26.22338],[88.11454,26.22121],[88.11689,26.22],[88.11639,26.21901],[88.11316,26.21861],[88.11111,26.2177],[88.11146,26.21545],[88.10902,26.21472],[88.10541,26.21438],[88.10394,26.21021],[88.10361,26.20778],[88.10087,26.20753],[88.10113,26.20601],[88.09842,26.20537],[88.09788,26.20375],[88.09546,26.20478],[88.09413,26.2041],[88.09406,26.20248],[88.09134,26.20214],[88.09032,26.19949],[88.09016,26.19614],[88.08912,26.19357],[88.08986,26.19264],[88.08913,26.19062],[88.08587,26.1911],[88.08362,26.18808],[88.08174,26.18683],[88.07776,26.18619],[88.0761,26.18516],[88.07579,26.1829],[88.07788,26.17951],[88.07459,26.17624],[88.07254,26.176],[88.07198,26.17433],[88.06983,26.17411],[88.06888,26.17685],[88.06497,26.17699],[88.0657,26.17517],[88.06403,26.17477],[88.06134,26.17189],[88.05938,26.17051],[88.05791,26.17114],[88.05789,26.17266],[88.05257,26.17201],[88.05067,26.17237],[88.05062,26.17511],[88.04911,26.1763],[88.04168,26.17749],[88.03723,26.17871],[88.03332,26.17647],[88.03159,26.17478],[88.03288,26.17346],[88.03177,26.16998],[88.02829,26.17004],[88.02717,26.16635],[88.02612,26.16534],[88.02394,26.16507],[88.02343,26.16371],[88.01968,26.15982],[88.0155,26.15848],[88.01247,26.15991],[88.01022,26.16167],[88.00823,26.15831],[88.00973,26.15693],[88.00925,26.15471],[88.0132,26.14991],[88.01415,26.14931],[88.01113,26.14502],[88.00625,26.14574],[88.0054,26.14506],[88.00385,26.14159],[88.00226,26.14106],[87.99988,26.1384],[87.99442,26.14351],[87.99338,26.14812],[87.99145,26.15058],[87.98921,26.1482],[87.98673,26.14755],[87.98636,26.14589],[87.98502,26.14565],[87.98588,26.14268],[87.98325,26.14243],[87.98294,26.1441],[87.98131,26.14458],[87.9783,26.14374],[87.9749,26.14337],[87.97245,26.14],[87.97487,26.13831],[87.97665,26.1387],[87.97919,26.13797],[87.97842,26.13557],[87.97849,26.13015],[87.97976,26.1285],[87.98153,26.12769],[87.9814,26.12606],[87.97981,26.1243],[87.97939,26.12228],[87.97472,26.12061],[87.9708,26.12046],[87.96927,26.11762],[87.97097,26.11699],[87.97152,26.11536],[87.97427,26.11664],[87.97706,26.11634],[87.97832,26.11537],[87.98332,26.11485],[87.98656,26.11261],[87.98767,26.11028],[87.98613,26.10953],[87.98631,26.10641],[87.985,26.10671],[87.98505,26.10413],[87.98689,26.10275],[87.9868,26.10141],[87.98157,26.10206],[87.97836,26.10124],[87.97812,26.10268],[87.97588,26.10192],[87.97526,26.10067],[87.97176,26.10057],[87.97126,26.09919],[87.96939,26.0982],[87.96421,26.09392],[87.97152,26.09293],[87.97075,26.08867],[87.97666,26.08707],[87.97673,26.08473],[87.9782,26.0838],[87.98066,26.08406],[87.98235,26.08339],[87.98224,26.07987],[87.98562,26.07766],[87.98219,26.07376],[87.97514,26.07703],[87.97227,26.07735],[87.9655,26.07405],[87.96124,26.07532],[87.95909,26.07553],[87.95706,26.07476],[87.95335,26.0753],[87.95162,26.07443],[87.95232,26.07188],[87.95031,26.06834],[87.95196,26.068],[87.95402,26.0693],[87.95452,26.06567],[87.95222,26.06475],[87.95012,26.06492],[87.95043,26.06124],[87.94561,26.06163],[87.94388,26.06101],[87.93893,26.06275],[87.93492,26.06368],[87.93496,26.06501],[87.93635,26.0686],[87.93343,26.06994],[87.9313,26.06991],[87.93062,26.07376],[87.9313,26.07595],[87.93178,26.0803],[87.93136,26.08202],[87.92805,26.08307],[87.92385,26.07956],[87.92053,26.07569],[87.9183,26.07617],[87.91457,26.07601],[87.91286,26.07336],[87.9095,26.07161],[87.90851,26.0728],[87.9065,26.07186],[87.90488,26.06874],[87.90232,26.06567],[87.90145,26.06304],[87.89784,26.06375],[87.89565,26.06205],[87.8924,26.06116],[87.89055,26.05852],[87.89014,26.05417],[87.89045,26.04962],[87.88924,26.0486],[87.88589,26.04815],[87.8835,26.04681],[87.88241,26.04703],[87.87969,26.04912],[87.87833,26.04953],[87.87591,26.04781],[87.87245,26.04334],[87.87014,26.04135],[87.86769,26.04028],[87.86426,26.03648],[87.85769,26.03659],[87.85553,26.03559],[87.85425,26.03232],[87.85452,26.02936],[87.85638,26.02949],[87.85725,26.02808],[87.8573,26.02535],[87.85631,26.02101],[87.85446,26.01667],[87.85045,26.01416],[87.85127,26.01335],[87.85458,26.01234],[87.85394,26.00911],[87.8521,26.00557],[87.85041,26.00345],[87.8514,26.00248],[87.85045,25.99854],[87.84918,25.99807],[87.84944,25.99543],[87.84794,25.99369],[87.84513,25.99412],[87.8446,25.9881],[87.84555,25.98806],[87.84547,25.98457],[87.84425,25.9824],[87.84477,25.98023],[87.84464,25.97691],[87.8468,25.97527],[87.84652,25.97384],[87.84472,25.97393],[87.84508,25.97167],[87.84706,25.96937],[87.84581,25.96449],[87.84053,25.96175],[87.83963,25.96054],[87.83684,25.96028],[87.83597,25.95838],[87.83826,25.95203],[87.83666,25.95028],[87.83464,25.94588],[87.83357,25.94458],[87.83403,25.94216],[87.83695,25.94228],[87.83705,25.94116],[87.83935,25.93811],[87.83778,25.93676],[87.8376,25.93522],[87.83473,25.93168],[87.83723,25.93201],[87.83843,25.93149],[87.83311,25.92791],[87.82472,25.93185],[87.81959,25.93394],[87.81634,25.93186],[87.81282,25.93215],[87.81187,25.93015],[87.80797,25.9303],[87.809,25.92837],[87.80836,25.92223],[87.80934,25.92003],[87.81275,25.91885],[87.813,25.9164],[87.81054,25.91559],[87.80757,25.91609],[87.80803,25.91216],[87.8097,25.91218],[87.81319,25.91054],[87.81553,25.91022],[87.81689,25.91283],[87.81875,25.91275],[87.82021,25.91393],[87.82258,25.91213],[87.82143,25.90598],[87.82136,25.90298],[87.81959,25.90034],[87.82241,25.89788],[87.82505,25.89715],[87.82683,25.89408],[87.82477,25.89091],[87.82299,25.89066],[87.82174,25.88685],[87.82332,25.88559],[87.8225,25.88171],[87.82619,25.88002],[87.82572,25.87774],[87.82904,25.87683],[87.82743,25.87538],[87.82792,25.87249],[87.83015,25.8705],[87.83319,25.87043],[87.83665,25.86953],[87.84129,25.8698],[87.84627,25.86897],[87.84971,25.86965],[87.8525,25.86863],[87.85651,25.86643],[87.8575,25.8649],[87.85977,25.8648],[87.86179,25.86695],[87.86662,25.86746],[87.86806,25.86865],[87.86953,25.86863],[87.86979,25.86657],[87.87313,25.86607],[87.87465,25.86815],[87.87585,25.86467],[87.87551,25.86083],[87.87602,25.86029],[87.88271,25.85936],[87.8854,25.86004],[87.88707,25.8612],[87.88862,25.86511],[87.89161,25.86579],[87.89436,25.86498],[87.89771,25.8629],[87.90256,25.86168],[87.90328,25.8587],[87.90608,25.85782],[87.90829,25.85407],[87.91186,25.85274],[87.91469,25.85395],[87.91412,25.85145],[87.91208,25.85112],[87.91006,25.84831],[87.9088,25.84748],[87.90779,25.84527],[87.90508,25.84314],[87.90209,25.84207],[87.90173,25.84101],[87.90422,25.83683],[87.89844,25.83838],[87.89688,25.8373],[87.90065,25.83584],[87.903,25.83438],[87.90099,25.83269],[87.89809,25.83461],[87.89607,25.83707],[87.89468,25.83634],[87.89503,25.83492],[87.89383,25.83379],[87.8927,25.83542],[87.89134,25.83451],[87.89121,25.83218],[87.88812,25.83102],[87.89001,25.82859],[87.89357,25.8275],[87.89592,25.82785],[87.89502,25.82923],[87.89686,25.82988],[87.8971,25.83145],[87.89853,25.83181],[87.9012,25.82994],[87.89956,25.82867],[87.89908,25.82484],[87.90124,25.82322],[87.90442,25.82248],[87.90558,25.81981],[87.90922,25.81974],[87.91591,25.81621],[87.91536,25.8154],[87.91493,25.81187],[87.91378,25.81141],[87.91222,25.81322],[87.91064,25.81349],[87.90935,25.81503],[87.90752,25.812],[87.90574,25.81264],[87.90507,25.8141],[87.9034,25.81359],[87.90171,25.80999],[87.89946,25.80749],[87.90058,25.80652],[87.90193,25.80772],[87.90564,25.80756],[87.9067,25.80638],[87.90791,25.80286],[87.90382,25.80202],[87.90366,25.79888],[87.90472,25.79705],[87.90433,25.79548],[87.90518,25.79216],[87.90573,25.78457],[87.90688,25.78053],[87.90554,25.78061],[87.90447,25.78239],[87.90313,25.78094],[87.90345,25.77791],[87.90195,25.77705],[87.90292,25.7724],[87.90417,25.77113],[87.90609,25.77143],[87.9071,25.77014],[87.909,25.77173],[87.90706,25.77354],[87.9093,25.77431],[87.91965,25.77464],[87.92221,25.77511],[87.9236,25.7764],[87.92571,25.77534],[87.92611,25.77279],[87.93363,25.76943],[87.93424,25.77179],[87.93263,25.77295],[87.93566,25.77475],[87.9381,25.77362],[87.93927,25.77082],[87.94176,25.76978],[87.94229,25.76854],[87.9417,25.76528],[87.94232,25.76464],[87.94253,25.75955],[87.94622,25.75881],[87.94762,25.75733],[87.94562,25.75376],[87.94398,25.75194],[87.94722,25.74952],[87.94621,25.74734],[87.94671,25.74586],[87.94858,25.74701],[87.9494,25.74598],[87.95143,25.74634],[87.95372,25.74526],[87.95358,25.74386],[87.95513,25.74321],[87.95666,25.7415],[87.96137,25.73866],[87.96102,25.73638],[87.96354,25.73506],[87.96373,25.73365],[87.96608,25.73298],[87.96588,25.73109],[87.96664,25.72917],[87.9657,25.72562],[87.96745,25.72482],[87.97624,25.72246],[87.97776,25.72106],[87.98247,25.71998],[87.98343,25.72042],[87.98476,25.7243],[87.98962,25.72619],[87.99126,25.72539],[87.99233,25.72314],[87.9975,25.72241],[87.99964,25.72106],[88.00018,25.71779],[88.00195,25.71568],[88.01022,25.71234],[88.01167,25.71064],[88.01357,25.71008],[88.01646,25.71076],[88.01793,25.70988],[88.02107,25.70969],[88.02132,25.70817],[88.02013,25.70409],[88.019,25.70153],[88.01868,25.69769],[88.02065,25.69586],[88.02532,25.69594],[88.02848,25.69461],[88.03084,25.6945],[88.0312,25.69791],[88.0291,25.70109],[88.03122,25.7033],[88.03323,25.7032],[88.03655,25.7002],[88.03733,25.69729],[88.04053,25.69756],[88.04193,25.70168],[88.04341,25.70177],[88.04557,25.70046],[88.04865,25.69709],[88.04896,25.69488],[88.05113,25.69198],[88.05184,25.69007],[88.05249,25.68498],[88.05084,25.68276],[88.0459,25.67898],[88.04722,25.67534],[88.04732,25.67128],[88.04783,25.66905],[88.04659,25.66273],[88.04816,25.66135],[88.04999,25.6612],[88.04977,25.65937],[88.04671,25.65734],[88.04564,25.65596],[88.04605,25.65392],[88.04818,25.65036],[88.04859,25.64861],[88.04817,25.64622],[88.04635,25.64671],[88.04474,25.64589],[88.04442,25.64363],[88.04295,25.64365],[88.04024,25.64723],[88.03783,25.64727],[88.03662,25.64608],[88.03739,25.64101],[88.04002,25.64262],[88.04112,25.64259],[88.04297,25.64009],[88.04557,25.63518],[88.04791,25.63511],[88.04911,25.63754],[88.05212,25.63806],[88.05396,25.63918],[88.05526,25.63782],[88.05313,25.63571],[88.04978,25.63452],[88.04737,25.63139],[88.04498,25.63398],[88.04392,25.634],[88.04016,25.6317],[88.03729,25.62609],[88.03484,25.62306],[88.03639,25.61821],[88.0384,25.61489],[88.04143,25.61232],[88.04331,25.61005],[88.04204,25.60796],[88.03994,25.60888],[88.03708,25.60921],[88.03412,25.60734],[88.03317,25.60597],[88.03008,25.60566],[88.03208,25.60376],[88.03505,25.60322],[88.03803,25.60379],[88.04001,25.60334],[88.03982,25.60106],[88.03788,25.60067],[88.0356,25.60108],[88.03332,25.59983],[88.0311,25.60174],[88.02693,25.60148],[88.02474,25.60223],[88.02394,25.6013],[88.02476,25.59844],[88.02603,25.59833],[88.03029,25.60024],[88.02938,25.59706],[88.02969,25.59261],[88.02894,25.59139],[88.02719,25.59088],[88.02406,25.59206],[88.02026,25.59115],[88.02206,25.58827],[88.02495,25.58659],[88.02558,25.58566],[88.02464,25.58278],[88.02572,25.57975],[88.02772,25.57665],[88.02557,25.57697],[88.02402,25.5762],[88.0241,25.57418],[88.02554,25.57207],[88.02825,25.56999],[88.03276,25.57097],[88.03486,25.57076],[88.03832,25.56891],[88.03467,25.56417],[88.03178,25.56655],[88.0295,25.56475],[88.02977,25.56298],[88.02831,25.55991],[88.02582,25.55886],[88.02699,25.55609],[88.03043,25.55595],[88.03553,25.55253],[88.03833,25.55299],[88.03531,25.54803],[88.03372,25.54724],[88.03582,25.54479],[88.03597,25.54275],[88.03728,25.53832],[88.0406,25.53737],[88.0432,25.53779],[88.04633,25.53973],[88.0483,25.53895],[88.05025,25.53715],[88.0541,25.53475],[88.05738,25.53439],[88.05959,25.52838],[88.06201,25.52644],[88.0633,25.52617],[88.06789,25.52173],[88.07113,25.51745],[88.07089,25.51576],[88.06887,25.51399],[88.0665,25.51275],[88.06655,25.51039],[88.0682,25.50937],[88.07436,25.5094],[88.07175,25.50616],[88.07139,25.49587],[88.07255,25.49411],[88.07159,25.49337],[88.07219,25.49115],[88.07331,25.48431],[88.07411,25.47817],[88.07524,25.47542],[88.07884,25.47039],[88.07922,25.46832],[88.07931,25.45663],[88.08011,25.4541],[88.0855,25.44778],[88.09124,25.44478],[88.09455,25.44413],[88.09759,25.44209],[88.09721,25.43551],[88.10064,25.43189],[88.10539,25.43474],[88.10752,25.43563],[88.11169,25.43638],[88.11287,25.43582],[88.1123,25.43351],[88.10942,25.43226],[88.10671,25.43337],[88.104,25.43224],[88.10172,25.42976],[88.09865,25.42809],[88.09596,25.42756],[88.0939,25.42088],[88.09756,25.41752],[88.10175,25.41884],[88.10906,25.418],[88.10961,25.41605],[88.10704,25.41349],[88.10068,25.41026],[88.10072,25.40705],[88.10218,25.40463],[88.10631,25.40321],[88.10777,25.40434],[88.10828,25.4068],[88.11062,25.40825],[88.11377,25.4085],[88.11399,25.40677],[88.10927,25.40411],[88.10575,25.40062],[88.10725,25.39847],[88.10888,25.39505],[88.107,25.3906],[88.09883,25.389],[88.09909,25.38096],[88.10198,25.38075],[88.10456,25.37857],[88.10964,25.37668],[88.11134,25.37463],[88.11537,25.37186],[88.118,25.37103],[88.11796,25.36732],[88.11711,25.36592],[88.11866,25.36511],[88.1219,25.36646],[88.12231,25.36206],[88.1219,25.35888],[88.12099,25.35699],[88.122,25.35417],[88.12173,25.35269],[88.11781,25.35031],[88.11625,25.35051],[88.11492,25.34837],[88.11584,25.34661],[88.11889,25.34379],[88.11998,25.34162],[88.11607,25.3392],[88.11461,25.33695],[88.11335,25.33253],[88.11225,25.33102],[88.10904,25.32804],[88.10814,25.32605],[88.10871,25.32256],[88.10856,25.3199],[88.11175,25.31887],[88.11137,25.31612],[88.1125,25.31585],[88.11436,25.31265],[88.11608,25.31181],[88.11808,25.31226],[88.1178,25.31005],[88.12223,25.30902],[88.12358,25.30812],[88.12397,25.30335],[88.1239,25.29896],[88.12634,25.29781],[88.12559,25.29293],[88.12271,25.29278],[88.12037,25.29372],[88.1126,25.29394],[88.10895,25.29474],[88.10597,25.29248],[88.10477,25.29098],[88.10204,25.28908],[88.10243,25.28798],[88.10861,25.28665],[88.10915,25.28616],[88.10684,25.28218],[88.1062,25.28012],[88.10397,25.27669],[88.10089,25.27703],[88.09962,25.27506],[88.10451,25.27363],[88.10752,25.27436],[88.11545,25.27325],[88.12134,25.27152],[88.12066,25.26802],[88.12271,25.26644],[88.12514,25.26571],[88.12466,25.26014],[88.12279,25.25903],[88.12331,25.2561],[88.12658,25.25384],[88.12572,25.25057],[88.12467,25.24912],[88.12579,25.2463],[88.1274,25.24689],[88.12654,25.24889],[88.13315,25.25512],[88.13513,25.25597],[88.14079,25.25643],[88.14167,25.25691],[88.14353,25.2621],[88.14299,25.26379],[88.14467,25.26611],[88.14914,25.26944],[88.15011,25.27287],[88.14914,25.27405],[88.14605,25.27509],[88.13985,25.27619],[88.13945,25.27763],[88.1407,25.28176],[88.14273,25.28443],[88.14499,25.2906],[88.14408,25.29248],[88.14394,25.29477],[88.145,25.2969],[88.14907,25.29634],[88.14893,25.29821],[88.15017,25.29867],[88.15307,25.29801],[88.15616,25.29824],[88.15905,25.30095],[88.16122,25.30414],[88.16174,25.30193],[88.16535,25.30093],[88.16771,25.29965],[88.17126,25.29929],[88.17477,25.29767],[88.17939,25.29438],[88.1804,25.29315],[88.18166,25.28967],[88.18312,25.28938],[88.18487,25.28661],[88.18615,25.28596],[88.18664,25.28107],[88.18994,25.27983],[88.1917,25.2805],[88.19298,25.28991],[88.19608,25.29065],[88.19736,25.29346],[88.20056,25.29609],[88.20393,25.30178],[88.20852,25.30711],[88.21514,25.31337],[88.21924,25.31166],[88.22719,25.30966],[88.23352,25.30643],[88.23671,25.30407],[88.23758,25.30155],[88.23612,25.29982],[88.23518,25.29505],[88.24156,25.29395],[88.24628,25.29427],[88.24796,25.29497],[88.25202,25.29362],[88.25313,25.2937],[88.25434,25.2963],[88.25812,25.2959],[88.25998,25.29736],[88.26192,25.2969],[88.26536,25.29821],[88.27032,25.3016],[88.27014,25.30343],[88.26718,25.3011],[88.26417,25.30264],[88.2666,25.30532],[88.26765,25.30811],[88.26766,25.30971],[88.26454,25.30946],[88.26118,25.31022],[88.25639,25.31432],[88.25575,25.3165],[88.25264,25.31785],[88.24475,25.31769],[88.24148,25.31788],[88.24071,25.31858],[88.23552,25.31998],[88.22928,25.3205],[88.22936,25.3232],[88.22629,25.32534],[88.22414,25.32581],[88.21798,25.32851],[88.21967,25.33131],[88.21865,25.33294],[88.21501,25.33331],[88.20731,25.33336],[88.20578,25.33057],[88.20235,25.33011],[88.19679,25.33122],[88.19577,25.33076],[88.19032,25.33128],[88.18454,25.33091],[88.17782,25.32858],[88.17644,25.32751],[88.17418,25.32458],[88.17229,25.32435],[88.16976,25.327],[88.16909,25.32854],[88.17119,25.33058],[88.17088,25.33198],[88.17531,25.33473],[88.17744,25.33877],[88.17841,25.34175],[88.17987,25.34417],[88.18002,25.34636],[88.17685,25.34971],[88.17815,25.35106],[88.17698,25.35334],[88.17404,25.35642],[88.1723,25.3574],[88.1723,25.36144],[88.17151,25.36247],[88.17156,25.36475],[88.17018,25.36582],[88.16818,25.36586],[88.16631,25.36931],[88.17199,25.3694],[88.17565,25.36917],[88.17657,25.36981],[88.18323,25.36874],[88.18566,25.36944],[88.1854,25.37144],[88.18668,25.37284],[88.18679,25.37456],[88.18809,25.37638],[88.18605,25.37847],[88.18471,25.37903],[88.17934,25.37913],[88.17944,25.38047],[88.18203,25.38322],[88.18136,25.3842],[88.17676,25.38434],[88.17481,25.38541],[88.17586,25.38904],[88.17651,25.39407],[88.17369,25.39658],[88.17313,25.39919],[88.17029,25.40063],[88.17014,25.40198],[88.17101,25.40519],[88.16617,25.40705],[88.16623,25.40826],[88.17042,25.40868],[88.17006,25.41064],[88.17239,25.41115],[88.17367,25.41575],[88.17198,25.41706],[88.16976,25.41697],[88.16925,25.42316],[88.16758,25.42465],[88.1684,25.42795],[88.16969,25.42851],[88.17452,25.42934],[88.17719,25.42916],[88.18817,25.42748],[88.19078,25.42762],[88.19252,25.42622],[88.19654,25.42575],[88.19777,25.42603],[88.1989,25.42961],[88.20018,25.43036],[88.20655,25.43003],[88.20793,25.42933],[88.20967,25.42979],[88.21085,25.43147],[88.21137,25.4345],[88.21559,25.43426],[88.21641,25.43505],[88.21688,25.43812],[88.21818,25.44098],[88.22186,25.44126],[88.22476,25.44023],[88.22921,25.43991],[88.23393,25.43916],[88.23919,25.4395],[88.24175,25.43926],[88.24294,25.43747],[88.24519,25.436],[88.24538,25.43335],[88.24609,25.43258],[88.24855,25.43317],[88.24959,25.43204],[88.2562,25.43353],[88.26109,25.43385],[88.26363,25.43631],[88.26292,25.43872],[88.26329,25.44137],[88.26274,25.44462],[88.26089,25.44703],[88.26074,25.45038],[88.26211,25.45366],[88.26225,25.45575],[88.26392,25.4568],[88.26319,25.45871],[88.26255,25.46256],[88.26382,25.46579],[88.26239,25.46926],[88.26056,25.47216],[88.25823,25.47287],[88.25608,25.47615],[88.25416,25.4774],[88.25504,25.4803],[88.25537,25.48376],[88.25696,25.48655],[88.25902,25.48597],[88.26122,25.48747],[88.26895,25.48706],[88.27141,25.4881],[88.27336,25.48978],[88.27678,25.49184],[88.27861,25.4921],[88.27885,25.49404],[88.28167,25.49599],[88.28448,25.49966],[88.28676,25.50053],[88.28765,25.50182],[88.28875,25.50656],[88.28869,25.50881],[88.28934,25.51168],[88.29129,25.51461],[88.29896,25.51774],[88.30153,25.51972],[88.30315,25.52218],[88.30643,25.52385],[88.31245,25.52616],[88.31411,25.52799],[88.32455,25.53567],[88.32644,25.53976],[88.32445,25.54159],[88.3211,25.54147],[88.32028,25.54325],[88.32227,25.54629],[88.32337,25.5509],[88.32652,25.55844],[88.32783,25.55927],[88.33142,25.558],[88.33406,25.55652],[88.33637,25.55371],[88.33686,25.55678],[88.33585,25.55876],[88.33757,25.55924],[88.34151,25.55776],[88.34431,25.55823],[88.34623,25.55791],[88.34737,25.55972],[88.34903,25.56093],[88.34968,25.56547],[88.35082,25.5665],[88.3542,25.56706],[88.35807,25.5657],[88.36042,25.56688],[88.36019,25.56952],[88.36143,25.57182],[88.36262,25.57745],[88.36363,25.57845],[88.36575,25.57833],[88.3664,25.58135],[88.36836,25.58521],[88.36907,25.58769],[88.36913,25.59072],[88.37222,25.5911],[88.37454,25.59022],[88.37812,25.59495],[88.38241,25.59509],[88.38486,25.5945],[88.38648,25.59485],[88.39136,25.59418],[88.39328,25.59645],[88.39409,25.59842],[88.39598,25.59943],[88.40032,25.59996],[88.39771,25.60611],[88.40175,25.60634],[88.40308,25.60702],[88.40862,25.60643],[88.41025,25.60489],[88.41256,25.60407],[88.41477,25.60407],[88.41989,25.60333],[88.42096,25.60244],[88.42099,25.59798],[88.41949,25.59757],[88.41558,25.59766],[88.41447,25.59631],[88.41493,25.59249],[88.41675,25.59054],[88.42068,25.59031],[88.4228,25.58889],[88.42342,25.58708],[88.42541,25.58755],[88.4259,25.58962],[88.42739,25.58965],[88.42908,25.58622],[88.43656,25.58551],[88.44129,25.58779],[88.4438,25.58717],[88.44653,25.5881],[88.44885,25.59023],[88.44862,25.59156],[88.44683,25.59313],[88.44474,25.59654],[88.44517,25.60075],[88.44872,25.60328],[88.44962,25.60499],[88.44767,25.60546],[88.44833,25.60765],[88.44804,25.60947],[88.44672,25.61101],[88.44648,25.61442],[88.44523,25.61566],[88.44751,25.61715],[88.44815,25.61828],[88.44759,25.62024],[88.44838,25.62327],[88.44975,25.62497],[88.45365,25.62735],[88.4546,25.62918],[88.45545,25.6334],[88.45489,25.63501],[88.45557,25.63886],[88.45653,25.64095],[88.45596,25.64442],[88.45426,25.64487],[88.4551,25.65207],[88.45572,25.65331],[88.45488,25.65673],[88.45391,25.65697],[88.4543,25.6639],[88.45384,25.6649],[88.45093,25.66449],[88.44353,25.66579],[88.43849,25.66788],[88.43112,25.66874],[88.42974,25.66864],[88.42437,25.67039],[88.42038,25.6703],[88.41831,25.66787],[88.41403,25.66998],[88.4088,25.67061],[88.40169,25.67256],[88.40338,25.67906],[88.40517,25.68302],[88.40518,25.68422],[88.40183,25.68597],[88.39513,25.68512],[88.39326,25.68398],[88.39018,25.68403],[88.3899,25.68749],[88.38922,25.68758],[88.39151,25.69352],[88.38523,25.69443],[88.38536,25.69565],[88.38103,25.6975],[88.37926,25.69701],[88.3732,25.69777],[88.37056,25.70125],[88.37209,25.70777],[88.36979,25.70868],[88.37003,25.71014],[88.37319,25.70947],[88.3741,25.71239],[88.37546,25.71481],[88.37425,25.71707],[88.37248,25.71686],[88.372,25.71548],[88.36576,25.71718],[88.36444,25.71834],[88.36476,25.71975],[88.3568,25.7213],[88.35888,25.7272],[88.35885,25.72807],[88.35621,25.72923],[88.35547,25.72718],[88.35152,25.72818],[88.35064,25.73005],[88.34746,25.73043],[88.3444,25.72944],[88.34148,25.73293],[88.34095,25.73478],[88.33786,25.73499],[88.33759,25.73762],[88.32808,25.74006],[88.32634,25.73794],[88.32507,25.73741],[88.32095,25.73747],[88.32095,25.73997],[88.32027,25.7418],[88.31831,25.74271],[88.32036,25.74388],[88.32076,25.74518],[88.31509,25.74655],[88.31717,25.75252],[88.31393,25.75481],[88.30763,25.75765],[88.30208,25.75943],[88.29909,25.76087],[88.30021,25.7627],[88.29842,25.76323],[88.29884,25.76458],[88.2891,25.76782],[88.29068,25.77046],[88.29005,25.77124],[88.29084,25.77376],[88.28698,25.77449],[88.28633,25.77395],[88.28007,25.77538],[88.27885,25.77414],[88.27442,25.77775],[88.27374,25.779],[88.27019,25.78084],[88.26891,25.78055],[88.26651,25.78245],[88.26982,25.78464],[88.27019,25.78809],[88.27187,25.79062],[88.27081,25.80549],[88.26954,25.80603],[88.26979,25.80789],[88.25966,25.81383],[88.25874,25.81123],[88.25357,25.81151],[88.24905,25.81208],[88.24826,25.81128],[88.24812,25.80871],[88.24692,25.80597],[88.24469,25.80713],[88.24456,25.80932],[88.24122,25.81008],[88.2401,25.8092],[88.23627,25.80944],[88.23335,25.80425],[88.23019,25.80224],[88.23166,25.79994],[88.23102,25.79675],[88.22854,25.7966],[88.22649,25.79949],[88.22389,25.79734],[88.22263,25.797],[88.22126,25.79853],[88.21785,25.80015],[88.21483,25.79993],[88.21538,25.79757],[88.21336,25.79818],[88.21158,25.79722],[88.21031,25.79321],[88.20916,25.78723],[88.20686,25.78732],[88.19949,25.78996],[88.20024,25.79184],[88.19904,25.79505],[88.19429,25.79805],[88.19481,25.79903],[88.19259,25.80025],[88.19349,25.80153],[88.18977,25.80249],[88.18875,25.80068],[88.18589,25.80143],[88.18331,25.80117],[88.18232,25.80019],[88.17951,25.79532],[88.18034,25.79326],[88.17721,25.79398],[88.1755,25.79313],[88.17311,25.78661],[88.16967,25.78737],[88.1654,25.78924],[88.15999,25.78724],[88.15834,25.78519],[88.15907,25.78189],[88.15652,25.78135],[88.15713,25.77965],[88.1549,25.77704],[88.15054,25.77559],[88.14711,25.77629],[88.14701,25.77717],[88.14864,25.78106],[88.14524,25.77954],[88.14166,25.78023],[88.14344,25.78514],[88.14478,25.7876],[88.14426,25.79364],[88.1385,25.7958],[88.13873,25.79664],[88.1342,25.79714],[88.13114,25.79798],[88.1308,25.79723],[88.12779,25.798],[88.12717,25.7969],[88.12497,25.79622],[88.1156,25.79826],[88.11508,25.80016],[88.11544,25.80344],[88.11745,25.8078],[88.1188,25.80935],[88.12011,25.81244],[88.11751,25.8139],[88.11293,25.81561],[88.11218,25.81494],[88.10859,25.81549],[88.10797,25.81684],[88.11033,25.82054],[88.11161,25.82165],[88.10629,25.82381],[88.10558,25.82529],[88.10197,25.82789],[88.10213,25.83156],[88.10551,25.83251],[88.10739,25.83471],[88.10838,25.83831],[88.10734,25.84032],[88.10272,25.84089],[88.10122,25.84308],[88.10221,25.84528],[88.10438,25.84596],[88.10821,25.84627],[88.11158,25.85031],[88.11387,25.85436],[88.10981,25.86036],[88.11095,25.86588],[88.11068,25.86789],[88.10942,25.86902],[88.10562,25.86773],[88.10541,25.86402],[88.10458,25.86255],[88.10268,25.86177],[88.10145,25.86332],[88.10254,25.86839],[88.10232,25.87087],[88.10036,25.87304],[88.09887,25.87291],[88.09697,25.87131],[88.09439,25.87306],[88.09389,25.8743],[88.0966,25.87768],[88.09892,25.87853],[88.0969,25.88024],[88.09841,25.8817],[88.09812,25.88278],[88.10054,25.88472],[88.10302,25.88925],[88.09925,25.89399],[88.09431,25.8944],[88.09038,25.89638],[88.09072,25.89824],[88.09374,25.89895],[88.09139,25.90074],[88.0904,25.90278],[88.09121,25.9065],[88.09314,25.90667],[88.09438,25.90842],[88.0937,25.91111],[88.09181,25.91248],[88.09182,25.91411],[88.08934,25.91305],[88.08742,25.91309],[88.08592,25.91524],[88.08651,25.91811],[88.0888,25.92052],[88.09104,25.92643],[88.09394,25.9306],[88.09758,25.93363],[88.10149,25.93494],[88.10497,25.9331],[88.10547,25.93428],[88.11121,25.93313],[88.11076,25.93554],[88.11295,25.93944],[88.11192,25.94126],[88.11259,25.94347],[88.11492,25.94412],[88.11792,25.94378],[88.11979,25.94586],[88.12003,25.94705],[88.12221,25.94817],[88.12245,25.94968],[88.12021,25.95308],[88.11736,25.9549],[88.11789,25.95591],[88.11403,25.9583],[88.11556,25.96086],[88.11567,25.96314],[88.11865,25.96258],[88.12067,25.96433],[88.12169,25.96421],[88.12427,25.96615],[88.12463,25.96792],[88.12276,25.96798],[88.12001,25.96939],[88.11957,25.97236],[88.12144,25.97459],[88.12331,25.97471],[88.12789,25.97661],[88.12764,25.97795],[88.12903,25.98026],[88.12655,25.98088],[88.1281,25.98449],[88.13033,25.98648],[88.1319,25.9898],[88.12957,25.99128],[88.12888,25.99365],[88.12969,25.99694],[88.13154,25.99691],[88.13252,25.99875],[88.1348,25.99803],[88.13565,26.00037],[88.14021,25.99695],[88.1437,26.00036],[88.1447,26.00307],[88.14407,26.00756],[88.14251,26.0105],[88.13971,26.01292],[88.14217,26.01451],[88.14717,26.01364],[88.14867,26.0151],[88.14867,26.01694],[88.15045,26.01849],[88.15487,26.02],[88.16181,26.01833],[88.16686,26.02172],[88.17222,26.02133],[88.17832,26.02144],[88.18321,26.02678],[88.18247,26.02951],[88.18066,26.03078],[88.17785,26.03141],[88.17628,26.03092],[88.17305,26.03174],[88.17181,26.03278],[88.1712,26.03648],[88.17491,26.03872],[88.17545,26.03971],[88.17449,26.04179],[88.17015,26.04435],[88.16988,26.04669],[88.17107,26.04855],[88.17451,26.04987],[88.17763,26.04891],[88.17762,26.05389],[88.17606,26.05805],[88.1772,26.05976],[88.18023,26.05824],[88.18152,26.06045],[88.1855,26.06335],[88.18574,26.06469],[88.18172,26.06704],[88.1813,26.06861],[88.18275,26.06991],[88.18355,26.07219],[88.18204,26.07369],[88.17874,26.07398],[88.17724,26.07497],[88.17355,26.07559],[88.17233,26.07777],[88.16888,26.08058],[88.16855,26.08355],[88.16608,26.08167],[88.1648,26.07858],[88.16266,26.07688],[88.15934,26.07798],[88.15851,26.07932],[88.15872,26.08206],[88.1614,26.08488],[88.16487,26.08588],[88.16564,26.08814],[88.16492,26.08961],[88.16276,26.08873],[88.15941,26.09336],[88.15845,26.0953],[88.15934,26.09812],[88.16272,26.09976],[88.16349,26.10102],[88.16282,26.10542],[88.16338,26.10737],[88.16515,26.10881],[88.16749,26.10868],[88.17022,26.10928],[88.17196,26.11025],[88.17344,26.11273],[88.1731,26.11551],[88.17354,26.11917],[88.17765,26.12214],[88.17852,26.12441],[88.17757,26.12598],[88.17514,26.12659],[88.17397,26.12777],[88.17396,26.13023],[88.17755,26.13288],[88.17821,26.13641],[88.17984,26.13842],[88.17972,26.14009],[88.17772,26.14106],[88.17675,26.14246],[88.17726,26.1448],[88.17722,26.14798],[88.17949,26.14978],[88.18136,26.14953],[88.18261,26.15079],[88.18347,26.15306],[88.18676,26.1538],[88.19046,26.1553],[88.1943,26.15191],[88.19615,26.15348],[88.19592,26.15465],[88.19202,26.15535],[88.19155,26.15708],[88.19371,26.15782],[88.19618,26.1596],[88.19613,26.16286],[88.19854,26.16358],[88.20019,26.16186],[88.20085,26.15946],[88.20611,26.15937],[88.20792,26.16101],[88.21132,26.1607],[88.21588,26.16296],[88.21658,26.16517],[88.21172,26.16751],[88.21215,26.1685],[88.21488,26.17017],[88.21726,26.16994],[88.21809,26.16645],[88.22287,26.16615],[88.22354,26.16894],[88.22694,26.16839],[88.22772,26.16992],[88.22561,26.17136],[88.22613,26.17297],[88.22804,26.17363],[88.22992,26.17184],[88.23339,26.17363],[88.2335,26.17617],[88.23658,26.17665],[88.23697,26.17874],[88.23353,26.18096],[88.23337,26.18436],[88.23648,26.18267],[88.23853,26.18527],[88.24149,26.18617],[88.24161,26.18881],[88.24348,26.18889],[88.24352,26.18734],[88.24519,26.18703],[88.24497,26.18935],[88.24716,26.19041],[88.25004,26.18933],[88.25107,26.18559],[88.25337,26.1851],[88.25354,26.18844],[88.25705,26.18878],[88.25926,26.18647],[88.26065,26.18838],[88.2626,26.18872],[88.26608,26.18782],[88.26746,26.18665],[88.26934,26.18648],[88.27132,26.18834],[88.27361,26.18783],[88.27638,26.18862],[88.27769,26.19161],[88.27903,26.19195],[88.27921,26.1943],[88.28374,26.19475],[88.28291,26.19692],[88.28353,26.19841],[88.28581,26.20015],[88.28704,26.19998],[88.2878,26.19753],[88.29156,26.20215],[88.29252,26.19823],[88.29545,26.19974],[88.29728,26.19938],[88.2982,26.19729],[88.30026,26.19789],[88.30126,26.19947],[88.3013,26.20198],[88.30443,26.19905],[88.30511,26.20125],[88.30776,26.20387],[88.31109,26.20381],[88.31378,26.20305],[88.31717,26.20485],[88.31984,26.20285],[88.32075,26.20411],[88.32443,26.20462],[88.32574,26.20601],[88.32412,26.20742],[88.32311,26.21022],[88.32638,26.21055],[88.32791,26.21322],[88.33024,26.21261],[88.33154,26.21378],[88.33052,26.2159],[88.33209,26.21698],[88.33337,26.21592],[88.33662,26.21741],[88.33944,26.21746],[88.34057,26.21884],[88.34379,26.22004],[88.34535,26.22005],[88.34784,26.22175],[88.35027,26.22025],[88.35139,26.22181],[88.35142,26.22337],[88.34989,26.22509],[88.3526,26.22582],[88.35313,26.22713],[88.35101,26.22826],[88.35125,26.23049],[88.35429,26.23241],[88.35606,26.23272],[88.35657,26.23589],[88.35494,26.23596],[88.35442,26.23831],[88.35597,26.23944],[88.35874,26.24004],[88.35961,26.24262],[88.35515,26.24522],[88.35131,26.24561],[88.34985,26.24752],[88.35195,26.25005],[88.34858,26.25028],[88.34963,26.25243],[88.34832,26.25481],[88.35008,26.25644],[88.35017,26.26157],[88.35141,26.26339],[88.3499,26.26527],[88.35188,26.26636],[88.35081,26.26851],[88.3495,26.26757],[88.34806,26.26884],[88.34903,26.27095],[88.35027,26.2719],[88.3488,26.27387],[88.35065,26.27602],[88.34918,26.27772],[88.3506,26.27934],[88.34962,26.28216],[88.35249,26.28242],[88.3529,26.28529],[88.35377,26.28718],[88.35652,26.28698],[88.35899,26.28813],[88.36025,26.29123],[88.36202,26.29206],[88.36395,26.29423],[88.36293,26.29731],[88.36532,26.3002],[88.36828,26.29944],[88.36924,26.30064],[88.369,26.30291],[88.37202,26.30594],[88.37307,26.30283],[88.3749,26.30434],[88.3733,26.30622],[88.37578,26.3063],[88.37617,26.30495],[88.37855,26.30546],[88.37919,26.30913],[88.38299,26.31029],[88.38466,26.31326],[88.38893,26.31492],[88.38991,26.31436],[88.39483,26.31491],[88.39829,26.31701],[88.39973,26.31629],[88.40308,26.31721],[88.40663,26.31622],[88.41002,26.31652],[88.41288,26.31598],[88.41494,26.31482],[88.41582,26.31953],[88.41636,26.32062],[88.41565,26.32432],[88.41034,26.32305],[88.40702,26.32365],[88.40795,26.32766],[88.40513,26.32822],[88.40435,26.32983],[88.40834,26.33194],[88.4108,26.33438],[88.41095,26.33565],[88.41291,26.33746],[88.4181,26.33587],[88.42459,26.33514],[88.42664,26.33634],[88.43457,26.33515],[88.43676,26.3376],[88.4364,26.34012],[88.43688,26.34159],[88.43851,26.34305],[88.43896,26.34534],[88.43809,26.34684],[88.44077,26.34943],[88.43921,26.35012],[88.44031,26.35186],[88.44231,26.35258],[88.44294,26.35381],[88.44254,26.35597],[88.44414,26.35703],[88.44398,26.36014],[88.44672,26.36346],[88.45101,26.36608],[88.45171,26.37037],[88.45635,26.37188],[88.45867,26.37491],[88.45894,26.37257],[88.45995,26.37106],[88.45968,26.36754],[88.45739,26.36654],[88.45733,26.36445],[88.45946,26.36396],[88.45862,26.36211],[88.46244,26.36076],[88.46361,26.35737],[88.46818,26.35859],[88.47181,26.35646],[88.47412,26.35694],[88.47417,26.35793],[88.47775,26.35721],[88.47735,26.3539],[88.48023,26.35321],[88.48032,26.35065],[88.48537,26.34931],[88.48847,26.34883],[88.48998,26.35046],[88.49191,26.35141],[88.49039,26.35432],[88.4884,26.36028],[88.49257,26.35991],[88.4969,26.35896],[88.49696,26.35973],[88.50188,26.35968],[88.50371,26.36025],[88.50572,26.36357],[88.50775,26.36253],[88.50805,26.35981],[88.50637,26.35844],[88.50552,26.35633],[88.50576,26.35069],[88.50371,26.35051],[88.50458,26.34864],[88.50719,26.34875],[88.50756,26.35108],[88.50981,26.35085],[88.5093,26.3526],[88.51569,26.35254],[88.51855,26.3516],[88.51747,26.35541],[88.51795,26.35677],[88.52126,26.35834],[88.52335,26.36082],[88.52122,26.36319],[88.51887,26.36216],[88.51653,26.36245],[88.51542,26.36392],[88.51645,26.36619],[88.52121,26.36646],[88.52245,26.36806],[88.52209,26.37021],[88.5245,26.37344],[88.52355,26.37553],[88.52193,26.37447],[88.51924,26.37103],[88.51719,26.37057],[88.51601,26.37153],[88.51526,26.37373],[88.51347,26.37586],[88.51283,26.37777],[88.51493,26.38216],[88.51556,26.38515],[88.51655,26.38659],[88.51882,26.38817],[88.51921,26.39],[88.51678,26.3902],[88.5145,26.38735],[88.51236,26.38802],[88.51019,26.39067],[88.50981,26.39349],[88.50753,26.39559],[88.50498,26.39906],[88.50581,26.40032],[88.50929,26.40055],[88.51057,26.40433],[88.50938,26.40678],[88.5067,26.4069],[88.50534,26.40439],[88.50328,26.40308],[88.502,26.40319],[88.50094,26.40714],[88.49899,26.4084],[88.49665,26.40861],[88.4954,26.41022],[88.49967,26.41351],[88.50275,26.41748],[88.50149,26.41821],[88.49621,26.41701],[88.49401,26.41874],[88.49387,26.42144],[88.49442,26.42265],[88.49826,26.42419],[88.49838,26.42519],[88.49657,26.42765],[88.49465,26.42848],[88.49073,26.42857],[88.48948,26.43057],[88.48978,26.43187],[88.49447,26.43232],[88.49616,26.43402],[88.49622,26.43706],[88.49171,26.43965],[88.49064,26.44409],[88.48739,26.44463],[88.48637,26.44633],[88.48653,26.45057],[88.48067,26.45059],[88.47942,26.45141],[88.47876,26.45355],[88.47989,26.45493],[88.48379,26.45606],[88.48525,26.46026],[88.48105,26.46076],[88.47916,26.46168],[88.47357,26.46256],[88.47057,26.46414],[88.46775,26.4642],[88.46362,26.46583],[88.45678,26.46675],[88.44829,26.4666],[88.44638,26.46605],[88.43741,26.46591],[88.43442,26.46703],[88.43261,26.47245],[88.43055,26.47035],[88.42843,26.47292],[88.42284,26.47268],[88.42299,26.46984],[88.42132,26.46801],[88.42254,26.46599],[88.42053,26.46566],[88.41854,26.46677],[88.41869,26.46927],[88.41536,26.46922],[88.41547,26.47122],[88.41457,26.47223],[88.41265,26.47224],[88.41253,26.47413],[88.4102,26.47494],[88.41046,26.47691],[88.40861,26.47713],[88.40865,26.4795],[88.40505,26.48058],[88.40561,26.48508],[88.4043,26.48606],[88.40247,26.48589],[88.40082,26.48463],[88.39944,26.48172],[88.39421,26.48098],[88.39044,26.4797],[88.38877,26.47832],[88.3873,26.48031],[88.38626,26.48285],[88.38143,26.48362],[88.37909,26.48357],[88.37565,26.4852],[88.37449,26.48845],[88.36885,26.48788],[88.36337,26.48689],[88.36269,26.4854],[88.36059,26.4847],[88.36026,26.48148],[88.36168,26.48062],[88.36258,26.47678],[88.36191,26.47424],[88.36259,26.47291],[88.36567,26.47224],[88.36585,26.47058],[88.36461,26.46981],[88.36383,26.46773],[88.36132,26.46617],[88.36002,26.46249],[88.36098,26.46112],[88.35905,26.45751],[88.36155,26.45499],[88.36067,26.45396],[88.35795,26.45322],[88.35539,26.44982],[88.35586,26.44755],[88.35495,26.44701],[88.3522,26.44805],[88.35343,26.44972],[88.35334,26.45128],[88.35098,26.45424],[88.34966,26.45933],[88.3483,26.45994],[88.34787,26.46413],[88.34652,26.4659],[88.34626,26.46855],[88.34049,26.46894],[88.34086,26.47817],[88.33979,26.47887],[88.337,26.47887],[88.33568,26.47789],[88.33378,26.47868],[88.33449,26.4815],[88.33254,26.48138],[88.33122,26.4845],[88.33213,26.49315],[88.33543,26.49724]]]},"properties":{"OBJECTID":596,"dtname":"Uttar Dinajpur","stname":"West Bengal","stcode11":"19","dtcode11":"330","year_stat":"2011_c","dist_lgd":311,"state_lgd":19,"SHAPE_Length":845404.7926379332,"SHAPE_Area":3890486929.631425,"remarks":" ","d_pan_code":271,"d_pan_name":"Uttar Dinajpur","New_Name":"Uttar Dinajpur","mached":"-1"},"id":596},
{"type":"Feature","geometry":{"type":"Polygon","coordinates":[[[87.07593,22.72584],[87.0726,22.72974],[87.06918,22.73078],[87.06643,22.73077],[87.06306,22.73015],[87.0573,22.72815],[87.05324,22.72843],[87.04255,22.72105],[87.04033,22.7199],[87.03715,22.71898],[87.03876,22.71373],[87.03669,22.7096],[87.03264,22.70964],[87.03122,22.70204],[87.02522,22.70274],[87.02153,22.70171],[87.02125,22.69769],[87.01858,22.69469],[87.01588,22.69284],[87.0183,22.68768],[87.01831,22.68474],[87.01914,22.68392],[87.01859,22.68153],[87.01871,22.67001],[87.01776,22.6685],[87.02161,22.66836],[87.02017,22.66511],[87.0212,22.66467],[87.01894,22.65934],[87.01689,22.65631],[87.01705,22.65484],[87.01627,22.6508],[87.0153,22.64864],[87.01354,22.6506],[87.01171,22.64966],[87.01011,22.65054],[87.00765,22.65089],[87.00618,22.64884],[87.00276,22.65216],[87.00161,22.65433],[87.00199,22.6559],[87.00126,22.65839],[86.99911,22.65754],[86.99432,22.66073],[86.99184,22.66277],[86.98982,22.66507],[86.98531,22.67162],[86.98257,22.67086],[86.97704,22.67286],[86.97266,22.67323],[86.97074,22.67012],[86.96897,22.6696],[86.96576,22.67023],[86.96462,22.67156],[86.96442,22.67596],[86.96295,22.67646],[86.9619,22.67368],[86.96033,22.67335],[86.95836,22.66758],[86.95782,22.66695],[86.94926,22.67001],[86.94836,22.66829],[86.94863,22.66033],[86.94832,22.65734],[86.94638,22.6532],[86.94602,22.65132],[86.94668,22.64987],[86.94959,22.64838],[86.94871,22.64705],[86.95027,22.64421],[86.95141,22.64348],[86.95136,22.64159],[86.95373,22.64071],[86.95391,22.63753],[86.94991,22.63714],[86.94757,22.6345],[86.94438,22.63384],[86.94281,22.63524],[86.93777,22.6333],[86.93607,22.6345],[86.93299,22.6321],[86.92874,22.63072],[86.92597,22.62791],[86.92428,22.62791],[86.92285,22.63112],[86.92083,22.63029],[86.919,22.62712],[86.91735,22.6268],[86.91501,22.63125],[86.91465,22.63362],[86.91208,22.63566],[86.90973,22.6356],[86.90665,22.63485],[86.90475,22.6355],[86.90419,22.6372],[86.90495,22.64061],[86.90351,22.64229],[86.90149,22.64264],[86.89961,22.64447],[86.89872,22.64749],[86.89515,22.65009],[86.89546,22.65152],[86.89135,22.65308],[86.8905,22.65527],[86.88812,22.65489],[86.88222,22.65767],[86.8765,22.65992],[86.87409,22.66177],[86.8712,22.66331],[86.86416,22.6658],[86.86166,22.66615],[86.85738,22.67054],[86.8555,22.67103],[86.85489,22.67326],[86.85154,22.67793],[86.84981,22.68096],[86.84588,22.68489],[86.84359,22.68422],[86.8399,22.68437],[86.83908,22.6872],[86.83563,22.68767],[86.83313,22.68994],[86.82577,22.69377],[86.82113,22.69654],[86.81894,22.6972],[86.81544,22.69921],[86.80825,22.70455],[86.80652,22.70706],[86.80412,22.70906],[86.7959,22.70922],[86.79152,22.70983],[86.78727,22.71198],[86.78678,22.71296],[86.78423,22.71432],[86.78322,22.71557],[86.78127,22.7156],[86.77764,22.71764],[86.77334,22.71932],[86.77362,22.72224],[86.77223,22.72298],[86.76914,22.7275],[86.7674,22.72911],[86.75719,22.73227],[86.75348,22.7356],[86.74965,22.73731],[86.7454,22.73687],[86.74253,22.73774],[86.74182,22.73882],[86.73841,22.74017],[86.73777,22.74105],[86.73237,22.74309],[86.72475,22.74483],[86.71868,22.74449],[86.71515,22.74644],[86.70865,22.75202],[86.70646,22.75521],[86.70551,22.75539],[86.70278,22.75778],[86.69987,22.76198],[86.6971,22.76488],[86.69582,22.76838],[86.69248,22.76846],[86.69012,22.76756],[86.68771,22.76832],[86.6839,22.7682],[86.68037,22.76757],[86.67672,22.76785],[86.67428,22.7696],[86.67185,22.77002],[86.67012,22.77136],[86.66784,22.77486],[86.66614,22.77814],[86.66489,22.77906],[86.66275,22.78316],[86.65998,22.78699],[86.6571,22.78797],[86.65585,22.78893],[86.65139,22.79059],[86.6483,22.79131],[86.6443,22.79309],[86.6429,22.79413],[86.64015,22.79434],[86.63583,22.79542],[86.62961,22.79746],[86.62419,22.79792],[86.6215,22.79781],[86.61359,22.79874],[86.61131,22.79862],[86.60667,22.79739],[86.59807,22.79621],[86.60073,22.7931],[86.60202,22.79258],[86.60336,22.78914],[86.60182,22.78583],[86.60213,22.78211],[86.60161,22.78024],[86.59645,22.77158],[86.5941,22.76856],[86.59453,22.76603],[86.59381,22.76388],[86.59174,22.76129],[86.58785,22.75565],[86.58671,22.75325],[86.58112,22.74824],[86.57994,22.74503],[86.57696,22.7398],[86.57476,22.73791],[86.57366,22.73506],[86.57124,22.73163],[86.56813,22.72809],[86.56666,22.72456],[86.56522,22.72302],[86.56493,22.72113],[86.56214,22.71701],[86.56064,22.71557],[86.55801,22.71111],[86.56078,22.70976],[86.5625,22.70786],[86.56299,22.7062],[86.56686,22.70352],[86.56984,22.70223],[86.57177,22.69965],[86.57386,22.69834],[86.57799,22.69657],[86.58048,22.69433],[86.58527,22.69108],[86.58988,22.68978],[86.5962,22.68941],[86.59833,22.68822],[86.60253,22.68732],[86.60581,22.6851],[86.60849,22.68399],[86.61126,22.68017],[86.62027,22.67789],[86.62399,22.67524],[86.62644,22.67221],[86.62785,22.66961],[86.62825,22.6678],[86.6312,22.66557],[86.63604,22.66497],[86.64121,22.65948],[86.64226,22.65804],[86.64211,22.65565],[86.64115,22.65383],[86.63884,22.65123],[86.63973,22.64143],[86.63985,22.63343],[86.6393,22.63019],[86.6389,22.625],[86.63682,22.6221],[86.63538,22.61831],[86.63411,22.61039],[86.63844,22.60953],[86.63859,22.60606],[86.63813,22.60122],[86.63943,22.59782],[86.64448,22.59449],[86.65106,22.59302],[86.65703,22.5908],[86.65363,22.58181],[86.65453,22.58113],[86.65952,22.57504],[86.6667,22.57514],[86.67189,22.57489],[86.6757,22.57423],[86.67978,22.57455],[86.68248,22.577],[86.68465,22.57833],[86.6914,22.57899],[86.70558,22.582],[86.71115,22.58239],[86.71371,22.58196],[86.72143,22.57931],[86.73149,22.57691],[86.73455,22.57679],[86.74045,22.57722],[86.74795,22.57728],[86.75208,22.57852],[86.75338,22.57746],[86.75521,22.57829],[86.7585,22.57788],[86.7633,22.57583],[86.76686,22.57502],[86.76742,22.56785],[86.76879,22.56602],[86.77082,22.56576],[86.77193,22.56464],[86.77157,22.56106],[86.7698,22.56088],[86.76677,22.55891],[86.76644,22.55774],[86.7691,22.55458],[86.77251,22.55257],[86.77484,22.54905],[86.77881,22.54973],[86.78152,22.54904],[86.78418,22.55029],[86.7855,22.54951],[86.78929,22.549],[86.79026,22.54122],[86.78927,22.53923],[86.78737,22.53817],[86.78851,22.53636],[86.78896,22.53409],[86.78685,22.52685],[86.79292,22.52498],[86.79494,22.51398],[86.79319,22.51399],[86.79253,22.51213],[86.79359,22.51056],[86.79651,22.50958],[86.79736,22.50682],[86.80083,22.50551],[86.8023,22.5025],[86.8008,22.50074],[86.79836,22.50035],[86.79675,22.49919],[86.79562,22.49955],[86.79389,22.49719],[86.79443,22.49479],[86.79726,22.49283],[86.80026,22.49151],[86.8016,22.48883],[86.79804,22.4845],[86.79761,22.48312],[86.79537,22.48042],[86.79257,22.47776],[86.79006,22.47778],[86.78632,22.48048],[86.78429,22.48124],[86.77839,22.48041],[86.77412,22.48074],[86.76902,22.48009],[86.76687,22.48076],[86.76609,22.48193],[86.75949,22.48172],[86.75706,22.48294],[86.74987,22.48295],[86.74738,22.47801],[86.74731,22.47441],[86.74831,22.47092],[86.75106,22.46543],[86.75135,22.46182],[86.75101,22.45671],[86.75391,22.45418],[86.75842,22.45141],[86.7623,22.44955],[86.76273,22.44747],[86.75903,22.44581],[86.76159,22.43581],[86.76187,22.4317],[86.76453,22.42726],[86.76647,22.42669],[86.77628,22.42515],[86.78236,22.42483],[86.78582,22.42435],[86.79097,22.42307],[86.79389,22.42166],[86.79954,22.42156],[86.80509,22.4211],[86.80707,22.42126],[86.80937,22.41923],[86.812,22.41921],[86.81445,22.4179],[86.82642,22.4124],[86.82998,22.41165],[86.83358,22.40946],[86.8368,22.40704],[86.83862,22.40485],[86.84364,22.40161],[86.84635,22.39908],[86.84663,22.39736],[86.84601,22.39301],[86.84483,22.38961],[86.84157,22.38459],[86.84082,22.38197],[86.84249,22.37888],[86.84301,22.37392],[86.84206,22.37116],[86.8402,22.36878],[86.83822,22.3628],[86.83642,22.36012],[86.83577,22.35654],[86.83437,22.35269],[86.83289,22.35041],[86.83191,22.3461],[86.83237,22.33852],[86.83134,22.33651],[86.83118,22.33084],[86.83211,22.32723],[86.83327,22.32491],[86.83649,22.32182],[86.83766,22.3201],[86.84104,22.31833],[86.85012,22.31564],[86.86537,22.3081],[86.86835,22.30706],[86.87224,22.30712],[86.87339,22.30453],[86.87583,22.3015],[86.88221,22.29995],[86.88779,22.29746],[86.88734,22.29196],[86.88777,22.28907],[86.8889,22.28612],[86.88931,22.28272],[86.88876,22.27921],[86.88933,22.27376],[86.88753,22.27387],[86.88729,22.26448],[86.88836,22.26137],[86.88698,22.25978],[86.88698,22.25822],[86.88386,22.25839],[86.88204,22.25741],[86.87975,22.25933],[86.87642,22.25913],[86.87634,22.2605],[86.87298,22.25908],[86.87186,22.26006],[86.86679,22.25947],[86.86539,22.26088],[86.86367,22.25897],[86.85978,22.25827],[86.85623,22.2597],[86.85646,22.26084],[86.8538,22.26185],[86.85215,22.26323],[86.85213,22.26477],[86.85078,22.26525],[86.84942,22.26334],[86.84655,22.26404],[86.84239,22.26168],[86.84017,22.26259],[86.84014,22.26432],[86.839,22.26524],[86.83486,22.26487],[86.83285,22.2635],[86.83093,22.26322],[86.82927,22.26385],[86.82736,22.26555],[86.82335,22.2667],[86.82174,22.26134],[86.81867,22.25373],[86.8167,22.25455],[86.81487,22.26233],[86.81494,22.26706],[86.81359,22.26739],[86.81162,22.25777],[86.81035,22.25244],[86.81065,22.25012],[86.80906,22.24664],[86.8072,22.24723],[86.80399,22.24358],[86.79995,22.24461],[86.79801,22.24702],[86.79982,22.25238],[86.79915,22.25265],[86.80049,22.25779],[86.80061,22.26217],[86.80111,22.2652],[86.79883,22.26571],[86.79226,22.2663],[86.79374,22.25938],[86.7941,22.25222],[86.7957,22.24874],[86.79486,22.24317],[86.79777,22.24065],[86.79925,22.23788],[86.80348,22.24322],[86.80821,22.24298],[86.8103,22.2423],[86.8115,22.24081],[86.81106,22.23881],[86.80905,22.236],[86.80484,22.22355],[86.8037,22.22271],[86.8023,22.21985],[86.80241,22.21755],[86.79594,22.22043],[86.79187,22.22183],[86.79014,22.21874],[86.78904,22.21925],[86.78474,22.21505],[86.77907,22.21692],[86.77819,22.21849],[86.77965,22.21989],[86.77987,22.22266],[86.78177,22.22552],[86.78447,22.2306],[86.78603,22.22982],[86.79321,22.2242],[86.79491,22.22779],[86.78858,22.23166],[86.78997,22.23457],[86.78809,22.23609],[86.78393,22.23641],[86.78266,22.23575],[86.77768,22.23659],[86.77507,22.23395],[86.77434,22.2311],[86.77737,22.22552],[86.77738,22.22229],[86.77583,22.22069],[86.77641,22.21786],[86.77238,22.21882],[86.77114,22.22035],[86.76529,22.21529],[86.75964,22.21209],[86.75422,22.21143],[86.74978,22.21169],[86.7471,22.2141],[86.74404,22.21598],[86.74032,22.21549],[86.73081,22.21543],[86.72766,22.21612],[86.72496,22.21802],[86.724,22.21591],[86.72165,22.20875],[86.72133,22.20391],[86.71952,22.20217],[86.71889,22.19905],[86.71944,22.19547],[86.72122,22.18939],[86.71948,22.18747],[86.71637,22.18632],[86.71679,22.18356],[86.71617,22.18127],[86.71847,22.17633],[86.7193,22.17304],[86.71921,22.16704],[86.71789,22.1658],[86.71815,22.16417],[86.71971,22.14728],[86.7277,22.14718],[86.73588,22.14943],[86.74102,22.14906],[86.74585,22.14923],[86.75647,22.1489],[86.76499,22.14951],[86.76961,22.15022],[86.77867,22.15291],[86.78664,22.1538],[86.78808,22.15761],[86.79385,22.15748],[86.79485,22.15605],[86.79872,22.15217],[86.80201,22.15071],[86.80243,22.14857],[86.80205,22.14508],[86.8033,22.14196],[86.80374,22.13871],[86.80229,22.13282],[86.79987,22.13134],[86.79941,22.13037],[86.80142,22.12924],[86.8025,22.13047],[86.80479,22.13033],[86.80932,22.12832],[86.81003,22.12661],[86.80841,22.1252],[86.80683,22.12128],[86.8067,22.11959],[86.81385,22.11838],[86.81892,22.11664],[86.82092,22.11776],[86.82462,22.11892],[86.8286,22.11283],[86.83087,22.11045],[86.8327,22.10664],[86.83465,22.10426],[86.83374,22.0987],[86.8381,22.09728],[86.84363,22.09631],[86.84662,22.10046],[86.84877,22.10125],[86.85015,22.10378],[86.86022,22.10233],[86.86389,22.10038],[86.86413,22.09935],[86.86904,22.09985],[86.87114,22.09964],[86.88139,22.09681],[86.90296,22.09268],[86.90585,22.09193],[86.91194,22.09174],[86.91413,22.09135],[86.9214,22.091],[86.92638,22.09005],[86.92745,22.09085],[86.93429,22.09048],[86.93965,22.08857],[86.94271,22.08652],[86.94732,22.0858],[86.95443,22.08702],[86.95796,22.08855],[86.96471,22.08574],[86.96684,22.08316],[86.96782,22.08013],[86.97103,22.07834],[86.97208,22.07521],[86.97168,22.07256],[86.98047,22.0661],[86.98571,22.06184],[86.99355,22.05504],[86.99776,22.05403],[87.00161,22.05128],[87.00588,22.04872],[87.00776,22.04814],[87.0144,22.04768],[87.01733,22.04509],[87.01906,22.04178],[87.02426,22.03825],[87.0267,22.03709],[87.02638,22.03286],[87.02328,22.02475],[87.02234,22.01949],[87.02347,22.01785],[87.02323,22.01576],[87.02528,22.01001],[87.0274,22.00266],[87.03085,21.9975],[87.03157,21.99222],[87.03067,21.99072],[87.03057,21.98661],[87.0292,21.98234],[87.02627,21.97916],[87.0216,21.97333],[87.0207,21.97124],[87.01714,21.95892],[87.01313,21.95128],[87.01284,21.9496],[87.00943,21.94789],[87.00867,21.94492],[87.00583,21.93753],[87.00589,21.93413],[87.00463,21.92572],[87.00145,21.92456],[87.00186,21.92181],[87.00356,21.92049],[87.00142,21.91548],[86.99972,21.91325],[87.00065,21.91223],[87.00468,21.91013],[87.00593,21.90544],[87.00938,21.89978],[87.01564,21.89699],[87.01907,21.89461],[87.02046,21.89441],[87.02147,21.89283],[87.02378,21.89097],[87.02496,21.88754],[87.02465,21.88348],[87.02529,21.88076],[87.02742,21.87988],[87.02642,21.87772],[87.02762,21.87573],[87.03011,21.87448],[87.03145,21.8718],[87.0356,21.86917],[87.03924,21.86863],[87.04423,21.86895],[87.04633,21.86749],[87.04951,21.86817],[87.05199,21.8674],[87.05638,21.86728],[87.0607,21.86592],[87.06485,21.86664],[87.0701,21.86644],[87.07396,21.86724],[87.07681,21.86619],[87.07929,21.86595],[87.0809,21.86736],[87.08426,21.86812],[87.08643,21.86803],[87.09019,21.86675],[87.09607,21.86716],[87.09793,21.86692],[87.09727,21.8703],[87.09572,21.87435],[87.09611,21.87677],[87.09519,21.88062],[87.09624,21.88518],[87.09788,21.88766],[87.09885,21.89072],[87.09749,21.89364],[87.09462,21.89829],[87.09057,21.90107],[87.09167,21.90495],[87.09301,21.90468],[87.09474,21.90966],[87.09787,21.91477],[87.101,21.91412],[87.10336,21.91616],[87.10393,21.91941],[87.10692,21.92232],[87.11282,21.92244],[87.11405,21.92432],[87.12515,21.92601],[87.13368,21.92474],[87.13851,21.92378],[87.14155,21.92402],[87.14608,21.92745],[87.15235,21.93294],[87.15466,21.93406],[87.16116,21.93486],[87.16328,21.9389],[87.1611,21.94398],[87.16242,21.94589],[87.1617,21.94729],[87.16262,21.94891],[87.16063,21.95113],[87.16146,21.95413],[87.16322,21.95542],[87.16364,21.95838],[87.16472,21.96057],[87.16233,21.96168],[87.16287,21.96552],[87.1636,21.96701],[87.16223,21.96824],[87.16554,21.97016],[87.16821,21.97235],[87.16909,21.97739],[87.17041,21.97994],[87.17228,21.97847],[87.17661,21.97254],[87.17763,21.96964],[87.18087,21.9681],[87.18562,21.96635],[87.18892,21.96458],[87.19644,21.95971],[87.19806,21.95924],[87.20309,21.9629],[87.20465,21.96306],[87.20567,21.96193],[87.20856,21.96206],[87.2106,21.96436],[87.21391,21.96362],[87.21679,21.96027],[87.21992,21.9599],[87.22279,21.95871],[87.22397,21.95684],[87.22579,21.95756],[87.22605,21.96325],[87.23142,21.9704],[87.23206,21.97364],[87.23204,21.97936],[87.22992,21.98156],[87.22314,21.98424],[87.2183,21.98577],[87.21643,21.99245],[87.21577,21.99921],[87.21661,22.00188],[87.21448,22.00505],[87.21288,22.00502],[87.21291,22.00798],[87.20931,22.01762],[87.20654,22.02248],[87.2044,22.0249],[87.19811,22.03601],[87.19719,22.03677],[87.1949,22.03616],[87.19234,22.03422],[87.19164,22.03576],[87.19399,22.03938],[87.18446,22.04687],[87.1819,22.05033],[87.1784,22.0534],[87.17223,22.05664],[87.17034,22.06005],[87.16719,22.06695],[87.16585,22.06887],[87.1638,22.07301],[87.15662,22.08329],[87.15507,22.08588],[87.14263,22.08549],[87.13504,22.0892],[87.13865,22.09555],[87.13996,22.09946],[87.14386,22.1031],[87.14463,22.10586],[87.14209,22.10823],[87.14036,22.113],[87.14114,22.11801],[87.1427,22.12006],[87.13952,22.12258],[87.1375,22.12547],[87.13981,22.12752],[87.14595,22.13178],[87.14991,22.13533],[87.15139,22.13538],[87.15355,22.13713],[87.15271,22.13861],[87.15,22.13931],[87.15201,22.14214],[87.15291,22.14457],[87.15653,22.14569],[87.15806,22.14699],[87.1597,22.1498],[87.1611,22.14937],[87.16379,22.14734],[87.16602,22.14625],[87.16754,22.14331],[87.17176,22.13951],[87.17455,22.13837],[87.17902,22.13832],[87.18216,22.14488],[87.18232,22.149],[87.18035,22.15088],[87.18022,22.15209],[87.17714,22.15313],[87.16887,22.1522],[87.16898,22.15708],[87.16874,22.16109],[87.17007,22.1629],[87.17103,22.1658],[87.17007,22.16832],[87.16925,22.17447],[87.17206,22.17589],[87.17315,22.17703],[87.17382,22.17926],[87.17371,22.18179],[87.17185,22.18385],[87.17031,22.1864],[87.17068,22.19118],[87.17154,22.19145],[87.17427,22.1897],[87.17797,22.1865],[87.17956,22.18724],[87.17895,22.19026],[87.18159,22.19229],[87.18279,22.19445],[87.1827,22.19623],[87.1797,22.1991],[87.17716,22.20515],[87.17564,22.20638],[87.1729,22.20758],[87.17232,22.20913],[87.17485,22.21364],[87.17455,22.21545],[87.17262,22.21877],[87.17413,22.22082],[87.17392,22.22715],[87.1764,22.23367],[87.17654,22.23628],[87.18096,22.23528],[87.18354,22.23592],[87.18617,22.23497],[87.18739,22.23558],[87.18937,22.23935],[87.1918,22.23919],[87.19415,22.23399],[87.19745,22.23405],[87.19918,22.23294],[87.20164,22.23338],[87.20354,22.23577],[87.20393,22.23729],[87.20681,22.23801],[87.2096,22.23712],[87.21298,22.2349],[87.21396,22.23345],[87.2159,22.23316],[87.21527,22.23044],[87.21609,22.2288],[87.21877,22.22776],[87.2204,22.22818],[87.22262,22.22772],[87.22452,22.23026],[87.2261,22.2304],[87.22571,22.23253],[87.22639,22.23459],[87.22547,22.23556],[87.22687,22.23793],[87.22772,22.24139],[87.22779,22.24834],[87.22137,22.25736],[87.22102,22.26051],[87.21802,22.26686],[87.21661,22.26833],[87.21126,22.27169],[87.21007,22.27206],[87.20339,22.27276],[87.2021,22.27335],[87.19903,22.27702],[87.19581,22.27899],[87.192,22.282],[87.193,22.284],[87.19726,22.29012],[87.20354,22.2964],[87.20343,22.29827],[87.20618,22.30465],[87.20079,22.30396],[87.19757,22.30489],[87.19551,22.30715],[87.19238,22.31205],[87.18868,22.31416],[87.18934,22.31702],[87.18018,22.31958],[87.17593,22.32028],[87.17383,22.32148],[87.17589,22.32499],[87.16548,22.32966],[87.16252,22.3272],[87.15621,22.33018],[87.15549,22.33106],[87.15776,22.33712],[87.15678,22.34203],[87.16011,22.34122],[87.16427,22.33893],[87.16693,22.3393],[87.16836,22.3449],[87.17111,22.3477],[87.17419,22.35513],[87.17657,22.35926],[87.17881,22.3624],[87.18032,22.3652],[87.18128,22.3696],[87.18704,22.37408],[87.18928,22.3765],[87.19101,22.37596],[87.1945,22.37643],[87.19676,22.37622],[87.19887,22.3749],[87.20007,22.37722],[87.20417,22.37619],[87.20509,22.37824],[87.20903,22.37831],[87.21383,22.38246],[87.21713,22.38192],[87.21946,22.38067],[87.22202,22.38421],[87.2257,22.38522],[87.22883,22.38683],[87.23698,22.38715],[87.23793,22.38876],[87.24105,22.39042],[87.24315,22.39056],[87.2447,22.39212],[87.24492,22.3935],[87.2437,22.39569],[87.24572,22.39946],[87.2487,22.39975],[87.25153,22.39777],[87.2529,22.39973],[87.25529,22.39894],[87.25834,22.40271],[87.25615,22.40514],[87.25401,22.40644],[87.25102,22.40719],[87.25351,22.41291],[87.24554,22.4163],[87.24348,22.4154],[87.24106,22.4099],[87.23861,22.40887],[87.23683,22.40877],[87.23167,22.41094],[87.23173,22.41241],[87.22928,22.4119],[87.22436,22.41178],[87.21708,22.41097],[87.21623,22.41118],[87.21153,22.41048],[87.20803,22.41074],[87.20623,22.40877],[87.20171,22.4069],[87.19966,22.40472],[87.19111,22.39742],[87.18714,22.39581],[87.1839,22.39535],[87.17517,22.39537],[87.17305,22.39568],[87.16826,22.40108],[87.1627,22.4096],[87.16471,22.41343],[87.16634,22.41906],[87.16614,22.4209],[87.16446,22.42387],[87.16263,22.42531],[87.16022,22.42524],[87.1553,22.42284],[87.15163,22.42048],[87.147,22.42079],[87.14075,22.42204],[87.13345,22.423],[87.12758,22.42429],[87.11936,22.42696],[87.11633,22.4282],[87.11301,22.42853],[87.10999,22.42834],[87.10622,22.42946],[87.10339,22.43166],[87.10685,22.43561],[87.11075,22.43818],[87.11433,22.43928],[87.11553,22.44033],[87.11935,22.44608],[87.11666,22.44834],[87.11671,22.45027],[87.11883,22.45144],[87.11807,22.45606],[87.11671,22.45896],[87.11528,22.46075],[87.11158,22.46348],[87.10534,22.46527],[87.10206,22.46544],[87.09872,22.46618],[87.09497,22.46529],[87.09083,22.46539],[87.08907,22.46586],[87.08558,22.46772],[87.08396,22.46941],[87.08267,22.47314],[87.0826,22.47503],[87.08461,22.47804],[87.09073,22.48505],[87.09135,22.48727],[87.09133,22.49151],[87.09168,22.49391],[87.08841,22.49953],[87.08891,22.50197],[87.0881,22.50306],[87.08883,22.50852],[87.09292,22.51104],[87.09314,22.51767],[87.09482,22.52118],[87.09733,22.52247],[87.10027,22.52615],[87.10253,22.52967],[87.10547,22.53258],[87.10715,22.53509],[87.11191,22.53606],[87.11292,22.53697],[87.11451,22.54021],[87.11355,22.54523],[87.10968,22.54964],[87.10657,22.55094],[87.10578,22.55804],[87.10156,22.56413],[87.10267,22.57341],[87.1001,22.57462],[87.09899,22.57674],[87.09683,22.57907],[87.09458,22.58231],[87.09235,22.58472],[87.09229,22.58761],[87.09283,22.58923],[87.09537,22.59329],[87.09613,22.59553],[87.10079,22.60068],[87.102,22.60893],[87.10108,22.61149],[87.09774,22.61615],[87.09298,22.62586],[87.09007,22.62997],[87.08876,22.63271],[87.09012,22.63859],[87.0945,22.6444],[87.09676,22.64888],[87.09734,22.65235],[87.09739,22.65546],[87.09656,22.65804],[87.09664,22.66298],[87.10033,22.66293],[87.10145,22.66352],[87.10256,22.66582],[87.10969,22.66918],[87.11576,22.67178],[87.1236,22.68329],[87.11966,22.6866],[87.11817,22.69054],[87.11649,22.69332],[87.11359,22.69444],[87.10165,22.69446],[87.0988,22.69623],[87.09963,22.69925],[87.09556,22.70034],[87.09359,22.70269],[87.09407,22.70658],[87.09076,22.70729],[87.08971,22.71239],[87.0893,22.71633],[87.09038,22.71919],[87.08745,22.72049],[87.08157,22.72143],[87.07805,22.72514],[87.07593,22.72584]]]},"properties":{"OBJECTID":622,"dtname":"Jhargram","stname":"West Bengal","stcode11":"19","dtcode11":"776","year_stat":"2017_c","dist_lgd":703,"state_lgd":19,"SHAPE_Length":530759.2649544379,"SHAPE_Area":3641879062.4904404,"remarks":" ","d_pan_code":276162,"d_pan_name":"Jhargram","New_Name":"Jhargram","mached":"-1"},"id":622},
{"type":"Feature","geometry":{"type":"Polygon","coordinates":[[[87.08671,23.80897],[87.08138,23.81012],[87.0784,23.81161],[87.07458,23.81435],[87.07176,23.81539],[87.06521,23.81672],[87.06093,23.8189],[87.05597,23.82188],[87.05159,23.82539],[87.04387,23.83315],[87.03993,23.83771],[87.03704,23.83971],[87.03248,23.84144],[87.02706,23.84311],[87.02242,23.84551],[87.01733,23.84913],[87.011,23.8526],[87.00414,23.85483],[86.99275,23.85788],[86.98988,23.85835],[86.98596,23.8596],[86.9815,23.86255],[86.97581,23.86762],[86.97324,23.86877],[86.97142,23.86877],[86.96829,23.86748],[86.96566,23.86476],[86.96483,23.86319],[86.96399,23.85932],[86.96375,23.85357],[86.96237,23.85013],[86.95957,23.84777],[86.95628,23.84686],[86.94999,23.84598],[86.94755,23.84613],[86.9444,23.84727],[86.94257,23.8486],[86.93757,23.85041],[86.93572,23.85184],[86.93374,23.85433],[86.93302,23.85723],[86.93306,23.86138],[86.93351,23.86446],[86.93248,23.86866],[86.92887,23.87283],[86.92666,23.87456],[86.92086,23.878],[86.91556,23.88243],[86.91328,23.88079],[86.91006,23.8815],[86.90761,23.88085],[86.90277,23.8812],[86.90178,23.87983],[86.89864,23.8786],[86.89592,23.87829],[86.894,23.87672],[86.89292,23.87447],[86.88661,23.86762],[86.8832,23.86572],[86.88024,23.86232],[86.88092,23.86037],[86.88701,23.85644],[86.88635,23.84569],[86.88901,23.83999],[86.89016,23.83857],[86.89212,23.83838],[86.89282,23.83728],[86.89333,23.83275],[86.89415,23.83095],[86.89468,23.82746],[86.89381,23.8242],[86.8903,23.8205],[86.88823,23.82043],[86.88602,23.8212],[86.88646,23.82565],[86.88166,23.82827],[86.88094,23.82901],[86.8806,23.83371],[86.87952,23.83526],[86.87954,23.84076],[86.87997,23.84528],[86.87422,23.84731],[86.86926,23.84669],[86.86521,23.84549],[86.86363,23.84446],[86.86267,23.84251],[86.86371,23.84082],[86.86224,23.8393],[86.86127,23.83505],[86.85467,23.82976],[86.85398,23.82689],[86.8529,23.82495],[86.85051,23.82509],[86.8483,23.8237],[86.84352,23.82431],[86.83853,23.82184],[86.83695,23.81954],[86.83319,23.81819],[86.83256,23.81699],[86.83044,23.81657],[86.82654,23.81394],[86.82074,23.81542],[86.81869,23.81779],[86.8171,23.81691],[86.81551,23.81736],[86.81301,23.82047],[86.81379,23.82475],[86.81529,23.8262],[86.81492,23.82957],[86.81298,23.83108],[86.81026,23.83529],[86.80613,23.83735],[86.80476,23.83685],[86.80061,23.83406],[86.7994,23.83224],[86.80089,23.82983],[86.80389,23.82968],[86.8076,23.82271],[86.81009,23.82141],[86.80877,23.81852],[86.80751,23.81207],[86.80597,23.80669],[86.80398,23.80337],[86.80336,23.8013],[86.80559,23.79947],[86.80908,23.79805],[86.81084,23.79542],[86.81932,23.78593],[86.82021,23.78393],[86.82172,23.78301],[86.82585,23.77668],[86.82534,23.77525],[86.82819,23.76438],[86.82833,23.75964],[86.82753,23.75452],[86.82794,23.7527],[86.82609,23.74921],[86.82425,23.748],[86.81838,23.74673],[86.81354,23.74605],[86.81229,23.74476],[86.81226,23.74338],[86.81051,23.73827],[86.80796,23.72946],[86.80843,23.72334],[86.80439,23.71462],[86.80377,23.712],[86.80168,23.70906],[86.79929,23.7037],[86.79913,23.70124],[86.80265,23.69779],[86.80581,23.69586],[86.82294,23.68642],[86.82534,23.6852],[86.82853,23.68426],[86.83974,23.68451],[86.84722,23.68346],[86.85009,23.68143],[86.85799,23.67475],[86.85874,23.67223],[86.85812,23.6698],[86.8605,23.66552],[86.86398,23.66169],[86.866,23.66057],[86.86929,23.65999],[86.87228,23.65861],[86.8789,23.65619],[86.88365,23.65637],[86.88723,23.65583],[86.88946,23.65504],[86.89421,23.65217],[86.89584,23.65045],[86.89753,23.6476],[86.89768,23.64596],[86.89904,23.64458],[86.89931,23.64286],[86.90236,23.63814],[86.90532,23.63492],[86.90846,23.63244],[86.9122,23.63053],[86.91878,23.62927],[86.92227,23.62962],[86.92797,23.63076],[86.93327,23.63151],[86.93835,23.63147],[86.9484,23.63223],[86.95373,23.63312],[86.95723,23.63315],[86.96023,23.63229],[86.96403,23.63],[86.97184,23.62699],[86.97534,23.62816],[86.97829,23.62863],[86.98386,23.63109],[86.98673,23.63194],[86.99667,23.6335],[86.99841,23.63243],[87.00133,23.63159],[87.00882,23.63288],[87.01336,23.63252],[87.01894,23.63014],[87.02096,23.62872],[87.02835,23.6221],[87.03373,23.61802],[87.03672,23.61726],[87.03966,23.61725],[87.04397,23.61655],[87.05293,23.61468],[87.06022,23.61168],[87.06254,23.60845],[87.06389,23.60769],[87.06832,23.6037],[87.07135,23.60172],[87.07436,23.60076],[87.0796,23.59851],[87.08208,23.59866],[87.08871,23.59663],[87.09124,23.59461],[87.09376,23.59393],[87.09513,23.59289],[87.09745,23.58982],[87.10386,23.58681],[87.10747,23.58378],[87.11312,23.58111],[87.12185,23.5764],[87.12764,23.57648],[87.13752,23.57394],[87.14247,23.57292],[87.1466,23.57324],[87.15058,23.57251],[87.15434,23.57016],[87.1554,23.56856],[87.16007,23.56671],[87.16594,23.56552],[87.16818,23.56584],[87.17349,23.56509],[87.17739,23.56592],[87.18451,23.56685],[87.18711,23.56549],[87.18884,23.56544],[87.19162,23.56433],[87.19382,23.56245],[87.19732,23.56048],[87.2014,23.559],[87.20869,23.55813],[87.21153,23.55673],[87.21674,23.55029],[87.21855,23.54942],[87.22324,23.54499],[87.22794,23.54137],[87.23162,23.53818],[87.2337,23.53681],[87.23511,23.5348],[87.23843,23.5314],[87.24254,23.52832],[87.2446,23.52475],[87.24853,23.51932],[87.25369,23.51585],[87.25676,23.5153],[87.26201,23.51284],[87.26672,23.51012],[87.27077,23.50699],[87.27234,23.50484],[87.27357,23.50201],[87.27472,23.50065],[87.27899,23.49903],[87.28083,23.49719],[87.28488,23.49488],[87.28796,23.49349],[87.29391,23.49006],[87.29808,23.48679],[87.30285,23.48261],[87.30893,23.47978],[87.31171,23.47888],[87.31295,23.47758],[87.31577,23.47688],[87.31708,23.47592],[87.31992,23.47513],[87.32394,23.4733],[87.33094,23.47143],[87.33671,23.46881],[87.34377,23.46493],[87.34751,23.46215],[87.35238,23.45911],[87.35511,23.45691],[87.35996,23.45118],[87.36238,23.44949],[87.36905,23.44641],[87.37751,23.44013],[87.38352,23.43715],[87.38516,23.43673],[87.39103,23.43398],[87.39599,23.43355],[87.39876,23.43186],[87.40317,23.4309],[87.40695,23.42866],[87.41126,23.42716],[87.41507,23.42459],[87.41725,23.42192],[87.41953,23.42004],[87.4278,23.41693],[87.43026,23.41434],[87.43459,23.4127],[87.4417,23.40865],[87.4449,23.4053],[87.44909,23.40149],[87.45086,23.39886],[87.45326,23.39731],[87.4562,23.39443],[87.4599,23.39167],[87.46157,23.38928],[87.4683,23.38319],[87.47209,23.37903],[87.47384,23.37561],[87.47748,23.37428],[87.48131,23.36966],[87.48819,23.36218],[87.49033,23.35909],[87.49115,23.35622],[87.49921,23.34856],[87.5021,23.3476],[87.50662,23.34543],[87.51403,23.34141],[87.52019,23.33832],[87.52233,23.33811],[87.52667,23.33501],[87.53669,23.32288],[87.54295,23.31813],[87.54372,23.3191],[87.54588,23.32416],[87.54471,23.32526],[87.54464,23.32703],[87.54269,23.32926],[87.54401,23.33375],[87.54378,23.33478],[87.53993,23.33765],[87.54096,23.33905],[87.54019,23.34125],[87.53542,23.34236],[87.53564,23.34413],[87.53855,23.34422],[87.54006,23.34357],[87.54229,23.34501],[87.54106,23.34643],[87.544,23.34706],[87.54802,23.34967],[87.54993,23.35164],[87.55052,23.35455],[87.55312,23.35469],[87.55538,23.3536],[87.55835,23.35703],[87.55786,23.35913],[87.55947,23.36106],[87.56261,23.36066],[87.56426,23.36102],[87.56839,23.36649],[87.56822,23.36977],[87.56659,23.37004],[87.56577,23.37202],[87.5656,23.37763],[87.56894,23.38075],[87.56976,23.38447],[87.56967,23.3873],[87.57153,23.39072],[87.57094,23.39128],[87.57304,23.39471],[87.57426,23.39766],[87.57377,23.39829],[87.57595,23.40159],[87.57644,23.40397],[87.57402,23.40355],[87.57046,23.40456],[87.56789,23.40749],[87.56995,23.41679],[87.57063,23.42292],[87.56974,23.43183],[87.56822,23.43319],[87.56705,23.43526],[87.5671,23.43813],[87.56655,23.43928],[87.56586,23.44432],[87.56468,23.44647],[87.56316,23.44696],[87.56315,23.44916],[87.56038,23.45195],[87.55997,23.45553],[87.5585,23.4532],[87.55568,23.45275],[87.55467,23.45152],[87.55071,23.44874],[87.54754,23.448],[87.54427,23.44862],[87.54172,23.4503],[87.54015,23.453],[87.53819,23.45519],[87.54032,23.456],[87.53889,23.46212],[87.53911,23.46794],[87.54078,23.46811],[87.54329,23.4649],[87.54445,23.46523],[87.54339,23.46813],[87.54316,23.47119],[87.54356,23.47268],[87.54615,23.47586],[87.54637,23.47754],[87.54418,23.4777],[87.54243,23.47556],[87.53997,23.47489],[87.53662,23.47502],[87.5348,23.47597],[87.53277,23.47851],[87.53267,23.48003],[87.53103,23.48209],[87.5319,23.48454],[87.53543,23.48453],[87.53723,23.48768],[87.5393,23.48709],[87.53812,23.48995],[87.54036,23.49081],[87.53986,23.49345],[87.54391,23.49467],[87.55133,23.4945],[87.55194,23.49704],[87.55359,23.49664],[87.55295,23.49349],[87.55712,23.49357],[87.5595,23.49567],[87.56078,23.49807],[87.56098,23.49968],[87.56246,23.50121],[87.56448,23.50466],[87.56615,23.50594],[87.56966,23.50601],[87.57064,23.50752],[87.56917,23.50827],[87.57332,23.51376],[87.57364,23.5157],[87.5757,23.5166],[87.57582,23.52078],[87.5747,23.52311],[87.57568,23.52526],[87.57772,23.52805],[87.57678,23.52854],[87.57766,23.53098],[87.57613,23.53119],[87.57307,23.53024],[87.57112,23.52843],[87.56991,23.52825],[87.56785,23.53026],[87.56648,23.53047],[87.56445,23.52769],[87.5631,23.52703],[87.55925,23.52864],[87.55721,23.52884],[87.554,23.52821],[87.55152,23.5297],[87.55051,23.52957],[87.5462,23.52647],[87.54308,23.52682],[87.54129,23.52423],[87.53871,23.52466],[87.5364,23.52688],[87.5336,23.52686],[87.53177,23.52527],[87.52884,23.5254],[87.52588,23.524],[87.52337,23.52411],[87.51988,23.52668],[87.5166,23.52653],[87.51463,23.52799],[87.51287,23.52757],[87.51207,23.52633],[87.51388,23.52495],[87.5107,23.52356],[87.50885,23.5258],[87.50454,23.52703],[87.50161,23.526],[87.49799,23.52754],[87.4946,23.52597],[87.49301,23.52573],[87.49153,23.52707],[87.48958,23.52723],[87.48536,23.52515],[87.4836,23.52381],[87.48276,23.52548],[87.48086,23.52639],[87.4791,23.52811],[87.48047,23.53166],[87.4795,23.53256],[87.47695,23.53184],[87.4795,23.53571],[87.47933,23.53924],[87.47811,23.54127],[87.47942,23.54248],[87.48218,23.53918],[87.4855,23.53743],[87.48845,23.53877],[87.49092,23.53756],[87.49115,23.54604],[87.49091,23.54807],[87.48863,23.5501],[87.48746,23.55301],[87.49026,23.5534],[87.49357,23.55661],[87.49433,23.55886],[87.49752,23.55984],[87.49883,23.56187],[87.50157,23.56881],[87.5046,23.57217],[87.50452,23.57276],[87.50914,23.57706],[87.51021,23.57717],[87.51323,23.57967],[87.51581,23.58249],[87.51945,23.58878],[87.52464,23.58713],[87.52851,23.5898],[87.5326,23.59893],[87.53368,23.607],[87.53479,23.60975],[87.53377,23.61039],[87.53299,23.61471],[87.53101,23.6188],[87.52873,23.62017],[87.52635,23.62072],[87.52435,23.62015],[87.52088,23.6201],[87.51459,23.61836],[87.51264,23.61646],[87.51181,23.61411],[87.51203,23.61011],[87.51161,23.60868],[87.50827,23.60405],[87.50547,23.60205],[87.5023,23.60103],[87.49871,23.60084],[87.49752,23.60189],[87.49133,23.605],[87.4872,23.60842],[87.47882,23.61131],[87.47039,23.61343],[87.46749,23.61338],[87.45641,23.61151],[87.45285,23.61165],[87.44753,23.61308],[87.44332,23.61487],[87.44188,23.61627],[87.43714,23.62402],[87.4368,23.62538],[87.43346,23.63185],[87.42856,23.63685],[87.42495,23.64135],[87.42389,23.64502],[87.4203,23.64603],[87.41757,23.64746],[87.41321,23.65236],[87.41086,23.65597],[87.4096,23.65896],[87.40958,23.66153],[87.41107,23.66507],[87.41561,23.67232],[87.41741,23.678],[87.41461,23.68484],[87.41334,23.68613],[87.40955,23.68859],[87.40174,23.69231],[87.39852,23.69348],[87.38929,23.69856],[87.38351,23.70035],[87.37384,23.70079],[87.36835,23.70182],[87.36643,23.7027],[87.36433,23.70454],[87.36298,23.70712],[87.36086,23.71362],[87.35879,23.71656],[87.35632,23.71917],[87.35333,23.72034],[87.34675,23.72169],[87.34054,23.72266],[87.33144,23.71755],[87.33028,23.71751],[87.32372,23.71975],[87.3163,23.722],[87.31249,23.72288],[87.30545,23.72273],[87.30004,23.72174],[87.29643,23.72156],[87.29312,23.72223],[87.2826,23.72798],[87.27912,23.72885],[87.27787,23.73032],[87.27651,23.73415],[87.27417,23.73831],[87.27259,23.74207],[87.27066,23.74547],[87.26841,23.7482],[87.264,23.74942],[87.25795,23.74934],[87.25174,23.74743],[87.24879,23.74576],[87.24756,23.7437],[87.24558,23.74472],[87.24319,23.74467],[87.23298,23.74102],[87.22526,23.74023],[87.21995,23.74166],[87.21762,23.74517],[87.21417,23.74602],[87.21064,23.74967],[87.20479,23.74891],[87.19948,23.75002],[87.19491,23.74882],[87.18955,23.74904],[87.18539,23.75177],[87.18199,23.75102],[87.18004,23.75169],[87.17585,23.75163],[87.17204,23.74858],[87.17015,23.74801],[87.16596,23.74768],[87.16442,23.75009],[87.16287,23.75018],[87.15609,23.74854],[87.15314,23.74998],[87.15175,23.75163],[87.14794,23.75331],[87.1416,23.75508],[87.13867,23.75663],[87.13513,23.75927],[87.13186,23.76229],[87.12618,23.76565],[87.12265,23.76687],[87.12011,23.76857],[87.11664,23.77184],[87.11382,23.77608],[87.10702,23.78694],[87.1056,23.78885],[87.10065,23.797],[87.0949,23.80267],[87.09097,23.80619],[87.08671,23.80897]]]},"properties":{"OBJECTID":623,"dtname":"Paschim Bardhaman","stname":"West Bengal","stcode11":"19","dtcode11":"777","year_stat":"2017_c","dist_lgd":704,"state_lgd":19,"SHAPE_Length":322754.57261745294,"SHAPE_Area":2166093403.6555295,"remarks":" ","d_pan_code":276164,"d_pan_name":"Paschim Bardhaman","New_Name":"Paschim Bardhaman","mached":"-1"},"id":623},
{"type":"Feature","geometry":{"type":"Polygon","coordinates":[[[88.87253,26.96417],[88.87318,26.96502],[88.87361,26.96942],[88.87252,26.97521],[88.87448,26.98257],[88.87441,26.98543],[88.87208,26.98978],[88.87228,26.99081],[88.87066,26.9927],[88.87028,26.99575],[88.8719,26.99745],[88.87371,27.00614],[88.87358,27.00966],[88.87525,27.01191],[88.87556,27.01687],[88.87478,27.0189],[88.87613,27.02747],[88.87821,27.03457],[88.88103,27.03771],[88.87971,27.04012],[88.87686,27.04199],[88.87642,27.0462],[88.87911,27.04899],[88.87833,27.05233],[88.87824,27.05479],[88.87914,27.05744],[88.87873,27.0594],[88.88117,27.062],[88.87981,27.0641],[88.87987,27.06612],[88.87503,27.0704],[88.87699,27.07362],[88.87471,27.0763],[88.87423,27.0786],[88.87401,27.08299],[88.87454,27.08388],[88.87404,27.08659],[88.87564,27.08964],[88.87385,27.09241],[88.87339,27.09844],[88.8711,27.10138],[88.87047,27.1053],[88.87088,27.10788],[88.87005,27.10981],[88.86771,27.11244],[88.86661,27.11036],[88.86454,27.11065],[88.86222,27.10967],[88.85752,27.10959],[88.8516,27.10808],[88.84995,27.1085],[88.84912,27.11033],[88.84724,27.11217],[88.84329,27.11119],[88.84287,27.11393],[88.83871,27.11633],[88.83599,27.11503],[88.83364,27.11562],[88.82955,27.11925],[88.82652,27.12069],[88.82591,27.12178],[88.82225,27.12228],[88.81966,27.12213],[88.81713,27.12381],[88.81572,27.12557],[88.81358,27.12671],[88.8119,27.12675],[88.80956,27.12977],[88.80818,27.13306],[88.80502,27.13576],[88.80406,27.13883],[88.80203,27.1395],[88.80065,27.13816],[88.79235,27.13547],[88.78401,27.13454],[88.77996,27.13477],[88.77884,27.13545],[88.77445,27.13545],[88.77118,27.13622],[88.7684,27.13757],[88.76707,27.13917],[88.76421,27.1402],[88.75465,27.14119],[88.75264,27.14273],[88.74624,27.14417],[88.746,27.14285],[88.74412,27.14049],[88.73862,27.1354],[88.73368,27.13559],[88.72896,27.13627],[88.72394,27.13855],[88.72201,27.14179],[88.71781,27.14331],[88.71756,27.1485],[88.717,27.1515],[88.71705,27.15597],[88.71599,27.16003],[88.71248,27.16248],[88.71012,27.16684],[88.70858,27.16805],[88.70544,27.16885],[88.70294,27.1714],[88.70173,27.17387],[88.69792,27.1751],[88.69153,27.17839],[88.68506,27.17988],[88.68034,27.1794],[88.67744,27.17802],[88.67102,27.173],[88.66832,27.16957],[88.66684,27.16851],[88.66477,27.16552],[88.66284,27.16168],[88.66026,27.16055],[88.65922,27.16141],[88.6525,27.16258],[88.65185,27.16457],[88.64681,27.16616],[88.64315,27.1651],[88.63978,27.16484],[88.63745,27.16628],[88.63551,27.16668],[88.6348,27.16843],[88.63505,27.17049],[88.63364,27.17319],[88.63102,27.17426],[88.62859,27.17702],[88.62671,27.17755],[88.62597,27.18037],[88.62301,27.17935],[88.62228,27.18245],[88.62032,27.18193],[88.61843,27.18326],[88.61535,27.18182],[88.6128,27.18194],[88.61027,27.18362],[88.6082,27.18391],[88.60339,27.18629],[88.60114,27.18594],[88.59974,27.18854],[88.59797,27.18977],[88.59615,27.18821],[88.59461,27.18781],[88.59327,27.19098],[88.59025,27.19033],[88.58998,27.18787],[88.58907,27.18644],[88.58715,27.18721],[88.58692,27.19025],[88.58504,27.18998],[88.58281,27.18766],[88.58104,27.18881],[88.57394,27.18682],[88.57129,27.18634],[88.56779,27.18491],[88.56247,27.1857],[88.55551,27.18527],[88.55294,27.18344],[88.54832,27.18269],[88.54298,27.18318],[88.54158,27.18232],[88.53874,27.1773],[88.53612,27.17936],[88.53507,27.17889],[88.53274,27.17379],[88.5315,27.17241],[88.5299,27.17237],[88.52716,27.17368],[88.52264,27.17393],[88.52077,27.17289],[88.52758,27.16651],[88.53116,27.1655],[88.53158,27.16423],[88.52892,27.1607],[88.52771,27.15849],[88.52854,27.15668],[88.5319,27.15609],[88.53352,27.15456],[88.53271,27.1508],[88.53204,27.14982],[88.52802,27.14899],[88.52444,27.14927],[88.52097,27.14871],[88.51803,27.14593],[88.51794,27.14388],[88.51693,27.14238],[88.51324,27.14075],[88.51077,27.137],[88.50673,27.13704],[88.50481,27.13568],[88.50327,27.13374],[88.50072,27.13186],[88.49885,27.12959],[88.49901,27.12551],[88.49774,27.12382],[88.49579,27.12352],[88.48999,27.12583],[88.48748,27.12592],[88.48595,27.12408],[88.48606,27.12186],[88.48451,27.12081],[88.47985,27.12252],[88.47778,27.12282],[88.47541,27.12171],[88.4688,27.11532],[88.46742,27.11239],[88.46651,27.10659],[88.46645,27.10274],[88.46518,27.10081],[88.46197,27.09838],[88.46048,27.09154],[88.45829,27.08973],[88.45445,27.08786],[88.45053,27.08389],[88.44556,27.08289],[88.4404,27.08261],[88.43859,27.0822],[88.43399,27.0795],[88.43295,27.07926],[88.43108,27.07653],[88.42901,27.06927],[88.42683,27.06606],[88.42475,27.06784],[88.42225,27.06911],[88.42101,27.06799],[88.42124,27.06499],[88.41708,27.06096],[88.41659,27.05944],[88.41708,27.05375],[88.41533,27.04475],[88.41768,27.04243],[88.41844,27.04004],[88.41789,27.03711],[88.41943,27.03235],[88.41766,27.02858],[88.41537,27.02537],[88.41525,27.02346],[88.42191,27.01524],[88.42301,27.01174],[88.42284,27.00827],[88.41575,27.0099],[88.41383,27.009],[88.41015,27.00543],[88.40796,27.00432],[88.40608,27.00228],[88.40509,27.00005],[88.40145,26.99686],[88.39969,26.99454],[88.39439,26.99112],[88.39179,26.98848],[88.39187,26.9877],[88.3951,26.98692],[88.39799,26.98549],[88.40132,26.98469],[88.40332,26.9833],[88.40553,26.9828],[88.4078,26.98134],[88.40901,26.98157],[88.41173,26.98453],[88.41443,26.98441],[88.41871,26.98277],[88.41935,26.98015],[88.4207,26.97733],[88.41915,26.97393],[88.41829,26.97037],[88.41921,26.96713],[88.41938,26.96467],[88.41736,26.96225],[88.42072,26.95889],[88.42298,26.95723],[88.42441,26.9577],[88.42884,26.95793],[88.43238,26.96013],[88.4359,26.96167],[88.43733,26.9617],[88.43985,26.95978],[88.4405,26.95834],[88.44091,26.95265],[88.44197,26.94952],[88.44432,26.94704],[88.445,26.94535],[88.44443,26.94363],[88.44254,26.94089],[88.44188,26.93856],[88.44431,26.93701],[88.45055,26.93689],[88.45317,26.935],[88.45582,26.92944],[88.45654,26.92676],[88.45626,26.92461],[88.45951,26.92216],[88.46203,26.92103],[88.46394,26.9189],[88.46396,26.9161],[88.46489,26.91522],[88.47131,26.91436],[88.47339,26.91379],[88.47394,26.91178],[88.4709,26.90999],[88.47106,26.90805],[88.47245,26.90668],[88.47272,26.90256],[88.4742,26.89776],[88.47441,26.8908],[88.47525,26.88514],[88.47565,26.87983],[88.48022,26.87879],[88.48212,26.87727],[88.48677,26.87663],[88.49097,26.87483],[88.49608,26.87307],[88.50055,26.87034],[88.50933,26.86551],[88.5329,26.87239],[88.54079,26.8753],[88.54263,26.87521],[88.54265,26.87717],[88.54434,26.87846],[88.54587,26.88064],[88.54783,26.88039],[88.55568,26.8803],[88.56079,26.88232],[88.5628,26.88344],[88.56865,26.88797],[88.57325,26.89199],[88.57675,26.89074],[88.58097,26.89026],[88.58363,26.88891],[88.58622,26.88889],[88.58769,26.88781],[88.59011,26.88736],[88.59206,26.88799],[88.59451,26.88584],[88.59762,26.88434],[88.60001,26.88421],[88.60408,26.88232],[88.60766,26.88167],[88.60809,26.88392],[88.60705,26.88593],[88.60734,26.88848],[88.60846,26.88988],[88.60796,26.89154],[88.61246,26.89194],[88.61533,26.89748],[88.61927,26.89961],[88.62023,26.90227],[88.61884,26.90353],[88.62112,26.90558],[88.63179,26.90596],[88.63616,26.90667],[88.63723,26.91357],[88.63825,26.91641],[88.63824,26.92039],[88.63902,26.92527],[88.63713,26.92912],[88.63901,26.93432],[88.64199,26.93629],[88.64377,26.93877],[88.64786,26.9423],[88.64959,26.94752],[88.65002,26.95013],[88.65404,26.95595],[88.65623,26.9602],[88.65674,26.96353],[88.65544,26.96444],[88.6578,26.96774],[88.66036,26.96877],[88.66256,26.96289],[88.66676,26.95729],[88.66962,26.95266],[88.6729,26.94822],[88.67222,26.94636],[88.66866,26.94133],[88.66589,26.93533],[88.66463,26.93384],[88.66363,26.9275],[88.67604,26.92731],[88.68873,26.92675],[88.70004,26.92692],[88.70716,26.92663],[88.72991,26.9261],[88.73976,26.9261],[88.74614,26.92586],[88.75935,26.92588],[88.75947,26.9304],[88.75825,26.93981],[88.75706,26.95101],[88.7572,26.95631],[88.75598,26.96124],[88.75616,26.96293],[88.75756,26.96497],[88.75981,26.96652],[88.76202,26.96894],[88.766,26.96918],[88.76982,26.96864],[88.7718,26.9718],[88.77394,26.97308],[88.77533,26.97481],[88.78206,26.97509],[88.7845,26.97637],[88.78637,26.97843],[88.78978,26.9848],[88.79063,26.98718],[88.79287,26.99102],[88.79578,26.99129],[88.80016,26.9904],[88.80508,26.99103],[88.80984,26.99095],[88.81022,26.99189],[88.8126,26.99177],[88.81796,26.98928],[88.81905,26.98843],[88.8217,26.98871],[88.82296,26.98807],[88.82376,26.98485],[88.82452,26.98428],[88.82798,26.98477],[88.83105,26.98454],[88.83799,26.97844],[88.84209,26.97847],[88.84434,26.9753],[88.84808,26.97439],[88.85205,26.96947],[88.85224,26.96635],[88.85288,26.96561],[88.86154,26.96488],[88.87253,26.96417]]]},"properties":{"OBJECTID":624,"dtname":"Kalimpong","stname":"West Bengal","stcode11":"19","dtcode11":"775","year_stat":"2017_c","dist_lgd":702,"state_lgd":19,"SHAPE_Length":201559.2902136537,"SHAPE_Area":1383416979.267361,"remarks":" ","d_pan_code":276167,"d_pan_name":"Kalimpong","New_Name":"Kalimpong","mached":"-1"},"id":624},
{"type":"Feature","geometry":{"type":"MultiPolygon","coordinates":[[[[89.81613,26.34273],[89.80674,26.3491],[89.80228,26.35057],[89.7977,26.35032],[89.79559,26.34937],[89.79537,26.34646],[89.79408,26.34383],[89.79159,26.34269],[89.7964,26.33969],[89.79806,26.33785],[89.79612,26.33299],[89.79983,26.32973],[89.80283,26.32965],[89.808,26.32651],[89.81114,26.32371],[89.8147,26.32165],[89.81741,26.32094],[89.82024,26.32325],[89.82312,26.32794],[89.82303,26.32978],[89.81968,26.33302],[89.81937,26.33683],[89.81856,26.33883],[89.81613,26.34273]]],[[[89.12628,26.52127],[89.12351,26.52201],[89.11545,26.5223],[89.10873,26.5201],[89.10755,26.52122],[89.10619,26.52063],[89.10296,26.52102],[89.10098,26.52241],[89.09553,26.52229],[89.09362,26.52373],[89.09171,26.52419],[89.09224,26.52619],[89.08718,26.52483],[89.08604,26.52662],[89.08471,26.52629],[89.08503,26.53086],[89.08248,26.53067],[89.08131,26.5322],[89.07911,26.53188],[89.07972,26.53492],[89.07644,26.53503],[89.07547,26.5366],[89.07372,26.53709],[89.07146,26.53645],[89.06934,26.53739],[89.06589,26.53684],[89.0624,26.53756],[89.06141,26.53417],[89.05673,26.53343],[89.04885,26.53399],[89.05196,26.53044],[89.05046,26.52734],[89.04879,26.52662],[89.04081,26.52075],[89.03738,26.51767],[89.03575,26.51681],[89.0274,26.51825],[89.02174,26.52273],[89.01231,26.52645],[89.01036,26.52845],[89.0091,26.52847],[89.00212,26.53092],[89.00202,26.53211],[88.99724,26.53345],[88.99255,26.53355],[88.98562,26.53544],[88.98417,26.53721],[88.98004,26.53943],[88.96903,26.54636],[88.96919,26.54289],[88.96784,26.53956],[88.96769,26.53789],[88.96975,26.53436],[88.97056,26.53129],[88.96787,26.52676],[88.96718,26.52481],[88.96217,26.52494],[88.96164,26.52276],[88.9568,26.51466],[88.95671,26.51162],[88.95486,26.51067],[88.95482,26.50765],[88.95169,26.5055],[88.94598,26.50588],[88.94189,26.50585],[88.94001,26.50426],[88.93979,26.50158],[88.94108,26.49952],[88.94301,26.499],[88.94341,26.49733],[88.94296,26.4939],[88.94119,26.48797],[88.93974,26.48517],[88.94224,26.48232],[88.94629,26.47529],[88.94279,26.47426],[88.94064,26.47269],[88.93831,26.46896],[88.93699,26.46551],[88.93326,26.46556],[88.9296,26.46501],[88.92709,26.46597],[88.92589,26.46794],[88.92631,26.47068],[88.92207,26.47076],[88.9174,26.47044],[88.91421,26.47124],[88.9108,26.47338],[88.90839,26.47684],[88.90448,26.47651],[88.9036,26.47388],[88.90567,26.47277],[88.90571,26.4714],[88.90207,26.47267],[88.89929,26.47064],[88.8993,26.46789],[88.9032,26.46566],[88.90479,26.4658],[88.90608,26.46847],[88.91018,26.46942],[88.91031,26.46511],[88.91261,26.46441],[88.91269,26.46172],[88.91698,26.46118],[88.9171,26.45991],[88.91373,26.4576],[88.91327,26.45639],[88.91444,26.45412],[88.91441,26.45259],[88.91203,26.45151],[88.90881,26.45231],[88.90703,26.44953],[88.90572,26.44491],[88.90298,26.44072],[88.90046,26.44015],[88.89903,26.4383],[88.89567,26.43882],[88.88728,26.43819],[88.88779,26.43644],[88.88986,26.43307],[88.88714,26.43172],[88.88825,26.42974],[88.8869,26.42621],[88.88366,26.42556],[88.88462,26.42133],[88.88414,26.41816],[88.88277,26.41318],[88.8818,26.41179],[88.88163,26.40847],[88.88004,26.40769],[88.87981,26.40475],[88.87507,26.40167],[88.87261,26.40119],[88.86985,26.39936],[88.86781,26.39361],[88.86492,26.39224],[88.86188,26.39371],[88.85864,26.39301],[88.85634,26.39414],[88.85448,26.3936],[88.85248,26.39002],[88.85315,26.38642],[88.85049,26.38506],[88.8463,26.3844],[88.84394,26.38452],[88.84078,26.3856],[88.83959,26.38685],[88.8381,26.38403],[88.83531,26.38066],[88.82745,26.37853],[88.81986,26.37744],[88.81631,26.37812],[88.8141,26.37742],[88.8122,26.37834],[88.80988,26.37754],[88.80809,26.37923],[88.80492,26.3782],[88.80347,26.37592],[88.79877,26.3758],[88.7953,26.38066],[88.7915,26.38435],[88.78932,26.38781],[88.78953,26.39234],[88.7862,26.39284],[88.78411,26.3957],[88.78383,26.39793],[88.78177,26.39767],[88.77792,26.39862],[88.77501,26.39854],[88.77405,26.39562],[88.76981,26.39482],[88.76946,26.39273],[88.76691,26.38928],[88.76583,26.38893],[88.76345,26.3838],[88.76098,26.38112],[88.7571,26.37543],[88.75618,26.36841],[88.7537,26.36664],[88.75365,26.36429],[88.74923,26.36086],[88.74807,26.35546],[88.74888,26.35407],[88.75069,26.34717],[88.75433,26.34358],[88.75397,26.34051],[88.75427,26.33769],[88.75822,26.3362],[88.76002,26.33505],[88.76115,26.33324],[88.76112,26.33142],[88.75942,26.32904],[88.75896,26.32668],[88.75693,26.32471],[88.75738,26.32252],[88.75656,26.32126],[88.75652,26.31694],[88.7579,26.3131],[88.75664,26.31067],[88.75825,26.30683],[88.75952,26.30539],[88.76017,26.30313],[88.75986,26.30021],[88.76337,26.29892],[88.76969,26.29995],[88.77242,26.30081],[88.77624,26.30362],[88.7808,26.30297],[88.78369,26.30347],[88.78728,26.3057],[88.79079,26.30744],[88.79356,26.30997],[88.79609,26.30802],[88.79891,26.30751],[88.80165,26.30638],[88.80387,26.3048],[88.80721,26.30154],[88.80903,26.30119],[88.81061,26.29908],[88.81315,26.29711],[88.81691,26.29509],[88.81911,26.29449],[88.81328,26.28845],[88.81255,26.28367],[88.812,26.28334],[88.81133,26.27734],[88.81004,26.2769],[88.81038,26.27418],[88.81384,26.27337],[88.81413,26.26953],[88.81499,26.26899],[88.81468,26.26514],[88.81217,26.26477],[88.81207,26.26288],[88.81314,26.26166],[88.8128,26.25654],[88.81357,26.25458],[88.81495,26.25516],[88.81909,26.25524],[88.81957,26.25379],[88.82324,26.25334],[88.82341,26.24855],[88.82916,26.24971],[88.82889,26.24716],[88.82939,26.24565],[88.82752,26.24527],[88.82669,26.24296],[88.82839,26.23949],[88.83106,26.24018],[88.83196,26.23824],[88.83433,26.23767],[88.83809,26.23815],[88.83852,26.23648],[88.83832,26.23264],[88.8399,26.23145],[88.84393,26.23059],[88.84379,26.23253],[88.84816,26.23348],[88.85044,26.23458],[88.8543,26.23504],[88.86014,26.23228],[88.86548,26.23234],[88.87014,26.23386],[88.87254,26.23299],[88.87786,26.23338],[88.87807,26.23435],[88.87646,26.23719],[88.87789,26.24152],[88.87581,26.24223],[88.87464,26.24039],[88.8732,26.23969],[88.87167,26.24054],[88.8718,26.24455],[88.86881,26.24537],[88.86768,26.24637],[88.86805,26.24896],[88.86734,26.24973],[88.8636,26.2507],[88.86147,26.252],[88.86183,26.25982],[88.86133,26.26368],[88.86199,26.26566],[88.86437,26.26782],[88.86357,26.27014],[88.86133,26.27213],[88.8621,26.27373],[88.86623,26.2749],[88.86716,26.27621],[88.8663,26.27905],[88.86728,26.28063],[88.86966,26.2824],[88.87088,26.28413],[88.87299,26.28432],[88.87593,26.28658],[88.88239,26.28702],[88.88866,26.28773],[88.89449,26.28804],[88.89827,26.28864],[88.90392,26.28808],[88.90792,26.28798],[88.91352,26.28742],[88.91814,26.28793],[88.9199,26.28447],[88.92628,26.28378],[88.92868,26.27988],[88.93113,26.27744],[88.93164,26.27434],[88.93263,26.27364],[88.93407,26.27091],[88.93516,26.26701],[88.93814,26.26461],[88.94024,26.26352],[88.94124,26.26086],[88.94343,26.25706],[88.94428,26.25447],[88.94748,26.252],[88.94877,26.25035],[88.94985,26.24773],[88.95078,26.24771],[88.95314,26.24197],[88.95704,26.24258],[88.9568,26.24051],[88.96539,26.23871],[88.96914,26.24009],[88.9717,26.24016],[88.97506,26.24244],[88.97867,26.24266],[88.97917,26.24479],[88.98581,26.24485],[88.99355,26.24547],[88.99978,26.24435],[89.0159,26.24463],[89.01654,26.24354],[89.02028,26.24397],[89.02148,26.245],[89.02448,26.24492],[89.02734,26.24407],[89.02755,26.24764],[89.03303,26.2467],[89.03382,26.24585],[89.03415,26.24292],[89.03673,26.24238],[89.03737,26.24572],[89.04595,26.2407],[89.04902,26.24199],[89.04999,26.24537],[89.04798,26.24568],[89.04887,26.2517],[89.05123,26.25268],[89.052,26.25599],[89.05659,26.25662],[89.05913,26.25397],[89.05994,26.25454],[89.06239,26.25361],[89.06294,26.25577],[89.06018,26.25678],[89.06065,26.25891],[89.06331,26.25988],[89.06287,26.26271],[89.06194,26.2631],[89.06113,26.26915],[89.06306,26.26988],[89.06092,26.27318],[89.06035,26.27505],[89.05525,26.2761],[89.05437,26.27807],[89.06011,26.27755],[89.06233,26.27845],[89.063,26.28129],[89.06155,26.28359],[89.05751,26.28558],[89.05825,26.2872],[89.06006,26.28753],[89.06055,26.29163],[89.05756,26.29393],[89.05546,26.29258],[89.053,26.29335],[89.05233,26.29602],[89.04642,26.29564],[89.04535,26.29103],[89.04376,26.2895],[89.0454,26.28879],[89.04599,26.28412],[89.04706,26.28557],[89.04782,26.28838],[89.05035,26.28875],[89.04835,26.28582],[89.04786,26.28281],[89.04464,26.27933],[89.04455,26.27628],[89.04321,26.27575],[89.03988,26.27652],[89.03892,26.27752],[89.04009,26.28122],[89.03868,26.281],[89.03766,26.28261],[89.04069,26.28394],[89.04077,26.28577],[89.03855,26.28547],[89.03872,26.28372],[89.03542,26.28317],[89.0318,26.28555],[89.02729,26.28279],[89.02709,26.28554],[89.02467,26.28654],[89.02473,26.28807],[89.02122,26.28766],[89.02008,26.28909],[89.02157,26.29286],[89.02333,26.2933],[89.02253,26.2963],[89.02098,26.2972],[89.0234,26.30021],[89.02399,26.30224],[89.02538,26.30241],[89.02648,26.30452],[89.0263,26.30692],[89.02333,26.3077],[89.01875,26.30711],[89.01902,26.30457],[89.01733,26.30328],[89.0155,26.30301],[89.01565,26.30022],[89.01703,26.29813],[89.01724,26.29651],[89.01959,26.29495],[89.01868,26.29259],[89.01841,26.28981],[89.01664,26.2897],[89.01666,26.29141],[89.01427,26.29123],[89.01235,26.29248],[89.01212,26.29395],[89.01344,26.29485],[89.01236,26.29621],[89.01305,26.29801],[89.01117,26.29878],[89.0103,26.30181],[89.0085,26.30157],[89.00713,26.30332],[89.00467,26.3008],[89.00348,26.29591],[89.00125,26.29517],[89.00003,26.29068],[88.99795,26.29105],[88.99681,26.29027],[88.99514,26.29216],[88.99602,26.29667],[88.99741,26.29769],[88.99759,26.29963],[88.992,26.30021],[88.98952,26.30003],[88.98494,26.30054],[88.98446,26.30203],[88.98451,26.30566],[88.98266,26.3095],[88.98568,26.31381],[88.98562,26.31565],[88.98417,26.31624],[88.98505,26.31803],[88.98682,26.3176],[88.99067,26.31507],[88.99337,26.31493],[88.99493,26.31323],[88.99716,26.31393],[88.99714,26.31638],[88.99425,26.31723],[88.99408,26.31988],[88.99196,26.32038],[88.99152,26.32232],[88.99493,26.32211],[88.99619,26.3211],[88.99801,26.3224],[88.99991,26.3255],[89.00097,26.32975],[88.99948,26.33004],[88.9988,26.33177],[88.99487,26.33192],[88.99264,26.3327],[88.99267,26.33481],[88.9901,26.33541],[88.98977,26.33292],[88.98692,26.33202],[88.98486,26.33395],[88.9844,26.33699],[88.98255,26.33863],[88.98181,26.341],[88.98354,26.34157],[88.98577,26.34087],[88.98713,26.33828],[88.99,26.33848],[88.98686,26.34364],[88.98669,26.34773],[88.9845,26.34906],[88.98277,26.34902],[88.98215,26.34748],[88.98034,26.34788],[88.97822,26.34655],[88.97781,26.34805],[88.97556,26.34934],[88.97499,26.35079],[88.9716,26.35138],[88.9715,26.34993],[88.96782,26.35025],[88.96594,26.34955],[88.96325,26.35007],[88.96312,26.3518],[88.96058,26.35145],[88.9607,26.3491],[88.95915,26.34794],[88.96263,26.34545],[88.96202,26.34459],[88.96173,26.34097],[88.96271,26.33874],[88.96292,26.33627],[88.95948,26.33587],[88.95957,26.3323],[88.96037,26.33005],[88.95651,26.32997],[88.95644,26.33107],[88.9544,26.33213],[88.9523,26.33234],[88.95248,26.33689],[88.95192,26.33906],[88.95211,26.34122],[88.954,26.34236],[88.95642,26.34131],[88.95905,26.34353],[88.95706,26.34416],[88.95645,26.34537],[88.95297,26.34621],[88.95241,26.34375],[88.94615,26.34388],[88.94638,26.34622],[88.94891,26.34855],[88.94895,26.35189],[88.95025,26.35251],[88.95088,26.35432],[88.95647,26.35731],[88.95851,26.35792],[88.95843,26.36168],[88.95475,26.36179],[88.95336,26.36595],[88.94976,26.36584],[88.94846,26.36072],[88.94739,26.36058],[88.94772,26.35585],[88.94145,26.35777],[88.93718,26.35739],[88.93546,26.35871],[88.93207,26.35898],[88.92602,26.36474],[88.92245,26.36325],[88.9207,26.35955],[88.91946,26.36038],[88.92162,26.36257],[88.92163,26.36419],[88.91881,26.36624],[88.9143,26.36522],[88.91193,26.36611],[88.91282,26.36844],[88.91011,26.3704],[88.91135,26.37256],[88.91357,26.37414],[88.92008,26.37457],[88.91955,26.37685],[88.92061,26.37853],[88.91432,26.3778],[88.91233,26.38028],[88.90909,26.38003],[88.90974,26.38221],[88.91215,26.38248],[88.91651,26.38483],[88.91614,26.38647],[88.91732,26.39024],[88.91845,26.39012],[88.91894,26.39426],[88.91807,26.40079],[88.91737,26.4032],[88.91296,26.40307],[88.91257,26.40136],[88.90995,26.40078],[88.90858,26.40366],[88.90616,26.40351],[88.90524,26.40533],[88.90669,26.40666],[88.91133,26.40785],[88.9126,26.40861],[88.91664,26.40771],[88.92526,26.40672],[88.92933,26.41082],[88.93131,26.41419],[88.92983,26.41629],[88.92547,26.4164],[88.92407,26.41952],[88.92303,26.42336],[88.92535,26.42437],[88.93115,26.42452],[88.93275,26.42584],[88.93274,26.42746],[88.92594,26.42762],[88.92619,26.43205],[88.92813,26.43291],[88.93476,26.43145],[88.93809,26.4281],[88.93805,26.4256],[88.94303,26.4253],[88.94477,26.42559],[88.94282,26.42819],[88.94555,26.42902],[88.94461,26.43177],[88.94633,26.43315],[88.9512,26.43361],[88.95132,26.435],[88.94789,26.43848],[88.94902,26.4399],[88.94907,26.44313],[88.94681,26.44335],[88.94606,26.44489],[88.94617,26.44794],[88.95185,26.4484],[88.95189,26.45073],[88.9535,26.45187],[88.95687,26.4506],[88.96057,26.44827],[88.96198,26.45016],[88.96404,26.45059],[88.96475,26.45205],[88.96282,26.45253],[88.95978,26.45229],[88.95949,26.45374],[88.95732,26.45476],[88.95723,26.45892],[88.95881,26.459],[88.96112,26.45807],[88.96472,26.45736],[88.96552,26.45661],[88.9656,26.45314],[88.96752,26.45149],[88.97108,26.45136],[88.97144,26.45022],[88.97449,26.45015],[88.97708,26.44667],[88.97854,26.44616],[88.98097,26.44679],[88.98327,26.44651],[88.98248,26.44392],[88.98103,26.44415],[88.98095,26.44175],[88.98299,26.44151],[88.98287,26.43795],[88.98092,26.43635],[88.97878,26.43599],[88.97859,26.43385],[88.97982,26.43372],[88.98028,26.43157],[88.98306,26.43088],[88.98079,26.42532],[88.98364,26.42439],[88.983,26.42104],[88.98814,26.42061],[88.98885,26.41981],[88.99277,26.41892],[88.99217,26.41701],[88.99419,26.41677],[88.99527,26.41263],[88.99847,26.41321],[88.99797,26.41544],[88.9953,26.41666],[88.99604,26.4197],[88.99301,26.42031],[88.99374,26.42299],[88.9959,26.42258],[88.99574,26.42068],[88.9988,26.42032],[88.99931,26.42178],[89.00369,26.42187],[89.00594,26.42141],[89.00494,26.41862],[89.00508,26.41672],[89.00723,26.41273],[89.01126,26.41299],[89.01613,26.41494],[89.0218,26.4141],[89.02249,26.41204],[89.02241,26.40969],[89.02308,26.40825],[89.01895,26.40606],[89.01941,26.40413],[89.02271,26.40392],[89.02203,26.40581],[89.02368,26.40605],[89.02499,26.40744],[89.02804,26.40776],[89.02999,26.40701],[89.0294,26.4049],[89.0314,26.40387],[89.03179,26.39955],[89.03438,26.39946],[89.03356,26.39544],[89.03746,26.39517],[89.03784,26.39967],[89.04085,26.40021],[89.0485,26.3994],[89.04942,26.39862],[89.05419,26.39862],[89.05582,26.39665],[89.0586,26.3958],[89.05901,26.39882],[89.06191,26.39799],[89.06446,26.39663],[89.06428,26.39874],[89.06728,26.4],[89.06798,26.39784],[89.07123,26.39839],[89.07483,26.39596],[89.07863,26.39594],[89.0827,26.39797],[89.0861,26.39727],[89.08665,26.39571],[89.08555,26.39371],[89.07997,26.3915],[89.08134,26.39017],[89.08347,26.39126],[89.08665,26.39214],[89.09048,26.39176],[89.09199,26.39369],[89.09575,26.39159],[89.09433,26.38926],[89.09254,26.3896],[89.09093,26.38807],[89.0906,26.38581],[89.09168,26.3853],[89.09185,26.38248],[89.09045,26.38088],[89.08911,26.38092],[89.08888,26.37737],[89.08928,26.37504],[89.09066,26.37511],[89.09,26.37123],[89.08805,26.3657],[89.08624,26.36558],[89.08003,26.36666],[89.07971,26.36282],[89.08077,26.36203],[89.08294,26.3621],[89.08418,26.36406],[89.08581,26.36272],[89.08792,26.36286],[89.0897,26.36196],[89.08986,26.36049],[89.09251,26.36069],[89.09827,26.35809],[89.09643,26.35716],[89.09586,26.35416],[89.09389,26.35459],[89.09333,26.35291],[89.0952,26.35213],[89.09608,26.35012],[89.09795,26.34979],[89.09857,26.34779],[89.09818,26.3451],[89.09882,26.34179],[89.09779,26.33977],[89.10028,26.33895],[89.10024,26.33649],[89.09834,26.3359],[89.09806,26.33453],[89.09653,26.33394],[89.09626,26.33114],[89.09535,26.32977],[89.09146,26.32973],[89.09165,26.32808],[89.08891,26.32557],[89.08727,26.32311],[89.08469,26.32404],[89.0836,26.32202],[89.08638,26.32107],[89.08978,26.32238],[89.09192,26.32029],[89.09283,26.32425],[89.09363,26.32578],[89.09533,26.32574],[89.09698,26.32754],[89.09678,26.32921],[89.09918,26.3286],[89.09841,26.32504],[89.10051,26.32331],[89.10433,26.32328],[89.10632,26.32629],[89.11001,26.32525],[89.11146,26.32362],[89.11053,26.32204],[89.11274,26.31839],[89.11649,26.31849],[89.1155,26.3199],[89.12353,26.32165],[89.12364,26.32217],[89.12861,26.32232],[89.12721,26.32045],[89.12831,26.3188],[89.1306,26.31891],[89.13099,26.32051],[89.13631,26.32011],[89.13604,26.31459],[89.13515,26.31374],[89.12957,26.31305],[89.12975,26.31247],[89.1348,26.31316],[89.1354,26.30875],[89.13604,26.30739],[89.13377,26.307],[89.13379,26.30582],[89.13065,26.30595],[89.12522,26.30534],[89.1257,26.30415],[89.12837,26.30413],[89.13058,26.30518],[89.13085,26.30349],[89.12753,26.30301],[89.1287,26.29879],[89.13002,26.30034],[89.13243,26.30022],[89.1325,26.29872],[89.12826,26.29785],[89.12853,26.2961],[89.12737,26.29487],[89.1256,26.29461],[89.12432,26.29337],[89.12542,26.29093],[89.12319,26.2877],[89.1205,26.28699],[89.11793,26.28982],[89.11686,26.29257],[89.1176,26.29475],[89.11678,26.29713],[89.11481,26.29726],[89.11392,26.29824],[89.11382,26.30223],[89.11425,26.30364],[89.11207,26.30455],[89.10908,26.30444],[89.10893,26.30926],[89.10795,26.30921],[89.10828,26.31304],[89.10504,26.31383],[89.10274,26.31215],[89.10232,26.31062],[89.10294,26.30828],[89.10005,26.30507],[89.10021,26.30387],[89.10213,26.30258],[89.105,26.30147],[89.1076,26.29972],[89.10385,26.29755],[89.10328,26.29446],[89.10651,26.29034],[89.10436,26.28988],[89.1026,26.28861],[89.10267,26.28665],[89.10192,26.28192],[89.1001,26.27947],[89.10205,26.27812],[89.10335,26.27858],[89.10342,26.28102],[89.10604,26.281],[89.10605,26.27814],[89.10495,26.27551],[89.10609,26.27385],[89.10782,26.27557],[89.10959,26.27206],[89.11167,26.27265],[89.11418,26.27112],[89.11512,26.26978],[89.12199,26.26586],[89.12523,26.26346],[89.12535,26.26121],[89.12391,26.26102],[89.12334,26.25864],[89.1214,26.2582],[89.12227,26.25552],[89.12012,26.25408],[89.11984,26.25261],[89.12398,26.24974],[89.12615,26.25069],[89.12698,26.24884],[89.13004,26.24879],[89.13218,26.24577],[89.13098,26.24265],[89.13253,26.2418],[89.13181,26.24018],[89.13434,26.23896],[89.13417,26.23742],[89.137,26.23656],[89.13909,26.23804],[89.14088,26.23591],[89.14133,26.23167],[89.13957,26.22952],[89.1409,26.2272],[89.14038,26.22582],[89.14384,26.22126],[89.14209,26.22098],[89.14213,26.21453],[89.14603,26.21106],[89.14744,26.21136],[89.14885,26.20678],[89.14718,26.20482],[89.14411,26.20342],[89.14389,26.20041],[89.14216,26.19955],[89.14017,26.19963],[89.13938,26.19831],[89.14015,26.19547],[89.13894,26.19343],[89.13837,26.18868],[89.13557,26.18729],[89.13655,26.18495],[89.13478,26.18051],[89.1371,26.17976],[89.13756,26.17628],[89.14121,26.17581],[89.14017,26.17242],[89.14103,26.16929],[89.1448,26.16923],[89.14548,26.16998],[89.14919,26.17003],[89.1505,26.1692],[89.15196,26.16695],[89.15193,26.16524],[89.1533,26.1639],[89.15728,26.1632],[89.1554,26.15955],[89.15155,26.1597],[89.14896,26.15939],[89.14854,26.1581],[89.15031,26.1548],[89.14977,26.15313],[89.1517,26.15178],[89.15158,26.14798],[89.1528,26.14654],[89.15495,26.13952],[89.15807,26.13912],[89.16018,26.13944],[89.16032,26.1371],[89.16413,26.13334],[89.17011,26.13043],[89.17385,26.13124],[89.17612,26.13105],[89.17929,26.12815],[89.1817,26.12831],[89.18269,26.12916],[89.18544,26.12868],[89.18977,26.1265],[89.19235,26.12364],[89.19432,26.12551],[89.19888,26.12637],[89.20017,26.12848],[89.20331,26.12925],[89.20495,26.12721],[89.20863,26.12653],[89.20989,26.12708],[89.21105,26.12462],[89.21438,26.12527],[89.21474,26.1262],[89.2196,26.12658],[89.22068,26.12553],[89.22294,26.12553],[89.22309,26.12431],[89.22681,26.12213],[89.22893,26.1225],[89.22849,26.12043],[89.23047,26.11872],[89.22922,26.1166],[89.23258,26.11558],[89.23224,26.11443],[89.23345,26.11302],[89.23554,26.11472],[89.23724,26.11258],[89.23881,26.11383],[89.24075,26.11064],[89.23951,26.1089],[89.24192,26.10539],[89.24347,26.10616],[89.24552,26.10555],[89.24848,26.10361],[89.24768,26.1018],[89.25106,26.10023],[89.25168,26.09849],[89.25149,26.0958],[89.25038,26.09478],[89.25219,26.09309],[89.25284,26.09157],[89.2552,26.09337],[89.25993,26.09171],[89.26107,26.09351],[89.26307,26.094],[89.26339,26.09208],[89.2653,26.09249],[89.26587,26.08784],[89.26144,26.08578],[89.26051,26.08419],[89.2609,26.08285],[89.25905,26.08172],[89.25659,26.07888],[89.25629,26.07661],[89.25475,26.07421],[89.25573,26.07299],[89.25604,26.07003],[89.25491,26.06855],[89.25441,26.06412],[89.25944,26.06222],[89.26434,26.06182],[89.26705,26.0608],[89.26916,26.06083],[89.2705,26.0619],[89.2725,26.06065],[89.27385,26.06172],[89.27525,26.0611],[89.27594,26.06396],[89.2783,26.06648],[89.28105,26.06562],[89.28254,26.06414],[89.28105,26.06191],[89.28167,26.05773],[89.28086,26.05411],[89.2801,26.05423],[89.27904,26.05068],[89.27686,26.05139],[89.27576,26.04908],[89.27858,26.04855],[89.2871,26.0484],[89.28926,26.04815],[89.28919,26.04674],[89.29664,26.04534],[89.29787,26.04945],[89.2994,26.05036],[89.3005,26.04884],[89.29999,26.04759],[89.30289,26.04742],[89.30378,26.04558],[89.30746,26.04528],[89.30907,26.04393],[89.30887,26.0426],[89.31172,26.04043],[89.31456,26.03895],[89.31542,26.03735],[89.3213,26.03837],[89.32419,26.03683],[89.32567,26.0346],[89.32784,26.03303],[89.32951,26.03025],[89.3289,26.02825],[89.33043,26.02714],[89.33138,26.02945],[89.33325,26.02837],[89.33312,26.02687],[89.33862,26.02391],[89.33651,26.02355],[89.33512,26.02247],[89.33713,26.01972],[89.33746,26.01789],[89.33889,26.01758],[89.34009,26.01526],[89.34554,26.01442],[89.34661,26.0133],[89.35145,26.01001],[89.35256,26.01141],[89.35446,26.01162],[89.3542,26.009],[89.35715,26.00791],[89.3593,26.0092],[89.36461,26.00821],[89.3664,26.00915],[89.37048,26.00882],[89.37189,26.0097],[89.37248,26.01183],[89.37517,26.00988],[89.38266,26.01079],[89.38407,26.0098],[89.38627,26.01006],[89.39123,26.00943],[89.39348,26.00851],[89.39376,26.01194],[89.393,26.01592],[89.39114,26.01671],[89.39185,26.01834],[89.39034,26.0196],[89.39086,26.02292],[89.39298,26.02268],[89.39556,26.0238],[89.3973,26.0253],[89.40105,26.02621],[89.40321,26.02755],[89.40452,26.03115],[89.4066,26.03151],[89.40667,26.03295],[89.40494,26.03328],[89.40511,26.03471],[89.40654,26.0358],[89.40645,26.038],[89.40742,26.04151],[89.41056,26.04069],[89.41897,26.04189],[89.42131,26.04357],[89.42445,26.04418],[89.42896,26.04297],[89.4328,26.0375],[89.43281,26.03346],[89.43351,26.03045],[89.42769,26.02033],[89.4274,26.01761],[89.42794,26.01508],[89.42748,26.01315],[89.43082,26.01112],[89.43639,26.00938],[89.44525,26.00844],[89.44716,26.00796],[89.45199,26.00533],[89.45774,26.00079],[89.46165,25.99837],[89.46378,25.99798],[89.47163,25.99778],[89.47642,25.998],[89.48035,25.99607],[89.48409,25.99926],[89.48711,26.00027],[89.48832,26.00271],[89.49052,26.00426],[89.49128,26.00596],[89.49424,26.00398],[89.49764,26.00336],[89.4995,26.00349],[89.50426,26.00208],[89.50894,26.00184],[89.5115,26.00331],[89.51284,26.006],[89.51483,26.00738],[89.51924,26.00874],[89.52121,26.00856],[89.52207,26.00516],[89.5243,26.00657],[89.52612,26.00474],[89.52983,26.00574],[89.53048,26.00477],[89.53401,26.00294],[89.53662,26.00282],[89.53937,26.00372],[89.53942,26.00537],[89.53678,26.00407],[89.53496,26.005],[89.5353,26.00608],[89.5409,26.0059],[89.54238,26.00433],[89.54296,26.0026],[89.54481,26.00259],[89.54492,26.00042],[89.54822,26.00061],[89.54804,25.998],[89.54585,25.99796],[89.54519,25.99702],[89.54291,25.99699],[89.54228,25.99547],[89.53844,25.99477],[89.53735,25.99167],[89.53562,25.99033],[89.53624,25.98864],[89.53608,25.98559],[89.53678,25.98496],[89.54158,25.98334],[89.54045,25.98146],[89.54034,25.97961],[89.53857,25.97692],[89.53825,25.97319],[89.54036,25.96998],[89.54496,25.96798],[89.54792,25.96783],[89.55005,25.96618],[89.5549,25.96529],[89.5577,25.96536],[89.55782,25.96988],[89.56053,25.97041],[89.56371,25.97369],[89.56298,25.97572],[89.56385,25.97876],[89.56597,25.98034],[89.5684,25.97912],[89.5685,25.97677],[89.56747,25.9732],[89.56741,25.97039],[89.56891,25.96776],[89.57076,25.96769],[89.57623,25.96852],[89.57787,25.96928],[89.5776,25.97062],[89.57857,25.97254],[89.57645,25.97719],[89.57363,25.97786],[89.57415,25.98027],[89.57613,25.98141],[89.57688,25.97817],[89.57858,25.97885],[89.58196,25.97918],[89.58394,25.97818],[89.58672,25.98031],[89.58644,25.98196],[89.58514,25.98281],[89.5854,25.98502],[89.5832,25.99019],[89.58564,25.99226],[89.5861,25.99587],[89.5842,25.99879],[89.5834,26.00184],[89.58156,26.00334],[89.58088,26.00681],[89.57875,26.00678],[89.58004,26.00911],[89.58123,26.0095],[89.58085,26.01402],[89.57936,26.01656],[89.57872,26.02626],[89.58159,26.02574],[89.58361,26.02432],[89.58552,26.02735],[89.58323,26.0302],[89.58394,26.0336],[89.58663,26.03494],[89.58741,26.03623],[89.58688,26.03831],[89.58851,26.03907],[89.59039,26.03822],[89.5915,26.03556],[89.59509,26.0352],[89.59778,26.03799],[89.59776,26.04018],[89.59663,26.0414],[89.59374,26.04117],[89.59359,26.04335],[89.59527,26.04482],[89.59824,26.04435],[89.59995,26.04469],[89.60374,26.04853],[89.61073,26.05063],[89.61339,26.05383],[89.61332,26.05618],[89.61167,26.05782],[89.60793,26.05768],[89.60512,26.06083],[89.6051,26.06333],[89.60739,26.06492],[89.60925,26.06369],[89.60974,26.06079],[89.61194,26.05929],[89.61531,26.05948],[89.61797,26.05899],[89.6161,26.05659],[89.61667,26.055],[89.6182,26.05372],[89.62147,26.05355],[89.62489,26.05711],[89.62791,26.05767],[89.62856,26.06166],[89.63177,26.06291],[89.63567,26.06071],[89.64419,26.06306],[89.64908,26.06136],[89.6499,26.06248],[89.64952,26.06679],[89.64729,26.06941],[89.64081,26.07368],[89.63735,26.07477],[89.6334,26.08139],[89.63394,26.08415],[89.63643,26.08685],[89.63663,26.0887],[89.63926,26.09107],[89.63492,26.09278],[89.63358,26.09388],[89.63219,26.09677],[89.63622,26.09937],[89.63245,26.10173],[89.63032,26.10676],[89.62775,26.1081],[89.62529,26.10828],[89.62348,26.10687],[89.62363,26.10362],[89.62233,26.10096],[89.6198,26.10056],[89.61881,26.10231],[89.61619,26.10414],[89.61372,26.10338],[89.61369,26.10078],[89.61581,26.09862],[89.61729,26.09469],[89.61471,26.09449],[89.61281,26.09606],[89.60969,26.09557],[89.60892,26.09351],[89.61021,26.09136],[89.60944,26.08873],[89.60739,26.08918],[89.60618,26.09302],[89.60426,26.09472],[89.59743,26.0974],[89.59623,26.09852],[89.59388,26.10216],[89.59448,26.10357],[89.5969,26.10435],[89.59964,26.10325],[89.60033,26.10412],[89.60076,26.10751],[89.59796,26.11037],[89.59843,26.11288],[89.60072,26.1119],[89.6031,26.11165],[89.60304,26.10923],[89.60449,26.10901],[89.60563,26.10633],[89.60903,26.10834],[89.61113,26.10846],[89.61413,26.10678],[89.61717,26.10723],[89.62146,26.11099],[89.6275,26.11399],[89.62956,26.11627],[89.63033,26.11811],[89.62928,26.12165],[89.62962,26.12367],[89.62817,26.1271],[89.62638,26.12843],[89.62386,26.12785],[89.62243,26.1258],[89.62189,26.12177],[89.62041,26.11967],[89.61716,26.12043],[89.6154,26.12349],[89.61359,26.12534],[89.61352,26.12737],[89.611,26.12698],[89.60858,26.12302],[89.60887,26.12024],[89.60792,26.11872],[89.60558,26.1171],[89.60424,26.11745],[89.60234,26.1216],[89.60389,26.12386],[89.60599,26.12237],[89.60706,26.12329],[89.60686,26.12558],[89.60525,26.12806],[89.60163,26.12885],[89.60024,26.13083],[89.59813,26.13229],[89.59799,26.13404],[89.59655,26.13519],[89.59831,26.13726],[89.59823,26.13899],[89.5956,26.13989],[89.59685,26.14234],[89.59818,26.14637],[89.5968,26.14939],[89.59793,26.15132],[89.59792,26.15413],[89.59608,26.15634],[89.59465,26.15617],[89.59128,26.15689],[89.59163,26.15787],[89.59509,26.16051],[89.59744,26.16101],[89.60012,26.16056],[89.60127,26.15776],[89.60458,26.15612],[89.60437,26.15852],[89.6066,26.15796],[89.60805,26.15835],[89.60729,26.15404],[89.60997,26.15434],[89.61128,26.15772],[89.60921,26.15737],[89.60821,26.15878],[89.61012,26.15955],[89.61015,26.16184],[89.6135,26.16203],[89.61415,26.16441],[89.61364,26.16602],[89.61888,26.16684],[89.61807,26.16913],[89.61303,26.16757],[89.61123,26.16856],[89.61098,26.17436],[89.61354,26.17445],[89.61249,26.17627],[89.60901,26.17642],[89.60746,26.17914],[89.61283,26.1779],[89.61332,26.17659],[89.61527,26.17643],[89.61483,26.17855],[89.61863,26.1793],[89.62391,26.17913],[89.62327,26.17706],[89.62334,26.17429],[89.62173,26.17342],[89.62204,26.17176],[89.62479,26.17122],[89.62566,26.17627],[89.62771,26.17778],[89.63015,26.17821],[89.63031,26.17953],[89.63216,26.17974],[89.63397,26.17896],[89.6371,26.1788],[89.63737,26.17619],[89.63611,26.17521],[89.63382,26.17498],[89.63216,26.17189],[89.63792,26.17214],[89.63782,26.16854],[89.63968,26.16689],[89.6461,26.16444],[89.64933,26.16443],[89.64937,26.16614],[89.65058,26.16841],[89.65114,26.17082],[89.65363,26.16995],[89.65494,26.17336],[89.65858,26.17617],[89.65764,26.17819],[89.65587,26.1787],[89.65548,26.18141],[89.65055,26.18082],[89.64987,26.17972],[89.64673,26.18159],[89.64373,26.18278],[89.64032,26.18225],[89.63914,26.17861],[89.63724,26.17978],[89.63538,26.17982],[89.62924,26.18201],[89.62781,26.18391],[89.62743,26.18876],[89.63012,26.19013],[89.62853,26.19183],[89.63018,26.19576],[89.6342,26.19558],[89.63605,26.19364],[89.63496,26.19161],[89.63516,26.19018],[89.63793,26.18971],[89.63804,26.18674],[89.64073,26.18642],[89.64504,26.1847],[89.64745,26.18519],[89.64669,26.18765],[89.64765,26.18925],[89.65,26.19021],[89.64842,26.19169],[89.64644,26.19501],[89.64383,26.19521],[89.64216,26.19724],[89.64185,26.19887],[89.63988,26.19926],[89.63956,26.20305],[89.63797,26.20469],[89.6391,26.20605],[89.63826,26.21044],[89.63573,26.20964],[89.63266,26.20989],[89.63412,26.21537],[89.63651,26.2176],[89.63402,26.21796],[89.6358,26.22351],[89.63476,26.22538],[89.63444,26.22941],[89.63778,26.22909],[89.6402,26.22577],[89.64343,26.22599],[89.64567,26.22558],[89.64717,26.22366],[89.65046,26.22098],[89.65509,26.22044],[89.65557,26.21908],[89.65869,26.21951],[89.662,26.21922],[89.66482,26.22112],[89.6719,26.21985],[89.67255,26.22107],[89.67149,26.22308],[89.67221,26.22891],[89.6734,26.2316],[89.67734,26.23387],[89.67871,26.23821],[89.67985,26.23715],[89.67989,26.23408],[89.68176,26.22777],[89.68424,26.22768],[89.68588,26.23073],[89.6867,26.22851],[89.68574,26.22654],[89.68626,26.22561],[89.68381,26.22429],[89.68485,26.22254],[89.68825,26.22294],[89.68942,26.22128],[89.68692,26.21987],[89.68428,26.2201],[89.68162,26.2212],[89.68041,26.22372],[89.67903,26.22409],[89.6786,26.21989],[89.67945,26.21464],[89.68049,26.21302],[89.68512,26.20863],[89.68978,26.21289],[89.6915,26.21167],[89.68726,26.20978],[89.68566,26.20687],[89.68105,26.21007],[89.6784,26.21016],[89.675,26.20841],[89.67483,26.20688],[89.67352,26.20568],[89.67347,26.20143],[89.67485,26.19901],[89.67813,26.19753],[89.68112,26.19753],[89.68303,26.19926],[89.68635,26.19822],[89.68363,26.19623],[89.6823,26.19392],[89.68217,26.19242],[89.68604,26.18404],[89.68745,26.18145],[89.69407,26.17551],[89.70005,26.17458],[89.70206,26.17398],[89.70123,26.17222],[89.6979,26.16991],[89.69352,26.16919],[89.68869,26.17015],[89.6842,26.16962],[89.68107,26.16613],[89.6813,26.16362],[89.68452,26.16181],[89.68932,26.16114],[89.69486,26.1596],[89.69716,26.15853],[89.70018,26.1555],[89.70138,26.15175],[89.70316,26.15207],[89.70833,26.15445],[89.70997,26.15622],[89.71093,26.16051],[89.71083,26.16383],[89.71281,26.16807],[89.71527,26.16876],[89.71674,26.16824],[89.71698,26.16536],[89.72184,26.16747],[89.72761,26.16735],[89.72886,26.16794],[89.72883,26.17003],[89.72748,26.17196],[89.72814,26.17351],[89.73012,26.17428],[89.73233,26.17297],[89.73523,26.17249],[89.73438,26.17532],[89.73293,26.17753],[89.73089,26.17797],[89.72235,26.17771],[89.71365,26.17266],[89.70924,26.17281],[89.70855,26.17465],[89.70354,26.17805],[89.70328,26.18299],[89.70102,26.18764],[89.69912,26.18993],[89.69916,26.19133],[89.70244,26.18913],[89.70478,26.18808],[89.70921,26.18715],[89.71307,26.18772],[89.7188,26.192],[89.72037,26.1956],[89.71919,26.19945],[89.71781,26.20135],[89.7147,26.20264],[89.7116,26.20297],[89.71358,26.20445],[89.71916,26.20662],[89.72272,26.20659],[89.72721,26.20596],[89.73092,26.20839],[89.73323,26.21199],[89.73263,26.21506],[89.73171,26.21616],[89.7257,26.21818],[89.71914,26.21471],[89.71536,26.21394],[89.71287,26.21246],[89.70888,26.21204],[89.70583,26.21273],[89.70382,26.2138],[89.70092,26.21628],[89.70039,26.21845],[89.70119,26.21994],[89.7032,26.21928],[89.70447,26.21719],[89.70907,26.21728],[89.71201,26.21919],[89.71364,26.22212],[89.71364,26.22935],[89.71582,26.23117],[89.72097,26.23257],[89.72417,26.23257],[89.72707,26.23316],[89.73196,26.23708],[89.73183,26.23988],[89.72431,26.24384],[89.7192,26.24566],[89.71788,26.24515],[89.71648,26.24753],[89.71693,26.24989],[89.71819,26.25259],[89.71838,26.25643],[89.71554,26.25835],[89.70766,26.25616],[89.70387,26.25677],[89.70262,26.25786],[89.70242,26.26106],[89.70454,26.26389],[89.70504,26.26822],[89.70585,26.27043],[89.71155,26.27126],[89.71471,26.26994],[89.71446,26.26572],[89.7129,26.26404],[89.71258,26.26191],[89.71468,26.25994],[89.71991,26.25757],[89.72202,26.25746],[89.73153,26.25859],[89.734,26.25941],[89.73557,26.26149],[89.73428,26.26703],[89.73692,26.26809],[89.73854,26.26994],[89.73853,26.27142],[89.735,26.27767],[89.72971,26.28357],[89.72683,26.28498],[89.72413,26.28764],[89.71783,26.29582],[89.71826,26.2998],[89.71906,26.30234],[89.71981,26.30732],[89.72171,26.30902],[89.72371,26.30928],[89.72585,26.30722],[89.72468,26.30463],[89.72269,26.30222],[89.72139,26.29951],[89.72328,26.29665],[89.72737,26.29419],[89.73466,26.29266],[89.73776,26.29276],[89.74241,26.29474],[89.74453,26.2962],[89.74568,26.29581],[89.7471,26.29175],[89.74905,26.29062],[89.75476,26.28823],[89.75688,26.28852],[89.7598,26.2897],[89.76089,26.2921],[89.7585,26.29612],[89.75784,26.29813],[89.75442,26.30164],[89.75409,26.30482],[89.753,26.30727],[89.7513,26.31899],[89.75124,26.32095],[89.75333,26.32267],[89.75535,26.32321],[89.75784,26.32093],[89.75858,26.3186],[89.76031,26.3166],[89.7627,26.31597],[89.76569,26.31695],[89.76909,26.32129],[89.76926,26.32429],[89.77894,26.32673],[89.78107,26.32786],[89.78332,26.33041],[89.78358,26.33513],[89.7816,26.34088],[89.78183,26.34545],[89.78318,26.3514],[89.79002,26.35694],[89.79305,26.35868],[89.80123,26.36102],[89.80482,26.36284],[89.8081,26.36524],[89.81043,26.36821],[89.81349,26.37068],[89.81577,26.37137],[89.82017,26.37072],[89.8218,26.36944],[89.81998,26.36663],[89.81558,26.36435],[89.81331,26.36151],[89.81283,26.3571],[89.81512,26.35403],[89.81518,26.35302],[89.81851,26.35247],[89.82107,26.35138],[89.82276,26.35163],[89.82577,26.35485],[89.82457,26.35684],[89.82197,26.35967],[89.82207,26.36315],[89.82436,26.36513],[89.8259,26.36506],[89.82764,26.36631],[89.82948,26.37078],[89.82717,26.37374],[89.82783,26.37553],[89.82592,26.37763],[89.82802,26.38113],[89.83202,26.38392],[89.83445,26.38418],[89.83602,26.3833],[89.83655,26.38136],[89.84,26.37842],[89.84302,26.37781],[89.84437,26.37866],[89.84417,26.38036],[89.84503,26.3836],[89.84705,26.38525],[89.8524,26.38486],[89.8545,26.38216],[89.85751,26.38307],[89.8589,26.38403],[89.85661,26.3875],[89.85542,26.39087],[89.85634,26.39426],[89.85745,26.39545],[89.85661,26.39701],[89.85457,26.3977],[89.85354,26.39997],[89.85215,26.40056],[89.85101,26.40275],[89.84781,26.40415],[89.8472,26.3989],[89.84328,26.3938],[89.84137,26.39239],[89.8376,26.39098],[89.83516,26.391],[89.83219,26.39182],[89.83031,26.39358],[89.82995,26.397],[89.8309,26.39913],[89.83243,26.40001],[89.83205,26.40243],[89.83302,26.40569],[89.83319,26.40901],[89.83525,26.41202],[89.83458,26.41661],[89.83189,26.41592],[89.8302,26.4178],[89.82985,26.4227],[89.83137,26.42382],[89.8315,26.42598],[89.83278,26.42818],[89.83512,26.43028],[89.83375,26.43131],[89.82281,26.43138],[89.82405,26.43477],[89.82451,26.43913],[89.82506,26.44062],[89.83088,26.43906],[89.83232,26.43918],[89.83349,26.44126],[89.83163,26.44286],[89.83188,26.44565],[89.8298,26.44772],[89.83595,26.44686],[89.84613,26.44607],[89.84752,26.44463],[89.8539,26.44449],[89.85403,26.44751],[89.85078,26.44791],[89.85144,26.4509],[89.85114,26.45235],[89.85286,26.45324],[89.8534,26.45562],[89.85619,26.4555],[89.85813,26.45623],[89.85945,26.45503],[89.86191,26.45474],[89.8632,26.45713],[89.86302,26.46058],[89.86431,26.46373],[89.86371,26.46443],[89.85807,26.46461],[89.85498,26.4672],[89.85107,26.46847],[89.84968,26.4704],[89.84716,26.46935],[89.82582,26.47086],[89.82451,26.46846],[89.82676,26.46804],[89.82738,26.46921],[89.8293,26.46923],[89.82961,26.46748],[89.83156,26.46745],[89.83099,26.46272],[89.82776,26.45939],[89.81842,26.45993],[89.79459,26.46179],[89.78502,26.46186],[89.77274,26.4652],[89.77025,26.46465],[89.7586,26.46469],[89.75352,26.46367],[89.74879,26.46325],[89.74928,26.46011],[89.74833,26.45667],[89.74501,26.45596],[89.74628,26.4511],[89.74777,26.44915],[89.7481,26.44615],[89.74776,26.4408],[89.74716,26.43867],[89.74321,26.43907],[89.74194,26.44008],[89.73958,26.44503],[89.7388,26.4455],[89.73343,26.4425],[89.7284,26.44431],[89.72624,26.44243],[89.72591,26.4375],[89.7243,26.43558],[89.72204,26.43451],[89.71852,26.43378],[89.71494,26.43367],[89.71112,26.43449],[89.71087,26.42729],[89.70714,26.42623],[89.7053,26.42437],[89.70261,26.42405],[89.69923,26.42132],[89.69251,26.42237],[89.69331,26.42679],[89.68916,26.42697],[89.68754,26.42948],[89.6826,26.42942],[89.68203,26.42851],[89.67593,26.42958],[89.67747,26.43303],[89.67776,26.43485],[89.67197,26.43579],[89.6655,26.43648],[89.66416,26.43436],[89.6617,26.43427],[89.66182,26.43591],[89.65963,26.43582],[89.65936,26.43319],[89.6577,26.43171],[89.6616,26.43137],[89.659,26.42966],[89.65639,26.42454],[89.65433,26.42297],[89.65132,26.42336],[89.65107,26.41965],[89.64759,26.41941],[89.64029,26.41846],[89.63753,26.41878],[89.63707,26.41793],[89.63282,26.41773],[89.62858,26.41632],[89.62689,26.41889],[89.62689,26.42017],[89.62427,26.41985],[89.62279,26.41644],[89.62394,26.41337],[89.62714,26.41117],[89.62788,26.40808],[89.62623,26.40713],[89.62621,26.40558],[89.62472,26.39986],[89.61973,26.39988],[89.62075,26.39738],[89.61885,26.39533],[89.61692,26.39646],[89.60706,26.40449],[89.60348,26.40802],[89.60283,26.41028],[89.60044,26.41124],[89.59364,26.41994],[89.59014,26.42354],[89.58511,26.42827],[89.58401,26.42984],[89.57746,26.42633],[89.57274,26.4251],[89.56766,26.42781],[89.56366,26.42794],[89.56382,26.4266],[89.56543,26.42504],[89.5641,26.4235],[89.56586,26.42176],[89.56859,26.42231],[89.56959,26.41902],[89.57185,26.41832],[89.56983,26.41628],[89.56789,26.41323],[89.5663,26.41243],[89.56453,26.4103],[89.56242,26.40976],[89.55706,26.4102],[89.55834,26.41256],[89.55759,26.41506],[89.54965,26.41508],[89.54908,26.41647],[89.54973,26.41879],[89.55571,26.41878],[89.55699,26.41946],[89.55658,26.42254],[89.55238,26.4242],[89.5502,26.42614],[89.55109,26.42706],[89.55515,26.42584],[89.55744,26.42612],[89.55844,26.42752],[89.55883,26.42977],[89.55602,26.43184],[89.55472,26.43109],[89.55223,26.43156],[89.55274,26.43586],[89.55199,26.43911],[89.54915,26.4394],[89.5483,26.44093],[89.54933,26.44479],[89.54701,26.44532],[89.54648,26.44624],[89.54166,26.44472],[89.53863,26.44456],[89.53826,26.44675],[89.54233,26.44836],[89.54396,26.44961],[89.54432,26.45168],[89.53718,26.45378],[89.54051,26.45635],[89.54165,26.45797],[89.54148,26.46063],[89.53819,26.46245],[89.53492,26.46284],[89.53646,26.46494],[89.53753,26.46995],[89.53613,26.47259],[89.53146,26.47064],[89.52917,26.47189],[89.52854,26.47617],[89.52592,26.47685],[89.52492,26.47644],[89.52276,26.47237],[89.52063,26.47155],[89.51852,26.47171],[89.51411,26.4742],[89.51391,26.47636],[89.51228,26.47603],[89.50937,26.47241],[89.50821,26.4726],[89.50431,26.46871],[89.50235,26.47073],[89.50294,26.47157],[89.50192,26.47349],[89.49974,26.4731],[89.49718,26.47158],[89.49473,26.47277],[89.49542,26.47565],[89.49278,26.47771],[89.49587,26.47954],[89.4955,26.48113],[89.49256,26.47996],[89.49033,26.48113],[89.48924,26.48332],[89.48685,26.48304],[89.48395,26.48396],[89.48222,26.48309],[89.47976,26.48446],[89.47916,26.48625],[89.47561,26.4872],[89.47232,26.48751],[89.47136,26.48866],[89.46352,26.48897],[89.45455,26.49053],[89.45372,26.48363],[89.45255,26.48225],[89.45239,26.47685],[89.44969,26.47653],[89.44796,26.47533],[89.44375,26.47593],[89.44366,26.47445],[89.44226,26.47285],[89.44188,26.47085],[89.44002,26.47076],[89.43912,26.46934],[89.43262,26.46951],[89.43069,26.46853],[89.42101,26.46887],[89.41965,26.47082],[89.41626,26.47075],[89.41199,26.47157],[89.40794,26.4697],[89.40393,26.46573],[89.40156,26.4647],[89.39435,26.46431],[89.38817,26.46592],[89.38543,26.46971],[89.38314,26.47067],[89.38213,26.47368],[89.37858,26.47418],[89.37821,26.47631],[89.37614,26.47806],[89.36657,26.48931],[89.36382,26.49163],[89.35905,26.49375],[89.35689,26.49655],[89.35522,26.49654],[89.35114,26.49237],[89.34757,26.48919],[89.34359,26.48686],[89.34173,26.48679],[89.33498,26.48964],[89.32785,26.49393],[89.32576,26.49484],[89.32244,26.48853],[89.31896,26.48528],[89.31541,26.48435],[89.31013,26.48497],[89.30748,26.48179],[89.30476,26.48167],[89.29907,26.48642],[89.2938,26.48794],[89.28755,26.48734],[89.28434,26.48793],[89.28004,26.48613],[89.26772,26.48905],[89.26242,26.48979],[89.24974,26.49102],[89.24469,26.49122],[89.24371,26.49171],[89.24038,26.49629],[89.2369,26.49793],[89.23137,26.5019],[89.22594,26.50317],[89.2234,26.50314],[89.22019,26.50437],[89.2075,26.50625],[89.19481,26.50943],[89.19155,26.51007],[89.19174,26.50637],[89.19051,26.5052],[89.18824,26.50482],[89.18546,26.50176],[89.18218,26.50085],[89.17955,26.50133],[89.17495,26.50361],[89.17408,26.50495],[89.16965,26.50691],[89.16721,26.50907],[89.1647,26.50982],[89.16206,26.51166],[89.15864,26.51208],[89.158,26.5139],[89.15379,26.51504],[89.15109,26.51676],[89.14733,26.51835],[89.14581,26.51771],[89.14094,26.5182],[89.138,26.5191],[89.1325,26.51924],[89.13063,26.52077],[89.12628,26.52127]]]]},"properties":{"OBJECTID":732,"dtname":"Cooch Behar","stname":"West Bengal","stcode11":"19","dtcode11":"329","year_stat":"2011_c","dist_lgd":308,"state_lgd":19,"SHAPE_Length":958418.5737947763,"SHAPE_Area":4212597232.262068,"remarks":" ","d_pan_code":268,"d_pan_name":"Coochbehar","New_Name":"Cooch Behar","mached":"-1"},"id":732}
]}